latitude,longtitude,depth,temperature,time,timestamp,longitude,water_level,nearest_tide_timestamp,tide_correction
44.16166666666666,8.334806666666667,0.978,0.0,1782049944000,2026-06-21 13:52:24,8.334806666666667,0.07097488584474886,2026-06-21 13:50:00,1.0489748858447487
44.16167666666667,8.334821666666667,0.76,0.0,1782049945000,2026-06-21 13:52:25,8.334821666666667,0.0709497716894977,2026-06-21 13:50:00,0.8309497716894977
44.16169333333334,8.334855000000001,0.957,0.0,1782049947000,2026-06-21 13:52:27,8.334855000000001,0.07092465753424657,2026-06-21 13:50:00,1.0279246575342464
44.16170166666667,8.334858333333333,0.978,0.0,1782049948000,2026-06-21 13:52:28,8.334858333333333,0.07089954337899543,2026-06-21 13:50:00,1.0488995433789954
44.16171166666666,8.334858333333333,0.937,0.0,1782049949000,2026-06-21 13:52:29,8.334858333333333,0.07087442922374429,2026-06-21 13:50:00,1.0078744292237443
44.16170999999999,8.334856666666667,0.937,0.0,1782049950000,2026-06-21 13:52:30,8.334856666666667,0.07084931506849314,2026-06-21 13:50:00,1.0078493150684933
44.16175333333334,8.334936666666666,0.739,0.0,1782049953000,2026-06-21 13:52:33,8.334936666666666,0.070824200913242,2026-06-21 13:50:00,0.809824200913242
44.16175166666667,8.334931666666668,0.874,0.0,1782049954000,2026-06-21 13:52:34,8.334931666666668,0.07079908675799086,2026-06-21 13:50:00,0.9447990867579908
44.16175333333334,8.334923333333334,0.999,0.0,1782049955000,2026-06-21 13:52:35,8.334923333333334,0.07077397260273972,2026-06-21 13:50:00,1.0697739726027398
44.16175833333333,8.334916666666667,1.124,0.0,1782049956000,2026-06-21 13:52:36,8.334916666666667,0.07074885844748857,2026-06-21 13:50:00,1.1947488584474888
44.161765,8.334911666666667,1.041,0.0,1782049957000,2026-06-21 13:52:37,8.334911666666667,0.07072374429223743,2026-06-21 13:50:00,1.1117237442922374
44.16176833333334,8.334908333333335,1.207,0.0,1782049958000,2026-06-21 13:52:38,8.334908333333335,0.0706986301369863,2026-06-21 13:50:00,1.2776986301369864
44.161773333333336,8.334906666666665,1.134,0.0,1782049959000,2026-06-21 13:52:39,8.334906666666665,0.07067351598173516,2026-06-21 13:50:00,1.204673515981735
44.161775000000006,8.334906666666665,0.957,0.0,1782049960000,2026-06-21 13:52:40,8.334906666666665,0.070648401826484,2026-06-21 13:50:00,1.027648401826484
44.16177,8.33491,1.186,0.0,1782049961000,2026-06-21 13:52:41,8.33491,0.07062328767123287,2026-06-21 13:50:00,1.2566232876712329
44.16176666666667,8.33491,0.978,0.0,1782049962000,2026-06-21 13:52:42,8.33491,0.07059817351598173,2026-06-21 13:50:00,1.0485981735159817
44.16176666666667,8.33491,0.822,0.0,1782049963000,2026-06-21 13:52:43,8.33491,0.07057305936073059,2026-06-21 13:50:00,0.8925730593607305
44.16177,8.334913333333333,0.749,0.0,1782049964000,2026-06-21 13:52:44,8.334913333333333,0.07054794520547944,2026-06-21 13:50:00,0.8195479452054795
44.16176833333334,8.334913333333333,0.801,0.0,1782049965000,2026-06-21 13:52:45,8.334913333333333,0.0705228310502283,2026-06-21 13:50:00,0.8715228310502283
44.161765,8.334913333333333,0.708,0.0,1782049966000,2026-06-21 13:52:46,8.334913333333333,0.07049771689497716,2026-06-21 13:50:00,0.7784977168949772
44.161765,8.334916666666667,0.781,0.0,1782049967000,2026-06-21 13:52:47,8.334916666666667,0.07047260273972603,2026-06-21 13:50:00,0.851472602739726
44.161763333333326,8.334921666666666,0.656,0.0,1782049968000,2026-06-21 13:52:48,8.334921666666666,0.07044748858447487,2026-06-21 13:50:00,0.7264474885844749
44.16176166666667,8.334925,0.822,0.0,1782049969000,2026-06-21 13:52:49,8.334925,0.07042237442922374,2026-06-21 13:50:00,0.8924223744292237
44.16175833333333,8.334925,0.801,0.0,1782049970000,2026-06-21 13:52:50,8.334925,0.0703972602739726,2026-06-21 13:50:00,0.8713972602739727
44.16175666666666,8.334925,0.781,0.0,1782049971000,2026-06-21 13:52:51,8.334925,0.07037214611872146,2026-06-21 13:50:00,0.8513721461187215
44.16175666666666,8.334925,0.77,0.0,1782049972000,2026-06-21 13:52:52,8.334925,0.07034703196347031,2026-06-21 13:50:00,0.8403470319634703
44.16175499999999,8.334923333333334,0.822,0.0,1782049973000,2026-06-21 13:52:53,8.334923333333334,0.07032191780821917,2026-06-21 13:50:00,0.8923219178082191
44.16175499999999,8.334923333333334,0.895,0.0,1782049974000,2026-06-21 13:52:54,8.334923333333334,0.07029680365296803,2026-06-21 13:50:00,0.9652968036529681
44.16175333333334,8.334925,0.885,0.0,1782049975000,2026-06-21 13:52:55,8.334925,0.0702716894977169,2026-06-21 13:50:00,0.9552716894977169
44.16175333333334,8.334926666666666,0.895,0.0,1782049976000,2026-06-21 13:52:56,8.334926666666666,0.07024657534246574,2026-06-21 13:50:00,0.9652465753424657
44.16175499999999,8.334928333333332,0.822,0.0,1782049977000,2026-06-21 13:52:57,8.334928333333332,0.0702214611872146,2026-06-21 13:50:00,0.8922214611872146
44.16175833333333,8.334928333333332,0.916,0.0,1782049978000,2026-06-21 13:52:58,8.334928333333332,0.07019634703196347,2026-06-21 13:50:00,0.9861963470319635
44.16176166666667,8.334928333333332,0.853,0.0,1782049979000,2026-06-21 13:52:59,8.334928333333332,0.07017123287671233,2026-06-21 13:50:00,0.9231712328767123
44.16176,8.334930000000002,0.957,0.0,1782049980000,2026-06-21 13:53:00,8.334930000000002,0.07014611872146118,2026-06-21 13:50:00,1.0271461187214612
44.161763333333326,8.334931666666668,1.009,0.0,1782049981000,2026-06-21 13:53:01,8.334931666666668,0.07012100456621004,2026-06-21 13:50:00,1.0791210045662099
44.16176166666667,8.334930000000002,1.051,0.0,1782049982000,2026-06-21 13:53:02,8.334930000000002,0.0700958904109589,2026-06-21 13:50:00,1.121095890410959
44.16176166666667,8.334928333333332,0.864,0.0,1782049983000,2026-06-21 13:53:03,8.334928333333332,0.07007077625570776,2026-06-21 13:50:00,0.9340707762557078
44.16175666666666,8.33492,0.791,0.0,1782049984000,2026-06-21 13:53:04,8.33492,0.07004566210045661,2026-06-21 13:50:00,0.8610456621004566
44.16175499999999,8.334918333333333,1.218,0.0,1782049985000,2026-06-21 13:53:05,8.334918333333333,0.07002054794520547,2026-06-21 13:50:00,1.2880205479452054
44.16175499999999,8.334915,0.76,0.0,1782049986000,2026-06-21 13:53:06,8.334915,0.06999543378995433,2026-06-21 13:50:00,0.8299954337899543
44.16175666666666,8.334915,0.937,0.0,1782049987000,2026-06-21 13:53:07,8.334915,0.0699703196347032,2026-06-21 13:50:00,1.0069703196347033
44.16175666666666,8.334915,0.957,0.0,1782049988000,2026-06-21 13:53:08,8.334915,0.06994520547945204,2026-06-21 13:50:00,1.0269452054794521
44.16175,8.334918333333333,0.749,0.0,1782049989000,2026-06-21 13:53:09,8.334918333333333,0.0699200913242009,2026-06-21 13:50:00,0.818920091324201
44.16175,8.334921666666666,0.999,0.0,1782049990000,2026-06-21 13:53:10,8.334921666666666,0.06989497716894977,2026-06-21 13:50:00,1.0688949771689498
44.16175,8.334921666666666,0.864,0.0,1782049991000,2026-06-21 13:53:11,8.334921666666666,0.06986986301369863,2026-06-21 13:50:00,0.9338698630136986
44.16175,8.334923333333334,1.124,0.0,1782049992000,2026-06-21 13:53:12,8.334923333333334,0.06984474885844748,2026-06-21 13:50:00,1.1938447488584476
44.16175,8.334923333333334,1.134,0.0,1782049993000,2026-06-21 13:53:13,8.334923333333334,0.06981963470319634,2026-06-21 13:50:00,1.2038196347031962
44.16174666666667,8.334923333333334,1.259,0.0,1782049994000,2026-06-21 13:53:14,8.334923333333334,0.0697945205479452,2026-06-21 13:50:00,1.328794520547945
44.161745,8.334923333333334,1.166,0.0,1782049995000,2026-06-21 13:53:15,8.334923333333334,0.06976940639269406,2026-06-21 13:50:00,1.235769406392694
44.16174,8.33492,1.238,0.0,1782049996000,2026-06-21 13:53:16,8.33492,0.06974429223744291,2026-06-21 13:50:00,1.307744292237443
44.16174166666666,8.334918333333333,1.197,0.0,1782049997000,2026-06-21 13:53:17,8.334918333333333,0.06971917808219177,2026-06-21 13:50:00,1.2667191780821918
44.161745,8.334918333333333,1.207,0.0,1782049998000,2026-06-21 13:53:18,8.334918333333333,0.06969406392694064,2026-06-21 13:50:00,1.2766940639269406
44.16174166666666,8.334918333333333,1.145,0.0,1782049999000,2026-06-21 13:53:19,8.334918333333333,0.0696689497716895,2026-06-21 13:50:00,1.2146689497716896
44.16174166666666,8.334918333333333,1.228,0.0,1782050000000,2026-06-21 13:53:20,8.334918333333333,0.06964383561643835,2026-06-21 13:50:00,1.2976438356164384
44.16174333333333,8.334916666666667,1.114,0.0,1782050001000,2026-06-21 13:53:21,8.334916666666667,0.06961872146118721,2026-06-21 13:50:00,1.1836187214611873
44.16174333333333,8.334918333333333,1.114,0.0,1782050002000,2026-06-21 13:53:22,8.334918333333333,0.06959360730593607,2026-06-21 13:50:00,1.183593607305936
44.16174333333333,8.33492,0.957,0.0,1782050003000,2026-06-21 13:53:23,8.33492,0.06956849315068493,2026-06-21 13:50:00,1.0265684931506849
44.16174166666666,8.33492,1.02,0.0,1782050004000,2026-06-21 13:53:24,8.33492,0.06954337899543378,2026-06-21 13:50:00,1.0895433789954339
44.16174166666666,8.33492,0.905,0.0,1782050005000,2026-06-21 13:53:25,8.33492,0.06951826484018264,2026-06-21 13:50:00,0.9745182648401827
44.16174333333333,8.33492,0.978,0.0,1782050006000,2026-06-21 13:53:26,8.33492,0.0694931506849315,2026-06-21 13:50:00,1.0474931506849314
44.16174333333333,8.334918333333333,0.937,0.0,1782050007000,2026-06-21 13:53:27,8.334918333333333,0.06946803652968037,2026-06-21 13:50:00,1.0064680365296805
44.16174166666666,8.334918333333333,1.145,0.0,1782050008000,2026-06-21 13:53:28,8.334918333333333,0.06944292237442921,2026-06-21 13:50:00,1.2144429223744293
44.16174166666666,8.334916666666667,0.926,0.0,1782050009000,2026-06-21 13:53:29,8.334916666666667,0.06941780821917808,2026-06-21 13:50:00,0.9954178082191781
44.16174166666666,8.334916666666667,1.072,0.0,1782050010000,2026-06-21 13:53:30,8.334916666666667,0.06939269406392694,2026-06-21 13:50:00,1.141392694063927
44.16174333333333,8.334918333333333,0.916,0.0,1782050011000,2026-06-21 13:53:31,8.334918333333333,0.0693675799086758,2026-06-21 13:50:00,0.9853675799086759
44.16174166666666,8.334921666666666,0.999,0.0,1782050012000,2026-06-21 13:53:32,8.334921666666666,0.06934246575342465,2026-06-21 13:50:00,1.0683424657534246
44.16173833333334,8.334925,0.864,0.0,1782050013000,2026-06-21 13:53:33,8.334925,0.06931735159817351,2026-06-21 13:50:00,0.9333173515981735
44.16173333333333,8.334925,1.103,0.0,1782050014000,2026-06-21 13:53:34,8.334925,0.06929223744292237,2026-06-21 13:50:00,1.1722922374429223
44.16173166666668,8.334925,0.989,0.0,1782050015000,2026-06-21 13:53:35,8.334925,0.06926712328767123,2026-06-21 13:50:00,1.0582671232876713
44.16173333333333,8.334925,1.124,0.0,1782050016000,2026-06-21 13:53:36,8.334925,0.06924200913242008,2026-06-21 13:50:00,1.1932420091324203
44.161735,8.334928333333332,0.989,0.0,1782050017000,2026-06-21 13:53:37,8.334928333333332,0.06921689497716894,2026-06-21 13:50:00,1.0582168949771689
44.16173666666667,8.334930000000002,1.02,0.0,1782050018000,2026-06-21 13:53:38,8.334930000000002,0.0691917808219178,2026-06-21 13:50:00,1.0891917808219178
44.161735,8.334928333333332,0.885,0.0,1782050019000,2026-06-21 13:53:39,8.334928333333332,0.06916666666666665,2026-06-21 13:50:00,0.9541666666666666
44.16173166666668,8.334926666666666,0.874,0.0,1782050020000,2026-06-21 13:53:40,8.334926666666666,0.06914155251141552,2026-06-21 13:50:00,0.9431415525114155
44.161735,8.334930000000002,0.937,0.0,1782050021000,2026-06-21 13:53:41,8.334930000000002,0.06911643835616438,2026-06-21 13:50:00,1.0061164383561645
44.16173333333333,8.334926666666666,0.926,0.0,1782050022000,2026-06-21 13:53:42,8.334926666666666,0.06909132420091324,2026-06-21 13:50:00,0.9950913242009133
44.16173333333333,8.334926666666666,0.947,0.0,1782050023000,2026-06-21 13:53:43,8.334926666666666,0.06906621004566209,2026-06-21 13:50:00,1.016066210045662
44.16173333333333,8.334925,0.957,0.0,1782050024000,2026-06-21 13:53:44,8.334925,0.06904109589041095,2026-06-21 13:50:00,1.026041095890411
44.16173166666668,8.334923333333334,0.905,0.0,1782050025000,2026-06-21 13:53:45,8.334923333333334,0.06901598173515981,2026-06-21 13:50:00,0.9740159817351598
44.161728333333336,8.334923333333334,0.905,0.0,1782050026000,2026-06-21 13:53:46,8.334923333333334,0.06899086757990867,2026-06-21 13:50:00,0.9739908675799087
44.161725,8.334921666666666,0.885,0.0,1782050027000,2026-06-21 13:53:47,8.334921666666666,0.06896575342465752,2026-06-21 13:50:00,0.9539657534246575
44.16172333333334,8.33492,1.145,0.0,1782050028000,2026-06-21 13:53:48,8.33492,0.06894063926940638,2026-06-21 13:50:00,1.2139406392694063
44.16172166666667,8.334916666666667,1.176,0.0,1782050029000,2026-06-21 13:53:49,8.334916666666667,0.06891552511415525,2026-06-21 13:50:00,1.2449155251141553
44.161718333333326,8.334913333333333,1.114,0.0,1782050030000,2026-06-21 13:53:50,8.334913333333333,0.06889041095890411,2026-06-21 13:50:00,1.1828904109589042
44.16172,8.334911666666667,1.093,0.0,1782050031000,2026-06-21 13:53:51,8.334911666666667,0.06886529680365296,2026-06-21 13:50:00,1.161865296803653
44.16172166666667,8.33491,0.916,0.0,1782050032000,2026-06-21 13:53:52,8.33491,0.06884018264840182,2026-06-21 13:50:00,0.9848401826484019
44.16172333333334,8.334906666666665,0.937,0.0,1782050033000,2026-06-21 13:53:53,8.334906666666665,0.06881506849315068,2026-06-21 13:50:00,1.0058150684931508
44.16172666666667,8.334905,0.978,0.0,1782050034000,2026-06-21 13:53:54,8.334905,0.06878995433789954,2026-06-21 13:50:00,1.0467899543378996
44.16172666666667,8.334903333333333,0.853,0.0,1782050035000,2026-06-21 13:53:55,8.334903333333333,0.06876484018264839,2026-06-21 13:50:00,0.9217648401826484
44.161728333333336,8.334903333333333,0.822,0.0,1782050036000,2026-06-21 13:53:56,8.334903333333333,0.06873972602739725,2026-06-21 13:50:00,0.8907397260273973
44.16172666666667,8.334905,0.739,0.0,1782050037000,2026-06-21 13:53:57,8.334905,0.06871461187214611,2026-06-21 13:50:00,0.8077146118721461
44.161725,8.334903333333333,0.781,0.0,1782050038000,2026-06-21 13:53:58,8.334903333333333,0.06868949771689498,2026-06-21 13:50:00,0.849689497716895
44.161725,8.334901666666667,0.77,0.0,1782050039000,2026-06-21 13:53:59,8.334901666666667,0.06866438356164382,2026-06-21 13:50:00,0.8386643835616439
44.16172333333334,8.334903333333333,0.531,0.0,1782050040000,2026-06-21 13:54:00,8.334903333333333,0.06863926940639269,2026-06-21 13:50:00,0.5996392694063927
44.161725,8.334901666666667,0.552,0.0,1782050041000,2026-06-21 13:54:01,8.334901666666667,0.06861415525114155,2026-06-21 13:50:00,0.6206141552511416
44.16172666666667,8.334900000000001,0.676,0.0,1782050042000,2026-06-21 13:54:02,8.334900000000001,0.06858904109589041,2026-06-21 13:50:00,0.7445890410958904
44.161728333333336,8.334898333333333,0.562,0.0,1782050043000,2026-06-21 13:54:03,8.334898333333333,0.06856392694063926,2026-06-21 13:50:00,0.6305639269406393
44.161728333333336,8.334898333333333,0.302,0.0,1782050044000,2026-06-21 13:54:04,8.334898333333333,0.06853881278538812,2026-06-21 13:50:00,0.37053881278538814
44.16168666666668,8.334955,0.239,0.0,1782050052000,2026-06-21 13:54:12,8.334955,0.06851369863013698,2026-06-21 13:50:00,0.307513698630137
44.161715,8.334945000000001,0.343,0.0,1782050054000,2026-06-21 13:54:14,8.334945000000001,0.06848858447488584,2026-06-21 13:50:00,0.4114885844748859
44.161718333333326,8.334945000000001,0.281,0.0,1782050055000,2026-06-21 13:54:15,8.334945000000001,0.06846347031963469,2026-06-21 13:50:00,0.3494634703196347
44.16173333333333,8.334945000000001,0.635,0.0,1782050056000,2026-06-21 13:54:16,8.334945000000001,0.06843835616438355,2026-06-21 13:50:00,0.7034383561643835
44.16173166666668,8.334943333333333,0.395,0.0,1782050057000,2026-06-21 13:54:17,8.334943333333333,0.06841324200913242,2026-06-21 13:50:00,0.4634132420091324
44.16174833333333,8.334941666666667,0.604,0.0,1782050058000,2026-06-21 13:54:18,8.334941666666667,0.06838812785388128,2026-06-21 13:50:00,0.6723881278538812
44.16175333333334,8.334938333333334,0.697,0.0,1782050059000,2026-06-21 13:54:19,8.334938333333334,0.06836301369863013,2026-06-21 13:50:00,0.76536301369863
44.16175,8.33494,1.062,0.0,1782050060000,2026-06-21 13:54:20,8.33494,0.06833789954337899,2026-06-21 13:50:00,1.130337899543379
44.16174666666667,8.33494,0.937,0.0,1782050061000,2026-06-21 13:54:21,8.33494,0.06831278538812785,2026-06-21 13:50:00,1.0053127853881278
44.16174333333333,8.33494,0.926,0.0,1782050062000,2026-06-21 13:54:22,8.33494,0.06828767123287671,2026-06-21 13:50:00,0.9942876712328768
44.16175166666667,8.334941666666667,0.781,0.0,1782050063000,2026-06-21 13:54:23,8.334941666666667,0.06826255707762556,2026-06-21 13:50:00,0.8492625570776255
44.16175166666667,8.334938333333334,0.708,0.0,1782050064000,2026-06-21 13:54:24,8.334938333333334,0.06823744292237442,2026-06-21 13:50:00,0.7762374429223744
44.16175166666667,8.334941666666667,0.291,0.0,1782050065000,2026-06-21 13:54:25,8.334941666666667,0.06821232876712328,2026-06-21 13:50:00,0.3592123287671233
44.16175333333334,8.33494,0.26,0.0,1782050066000,2026-06-21 13:54:26,8.33494,0.06818721461187215,2026-06-21 13:50:00,0.32818721461187217
44.16175666666666,8.33494,0.375,0.0,1782050067000,2026-06-21 13:54:27,8.33494,0.068162100456621,2026-06-21 13:50:00,0.44316210045662097
44.16175166666667,8.334945000000001,0.135,0.0,1782050069000,2026-06-21 13:54:29,8.334945000000001,0.06813698630136986,2026-06-21 13:50:00,0.20313698630136987
44.16175166666667,8.334943333333333,0.156,0.0,1782050070000,2026-06-21 13:54:30,8.334943333333333,0.06811187214611872,2026-06-21 13:50:00,0.22411187214611872
44.16175166666667,8.334943333333333,0.333,0.0,1782050071000,2026-06-21 13:54:31,8.334943333333333,0.06808675799086758,2026-06-21 13:50:00,0.40108675799086757
44.16175,8.334948333333333,0.177,0.0,1782050072000,2026-06-21 13:54:32,8.334948333333333,0.06806164383561643,2026-06-21 13:50:00,0.2450616438356164
44.16175,8.334946666666667,0.291,0.0,1782050073000,2026-06-21 13:54:33,8.334946666666667,0.06803652968036529,2026-06-21 13:50:00,0.35903652968036526
44.16174833333333,8.334948333333333,0.583,0.0,1782050074000,2026-06-21 13:54:34,8.334948333333333,0.06801141552511415,2026-06-21 13:50:00,0.6510114155251141
44.16175833333333,8.33495,0.343,0.0,1782050075000,2026-06-21 13:54:35,8.33495,0.06798630136986301,2026-06-21 13:50:00,0.410986301369863
44.16175666666666,8.33495,0.239,0.0,1782050076000,2026-06-21 13:54:36,8.33495,0.06796118721461186,2026-06-21 13:50:00,0.30696118721461185
44.16174333333333,8.334946666666667,0.26,0.0,1782050084000,2026-06-21 13:54:44,8.334946666666667,0.06793607305936072,2026-06-21 13:50:00,0.32793607305936073
44.16174833333333,8.334946666666667,0.281,0.0,1782050085000,2026-06-21 13:54:45,8.334946666666667,0.06791095890410959,2026-06-21 13:50:00,0.3489109589041096
44.161745,8.334943333333333,0.291,0.0,1782050086000,2026-06-21 13:54:46,8.334943333333333,0.06788584474885845,2026-06-21 13:50:00,0.35888584474885843
44.161745,8.334941666666667,0.604,0.0,1782050087000,2026-06-21 13:54:47,8.334941666666667,0.0678607305936073,2026-06-21 13:50:00,0.6718607305936073
44.161745,8.334938333333334,0.666,0.0,1782050088000,2026-06-21 13:54:48,8.334938333333334,0.06783561643835616,2026-06-21 13:50:00,0.7338356164383562
44.16174333333333,8.334938333333334,0.843,0.0,1782050089000,2026-06-21 13:54:49,8.334938333333334,0.06781050228310502,2026-06-21 13:50:00,0.910810502283105
44.16174333333333,8.334936666666666,0.957,0.0,1782050090000,2026-06-21 13:54:50,8.334936666666666,0.06778538812785388,2026-06-21 13:50:00,1.024785388127854
44.16174333333333,8.334936666666666,0.885,0.0,1782050091000,2026-06-21 13:54:51,8.334936666666666,0.06776027397260273,2026-06-21 13:50:00,0.9527602739726028
44.16174333333333,8.334935,0.957,0.0,1782050092000,2026-06-21 13:54:52,8.334935,0.06773515981735159,2026-06-21 13:50:00,1.0247351598173515
44.16174333333333,8.334936666666666,0.937,0.0,1782050093000,2026-06-21 13:54:53,8.334936666666666,0.06771004566210045,2026-06-21 13:50:00,1.0047100456621005
44.161745,8.334936666666666,0.999,0.0,1782050094000,2026-06-21 13:54:54,8.334936666666666,0.06768493150684932,2026-06-21 13:50:00,1.0666849315068494
44.16174666666667,8.334936666666666,0.614,0.0,1782050095000,2026-06-21 13:54:55,8.334936666666666,0.06765981735159816,2026-06-21 13:50:00,0.6816598173515982
44.16174666666667,8.334936666666666,0.916,0.0,1782050096000,2026-06-21 13:54:56,8.334936666666666,0.06763470319634703,2026-06-21 13:50:00,0.983634703196347
44.161745,8.334935,0.77,0.0,1782050097000,2026-06-21 13:54:57,8.334935,0.06760958904109589,2026-06-21 13:50:00,0.837609589041096
44.16174666666667,8.334933333333334,0.905,0.0,1782050098000,2026-06-21 13:54:58,8.334933333333334,0.06758447488584475,2026-06-21 13:50:00,0.9725844748858448
44.161745,8.334933333333334,0.874,0.0,1782050099000,2026-06-21 13:54:59,8.334933333333334,0.0675593607305936,2026-06-21 13:50:00,0.9415593607305937
44.161745,8.334933333333334,1.009,0.0,1782050100000,2026-06-21 13:55:00,8.334933333333334,0.06753424657534246,2026-06-21 13:50:00,1.0765342465753425
44.16174833333333,8.334931666666668,1.062,0.0,1782050101000,2026-06-21 13:55:01,8.334931666666668,0.06750913242009132,2026-06-21 14:00:00,1.1295091324200914
44.16174666666667,8.334931666666668,0.666,0.0,1782050102000,2026-06-21 13:55:02,8.334931666666668,0.06748401826484018,2026-06-21 14:00:00,0.7334840182648402
44.16174666666667,8.334931666666668,1.072,0.0,1782050103000,2026-06-21 13:55:03,8.334931666666668,0.06745890410958903,2026-06-21 14:00:00,1.139458904109589
44.16174666666667,8.334933333333334,0.853,0.0,1782050104000,2026-06-21 13:55:04,8.334933333333334,0.0674337899543379,2026-06-21 14:00:00,0.9204337899543379
44.16174833333333,8.334931666666668,0.687,0.0,1782050105000,2026-06-21 13:55:05,8.334931666666668,0.06740867579908676,2026-06-21 14:00:00,0.7544086757990868
44.16175,8.334930000000002,0.583,0.0,1782050106000,2026-06-21 13:55:06,8.334930000000002,0.0673835616438356,2026-06-21 14:00:00,0.6503835616438356
44.16175166666667,8.334930000000002,0.833,0.0,1782050107000,2026-06-21 13:55:07,8.334930000000002,0.06735844748858447,2026-06-21 14:00:00,0.9003584474885844
44.16175333333334,8.334930000000002,0.125,0.0,1782050108000,2026-06-21 13:55:08,8.334930000000002,0.06733333333333333,2026-06-21 14:00:00,0.19233333333333333
44.16175333333334,8.334930000000002,0.354,0.0,1782050109000,2026-06-21 13:55:09,8.334930000000002,0.06730821917808219,2026-06-21 14:00:00,0.42130821917808214
44.16175333333334,8.334928333333332,0.219,0.0,1782050110000,2026-06-21 13:55:10,8.334928333333332,0.06728310502283105,2026-06-21 14:00:00,0.28628310502283105
44.16175333333334,8.334928333333332,0.312,0.0,1782050111000,2026-06-21 13:55:11,8.334928333333332,0.0672579908675799,2026-06-21 14:00:00,0.3792579908675799
44.16175,8.334930000000002,0.239,0.0,1782050112000,2026-06-21 13:55:12,8.334930000000002,0.06723287671232876,2026-06-21 14:00:00,0.30623287671232874
44.16174833333333,8.334930000000002,0.229,0.0,1782050113000,2026-06-21 13:55:13,8.334930000000002,0.06720776255707762,2026-06-21 14:00:00,0.29620776255707765
44.16175,8.334930000000002,0.198,0.0,1782050114000,2026-06-21 13:55:14,8.334930000000002,0.06718264840182647,2026-06-21 14:00:00,0.2651826484018265
44.16175,8.334933333333334,0.187,0.0,1782050115000,2026-06-21 13:55:15,8.334933333333334,0.06715753424657533,2026-06-21 14:00:00,0.25415753424657533
44.16174833333333,8.334933333333334,0.156,0.0,1782050116000,2026-06-21 13:55:16,8.334933333333334,0.0671324200913242,2026-06-21 14:00:00,0.2231324200913242
44.16175,8.334933333333334,0.156,0.0,1782050118000,2026-06-21 13:55:18,8.334933333333334,0.06710730593607306,2026-06-21 14:00:00,0.22310730593607306
44.16174666666667,8.334931666666668,0.25,0.0,1782050119000,2026-06-21 13:55:19,8.334931666666668,0.0670821917808219,2026-06-21 14:00:00,0.3170821917808219
44.161745,8.334930000000002,0.5,0.0,1782050120000,2026-06-21 13:55:20,8.334930000000002,0.06705707762557077,2026-06-21 14:00:00,0.5670570776255708
44.16174333333333,8.334930000000002,0.614,0.0,1782050121000,2026-06-21 13:55:21,8.334930000000002,0.06703196347031963,2026-06-21 14:00:00,0.6810319634703196
44.16174333333333,8.334931666666668,0.864,0.0,1782050122000,2026-06-21 13:55:22,8.334931666666668,0.06700684931506849,2026-06-21 14:00:00,0.9310068493150685
44.16174166666666,8.334931666666668,0.874,0.0,1782050123000,2026-06-21 13:55:23,8.334931666666668,0.06698173515981734,2026-06-21 14:00:00,0.9409817351598173
44.16174,8.334933333333334,0.947,0.0,1782050124000,2026-06-21 13:55:24,8.334933333333334,0.0669566210045662,2026-06-21 14:00:00,1.013956621004566
44.16173833333334,8.334935,0.895,0.0,1782050125000,2026-06-21 13:55:25,8.334935,0.06693150684931506,2026-06-21 14:00:00,0.961931506849315
44.16174,8.334936666666666,0.968,0.0,1782050126000,2026-06-21 13:55:26,8.334936666666666,0.06690639269406393,2026-06-21 14:00:00,1.0349063926940638
44.16174,8.334938333333334,0.978,0.0,1782050127000,2026-06-21 13:55:27,8.334938333333334,0.06688127853881277,2026-06-21 14:00:00,1.0448812785388129
44.16173833333334,8.334938333333334,1.082,0.0,1782050128000,2026-06-21 13:55:28,8.334938333333334,0.06685616438356164,2026-06-21 14:00:00,1.1488561643835618
44.16173833333334,8.33494,1.166,0.0,1782050129000,2026-06-21 13:55:29,8.33494,0.0668310502283105,2026-06-21 14:00:00,1.2328310502283104
44.16173833333334,8.33494,1.155,0.0,1782050130000,2026-06-21 13:55:30,8.33494,0.06680593607305936,2026-06-21 14:00:00,1.2218059360730593
44.16173833333334,8.334938333333334,1.238,0.0,1782050131000,2026-06-21 13:55:31,8.334938333333334,0.06678082191780821,2026-06-21 14:00:00,1.304780821917808
44.16173833333334,8.334936666666666,1.218,0.0,1782050132000,2026-06-21 13:55:32,8.334936666666666,0.06675570776255707,2026-06-21 14:00:00,1.284755707762557
44.16173833333334,8.334938333333334,1.124,0.0,1782050133000,2026-06-21 13:55:33,8.334938333333334,0.06673059360730593,2026-06-21 14:00:00,1.190730593607306
44.16173833333334,8.334936666666666,0.957,0.0,1782050134000,2026-06-21 13:55:34,8.334936666666666,0.0667054794520548,2026-06-21 14:00:00,1.0237054794520548
44.16173833333334,8.334933333333334,0.874,0.0,1782050135000,2026-06-21 13:55:35,8.334933333333334,0.06668036529680364,2026-06-21 14:00:00,0.9406803652968037
44.16174166666666,8.334933333333334,0.728,0.0,1782050136000,2026-06-21 13:55:36,8.334933333333334,0.0666552511415525,2026-06-21 14:00:00,0.7946552511415524
44.16174,8.334933333333334,0.77,0.0,1782050137000,2026-06-21 13:55:37,8.334933333333334,0.06663013698630137,2026-06-21 14:00:00,0.8366301369863014
44.16173333333333,8.334931666666668,0.749,0.0,1782050138000,2026-06-21 13:55:38,8.334931666666668,0.06660502283105023,2026-06-21 14:00:00,0.8156050228310502
44.16173166666668,8.334933333333334,0.791,0.0,1782050139000,2026-06-21 13:55:39,8.334933333333334,0.06657990867579908,2026-06-21 14:00:00,0.8575799086757991
44.16172666666667,8.334935,0.853,0.0,1782050140000,2026-06-21 13:55:40,8.334935,0.06655479452054794,2026-06-21 14:00:00,0.9195547945205479
44.16172666666667,8.334938333333334,0.916,0.0,1782050141000,2026-06-21 13:55:41,8.334938333333334,0.0665296803652968,2026-06-21 14:00:00,0.9825296803652969
44.16172333333334,8.334941666666667,1.041,0.0,1782050142000,2026-06-21 13:55:42,8.334941666666667,0.06650456621004566,2026-06-21 14:00:00,1.1075045662100456
44.161725,8.334941666666667,1.166,0.0,1782050143000,2026-06-21 13:55:43,8.334941666666667,0.06647945205479451,2026-06-21 14:00:00,1.2324794520547944
44.161725,8.334941666666667,1.041,0.0,1782050144000,2026-06-21 13:55:44,8.334941666666667,0.06645433789954337,2026-06-21 14:00:00,1.1074543378995434
44.16172666666667,8.334941666666667,1.02,0.0,1782050145000,2026-06-21 13:55:45,8.334941666666667,0.06642922374429223,2026-06-21 14:00:00,1.0864292237442923
44.161728333333336,8.334943333333333,0.999,0.0,1782050146000,2026-06-21 13:55:46,8.334943333333333,0.0664041095890411,2026-06-21 14:00:00,1.0654041095890412
44.161730000000006,8.334943333333333,1.03,0.0,1782050147000,2026-06-21 13:55:47,8.334943333333333,0.06637899543378994,2026-06-21 14:00:00,1.09637899543379
44.16173166666668,8.334945000000001,0.801,0.0,1782050148000,2026-06-21 13:55:48,8.334945000000001,0.0663538812785388,2026-06-21 14:00:00,0.8673538812785389
44.161730000000006,8.334945000000001,0.989,0.0,1782050149000,2026-06-21 13:55:49,8.334945000000001,0.06632876712328767,2026-06-21 14:00:00,1.0553287671232876
44.161728333333336,8.334946666666667,0.885,0.0,1782050150000,2026-06-21 13:55:50,8.334946666666667,0.06630365296803653,2026-06-21 14:00:00,0.9513036529680365
44.16172666666667,8.334948333333333,0.947,0.0,1782050151000,2026-06-21 13:55:51,8.334948333333333,0.06627853881278538,2026-06-21 14:00:00,1.0132785388127854
44.161725,8.334946666666667,1.103,0.0,1782050152000,2026-06-21 13:55:52,8.334946666666667,0.06625342465753424,2026-06-21 14:00:00,1.1692534246575341
44.161725,8.334948333333333,0.999,0.0,1782050153000,2026-06-21 13:55:53,8.334948333333333,0.0662283105022831,2026-06-21 14:00:00,1.065228310502283
44.16172333333334,8.33495,0.916,0.0,1782050154000,2026-06-21 13:55:54,8.33495,0.06620319634703196,2026-06-21 14:00:00,0.982203196347032
44.16172166666667,8.334953333333335,1.03,0.0,1782050155000,2026-06-21 13:55:55,8.334953333333335,0.06617808219178081,2026-06-21 14:00:00,1.0961780821917808
44.16171666666667,8.334955,1.03,0.0,1782050156000,2026-06-21 13:55:56,8.334955,0.06615296803652967,2026-06-21 14:00:00,1.0961529680365296
44.16170833333334,8.334953333333335,0.968,0.0,1782050157000,2026-06-21 13:55:57,8.334953333333335,0.06612785388127854,2026-06-21 14:00:00,1.0341278538812786
44.16170333333333,8.334948333333333,0.614,0.0,1782050158000,2026-06-21 13:55:58,8.334948333333333,0.0661027397260274,2026-06-21 14:00:00,0.6801027397260274
44.16169666666666,8.334945000000001,0.937,0.0,1782050159000,2026-06-21 13:55:59,8.334945000000001,0.06607762557077625,2026-06-21 14:00:00,1.0030776255707763
44.16169333333334,8.334943333333333,1.009,0.0,1782050160000,2026-06-21 13:56:00,8.334943333333333,0.06605251141552511,2026-06-21 14:00:00,1.075052511415525
44.16169,8.334935,1.124,0.0,1782050161000,2026-06-21 13:56:01,8.334935,0.06602739726027397,2026-06-21 14:00:00,1.1900273972602742
44.16168666666668,8.334931666666668,0.656,0.0,1782050162000,2026-06-21 13:56:02,8.334931666666668,0.06600228310502283,2026-06-21 14:00:00,0.7220022831050229
44.161685000000006,8.334928333333332,0.604,0.0,1782050163000,2026-06-21 13:56:03,8.334928333333332,0.06597716894977168,2026-06-21 14:00:00,0.6699771689497717
44.16168166666667,8.334930000000002,0.645,0.0,1782050164000,2026-06-21 13:56:04,8.334930000000002,0.06595205479452054,2026-06-21 14:00:00,0.7109520547945205
44.16167833333334,8.334933333333334,1.384,0.0,1782050165000,2026-06-21 13:56:05,8.334933333333334,0.0659269406392694,2026-06-21 14:00:00,1.4499269406392692
44.161675,8.334936666666666,1.218,0.0,1782050166000,2026-06-21 13:56:06,8.334936666666666,0.06590182648401827,2026-06-21 14:00:00,1.2839018264840183
44.16167166666667,8.334941666666667,1.311,0.0,1782050167000,2026-06-21 13:56:07,8.334941666666667,0.06587671232876711,2026-06-21 14:00:00,1.376876712328767
44.16166666666666,8.334945000000001,1.478,0.0,1782050168000,2026-06-21 13:56:08,8.334945000000001,0.06585159817351598,2026-06-21 14:00:00,1.543851598173516
44.16166333333334,8.334948333333333,1.259,0.0,1782050169000,2026-06-21 13:56:09,8.334948333333333,0.06582648401826484,2026-06-21 14:00:00,1.3248264840182646
44.16166,8.33495,1.655,0.0,1782050170000,2026-06-21 13:56:10,8.33495,0.0658013698630137,2026-06-21 14:00:00,1.7208013698630138
44.161655,8.334953333333335,1.696,0.0,1782050171000,2026-06-21 13:56:11,8.334953333333335,0.06577625570776255,2026-06-21 14:00:00,1.7617762557077625
44.16165166666666,8.334955,1.665,0.0,1782050172000,2026-06-21 13:56:12,8.334955,0.06575114155251141,2026-06-21 14:00:00,1.7307511415525114
44.16164666666667,8.334958333333333,1.894,0.0,1782050173000,2026-06-21 13:56:13,8.334958333333333,0.06572602739726027,2026-06-21 14:00:00,1.95972602739726
44.16164166666668,8.334963333333333,1.852,0.0,1782050174000,2026-06-21 13:56:14,8.334963333333333,0.06570091324200913,2026-06-21 14:00:00,1.9177009132420093
44.161638333333336,8.334966666666666,1.686,0.0,1782050175000,2026-06-21 13:56:15,8.334966666666666,0.06567579908675798,2026-06-21 14:00:00,1.751675799086758
44.16163,8.33497,2.133,0.0,1782050176000,2026-06-21 13:56:16,8.33497,0.06565068493150684,2026-06-21 14:00:00,2.198650684931507
44.16162333333333,8.334974999999998,2.009,0.0,1782050177000,2026-06-21 13:56:17,8.334974999999998,0.0656255707762557,2026-06-21 14:00:00,2.0746255707762558
44.16161833333334,8.33498,2.061,0.0,1782050178000,2026-06-21 13:56:18,8.33498,0.06560045662100455,2026-06-21 14:00:00,2.1266004566210044
44.16161333333333,8.334985,2.154,0.0,1782050179000,2026-06-21 13:56:19,8.334985,0.06557534246575342,2026-06-21 14:00:00,2.2195753424657534
44.16160833333333,8.334988333333333,2.269,0.0,1782050180000,2026-06-21 13:56:20,8.334988333333333,0.06555022831050228,2026-06-21 14:00:00,2.334550228310502
44.16160333333334,8.334991666666667,2.518,0.0,1782050181000,2026-06-21 13:56:21,8.334991666666667,0.06552511415525114,2026-06-21 14:00:00,2.583525114155251
44.16159833333333,8.334995,2.758,0.0,1782050182000,2026-06-21 13:56:22,8.334995,0.0655,2026-06-21 14:00:00,2.8235
44.161591666666666,8.334998333333335,2.831,0.0,1782050183000,2026-06-21 13:56:23,8.334998333333335,0.06547488584474885,2026-06-21 14:00:00,2.8964748858447487
44.16158666666667,8.335,2.893,0.0,1782050184000,2026-06-21 13:56:24,8.335,0.06544977168949771,2026-06-21 14:00:00,2.9584497716894975
44.16158,8.335003333333333,2.966,0.0,1782050185000,2026-06-21 13:56:25,8.335003333333333,0.06542465753424657,2026-06-21 14:00:00,3.031424657534247
44.16157499999999,8.335004999999999,2.987,0.0,1782050186000,2026-06-21 13:56:26,8.335004999999999,0.06539954337899542,2026-06-21 14:00:00,3.0523995433789954
44.16157,8.335008333333333,2.987,0.0,1782050187000,2026-06-21 13:56:27,8.335008333333333,0.06537442922374428,2026-06-21 14:00:00,3.0523744292237445
44.161565,8.33501,2.956,0.0,1782050188000,2026-06-21 13:56:28,8.33501,0.06534931506849315,2026-06-21 14:00:00,3.021349315068493
44.16156,8.335013333333334,2.997,0.0,1782050189000,2026-06-21 13:56:29,8.335013333333334,0.06532420091324201,2026-06-21 14:00:00,3.062324200913242
44.16155333333333,8.335018333333332,3.039,0.0,1782050190000,2026-06-21 13:56:30,8.335018333333332,0.06529908675799087,2026-06-21 14:00:00,3.104299086757991
44.161550000000005,8.335021666666668,3.028,0.0,1782050191000,2026-06-21 13:56:31,8.335021666666668,0.06527397260273972,2026-06-21 14:00:00,3.0932739726027396
44.161546666666666,8.335023333333334,3.028,0.0,1782050192000,2026-06-21 13:56:32,8.335023333333334,0.06524885844748858,2026-06-21 14:00:00,3.0932488584474886
44.16154166666667,8.335026666666666,3.06,0.0,1782050193000,2026-06-21 13:56:33,8.335026666666666,0.06522374429223744,2026-06-21 14:00:00,3.1252237442922377
44.16153666666667,8.335028333333334,3.07,0.0,1782050194000,2026-06-21 13:56:34,8.335028333333334,0.06519863013698629,2026-06-21 14:00:00,3.135198630136986
44.16153166666666,8.33503,3.091,0.0,1782050195000,2026-06-21 13:56:35,8.33503,0.06517351598173515,2026-06-21 14:00:00,3.1561735159817355
44.16152666666667,8.335031666666668,3.049,0.0,1782050196000,2026-06-21 13:56:36,8.335031666666668,0.06514840182648401,2026-06-21 14:00:00,3.114148401826484
44.16152166666667,8.335033333333334,2.862,0.0,1782050197000,2026-06-21 13:56:37,8.335033333333334,0.06512328767123288,2026-06-21 14:00:00,2.927123287671233
44.16151833333333,8.335035,3.195,0.0,1782050198000,2026-06-21 13:56:38,8.335035,0.06509817351598172,2026-06-21 14:00:00,3.2600981735159817
44.16151333333334,8.335036666666667,3.122,0.0,1782050199000,2026-06-21 13:56:39,8.335036666666667,0.06507305936073059,2026-06-21 14:00:00,3.1870730593607304
44.16150833333333,8.33504,3.205,0.0,1782050200000,2026-06-21 13:56:40,8.33504,0.06504794520547945,2026-06-21 14:00:00,3.2700479452054796
44.161503333333336,8.335043333333335,3.289,0.0,1782050201000,2026-06-21 13:56:41,8.335043333333335,0.06502283105022831,2026-06-21 14:00:00,3.3540228310502282
44.16149833333334,8.335046666666667,3.32,0.0,1782050202000,2026-06-21 13:56:42,8.335046666666667,0.06499771689497716,2026-06-21 14:00:00,3.384997716894977
44.16149666666667,8.335045000000001,3.361,0.0,1782050203000,2026-06-21 13:56:43,8.335045000000001,0.06497260273972602,2026-06-21 14:00:00,3.4259726027397264
44.161495,8.335049999999999,3.382,0.0,1782050204000,2026-06-21 13:56:44,8.335049999999999,0.06494748858447488,2026-06-21 14:00:00,3.446947488584475
44.16149166666667,8.335053333333333,3.237,0.0,1782050205000,2026-06-21 13:56:45,8.335053333333333,0.06492237442922374,2026-06-21 14:00:00,3.301922374429224
44.16148833333333,8.335056666666667,3.133,0.0,1782050206000,2026-06-21 13:56:46,8.335056666666667,0.06489726027397259,2026-06-21 14:00:00,3.197897260273973
44.16148499999999,8.335058333333334,3.153,0.0,1782050207000,2026-06-21 13:56:47,8.335058333333334,0.06487214611872145,2026-06-21 14:00:00,3.2178721461187214
44.16148166666667,8.335061666666666,3.153,0.0,1782050208000,2026-06-21 13:56:48,8.335061666666666,0.06484703196347032,2026-06-21 14:00:00,3.2178470319634704
44.16148,8.335063333333332,2.924,0.0,1782050209000,2026-06-21 13:56:49,8.335063333333332,0.06482191780821918,2026-06-21 14:00:00,2.988821917808219
44.16147833333333,8.335066666666668,3.112,0.0,1782050210000,2026-06-21 13:56:50,8.335066666666668,0.06479680365296803,2026-06-21 14:00:00,3.176796803652968
44.16147666666667,8.33507,3.112,0.0,1782050211000,2026-06-21 13:56:51,8.33507,0.06477168949771689,2026-06-21 14:00:00,3.176771689497717
44.16147333333333,8.335073333333334,3.133,0.0,1782050212000,2026-06-21 13:56:52,8.335073333333334,0.06474657534246575,2026-06-21 14:00:00,3.1977465753424656
44.16147166666666,8.335078333333334,3.143,0.0,1782050213000,2026-06-21 13:56:53,8.335078333333334,0.06472146118721461,2026-06-21 14:00:00,3.2077214611872145
44.16146833333334,8.33508,3.413,0.0,1782050214000,2026-06-21 13:56:54,8.33508,0.06469634703196346,2026-06-21 14:00:00,3.477696347031963
44.161465,8.335081666666667,3.33,0.0,1782050215000,2026-06-21 13:56:55,8.335081666666667,0.06467123287671232,2026-06-21 14:00:00,3.3946712328767124
44.16146166666668,8.335083333333333,3.507,0.0,1782050216000,2026-06-21 13:56:56,8.335083333333333,0.06464611872146118,2026-06-21 14:00:00,3.5716461187214614
44.161460000000005,8.335091666666667,3.486,0.0,1782050217000,2026-06-21 13:56:57,8.335091666666667,0.06462100456621005,2026-06-21 14:00:00,3.55062100456621
44.161456666666666,8.335096666666667,3.497,0.0,1782050218000,2026-06-21 13:56:58,8.335096666666667,0.0645958904109589,2026-06-21 14:00:00,3.561595890410959
44.161458333333336,8.335103333333333,3.601,0.0,1782050219000,2026-06-21 13:56:59,8.335103333333333,0.06457077625570776,2026-06-21 14:00:00,3.665570776255708
44.161458333333336,8.335109999999998,3.538,0.0,1782050220000,2026-06-21 13:57:00,8.335109999999998,0.06454566210045662,2026-06-21 14:00:00,3.6025456621004563
44.161460000000005,8.335121666666668,3.642,0.0,1782050221000,2026-06-21 13:57:01,8.335121666666668,0.06452054794520548,2026-06-21 14:00:00,3.7065205479452055
44.161460000000005,8.335126666666667,3.601,0.0,1782050222000,2026-06-21 13:57:02,8.335126666666667,0.06449543378995433,2026-06-21 14:00:00,3.665495433789954
44.161460000000005,8.335135000000001,3.413,0.0,1782050223000,2026-06-21 13:57:03,8.335135000000001,0.06447031963470319,2026-06-21 14:00:00,3.477470319634703
44.161458333333336,8.335145,3.538,0.0,1782050224000,2026-06-21 13:57:04,8.335145,0.06444520547945205,2026-06-21 14:00:00,3.602445205479452
44.161458333333336,8.335156666666668,3.694,0.0,1782050225000,2026-06-21 13:57:05,8.335156666666668,0.06442009132420091,2026-06-21 14:00:00,3.7584200913242007
44.161460000000005,8.335166666666668,3.674,0.0,1782050226000,2026-06-21 13:57:06,8.335166666666668,0.06439497716894976,2026-06-21 14:00:00,3.7383949771689498
44.16146333333333,8.335173333333334,3.788,0.0,1782050227000,2026-06-21 13:57:07,8.335173333333334,0.06436986301369862,2026-06-21 14:00:00,3.852369863013698
44.16146833333334,8.335178333333333,3.476,0.0,1782050228000,2026-06-21 13:57:08,8.335178333333333,0.06434474885844749,2026-06-21 14:00:00,3.5403447488584474
44.161475,8.335188333333333,3.622,0.0,1782050229000,2026-06-21 13:57:09,8.335188333333333,0.06431963470319635,2026-06-21 14:00:00,3.6863196347031963
44.16147666666667,8.335195,3.538,0.0,1782050230000,2026-06-21 13:57:10,8.335195,0.0642945205479452,2026-06-21 14:00:00,3.602294520547945
44.16148,8.335205,3.549,0.0,1782050231000,2026-06-21 13:57:11,8.335205,0.06426940639269406,2026-06-21 14:00:00,3.613269406392694
44.16148333333334,8.335213333333334,3.413,0.0,1782050232000,2026-06-21 13:57:12,8.335213333333334,0.06424429223744292,2026-06-21 14:00:00,3.477244292237443
44.16148666666666,8.335223333333333,3.476,0.0,1782050233000,2026-06-21 13:57:13,8.335223333333333,0.06421917808219178,2026-06-21 14:00:00,3.5402191780821917
44.16149,8.33523,3.455,0.0,1782050234000,2026-06-21 13:57:14,8.33523,0.06419406392694063,2026-06-21 14:00:00,3.519194063926941
44.16149166666667,8.335236666666667,3.413,0.0,1782050235000,2026-06-21 13:57:15,8.335236666666667,0.06416894977168949,2026-06-21 14:00:00,3.477168949771689
44.16149166666667,8.335241666666667,3.382,0.0,1782050236000,2026-06-21 13:57:16,8.335241666666667,0.06414383561643835,2026-06-21 14:00:00,3.4461438356164384
44.161493333333325,8.33525,3.445,0.0,1782050237000,2026-06-21 13:57:17,8.33525,0.06411872146118722,2026-06-21 14:00:00,3.509118721461187
44.161495,8.335256666666668,3.434,0.0,1782050238000,2026-06-21 13:57:18,8.335256666666668,0.06409360730593607,2026-06-21 14:00:00,3.498093607305936
44.16149666666667,8.335265,3.413,0.0,1782050239000,2026-06-21 13:57:19,8.335265,0.06406849315068493,2026-06-21 14:00:00,3.477068493150685
44.16149833333334,8.335271666666667,3.361,0.0,1782050240000,2026-06-21 13:57:20,8.335271666666667,0.06404337899543379,2026-06-21 14:00:00,3.425043378995434
44.161503333333336,8.335280000000001,3.205,0.0,1782050241000,2026-06-21 13:57:21,8.335280000000001,0.06401826484018265,2026-06-21 14:00:00,3.2690182648401827
44.161503333333336,8.335288333333333,3.289,0.0,1782050242000,2026-06-21 13:57:22,8.335288333333333,0.0639931506849315,2026-06-21 14:00:00,3.3529931506849318
44.16150833333333,8.335298333333332,3.33,0.0,1782050243000,2026-06-21 13:57:23,8.335298333333332,0.06396803652968036,2026-06-21 14:00:00,3.3939680365296803
44.16151166666667,8.335308333333334,3.372,0.0,1782050244000,2026-06-21 13:57:24,8.335308333333334,0.06394292237442922,2026-06-21 14:00:00,3.435942922374429
44.161515,8.335316666666667,3.518,0.0,1782050245000,2026-06-21 13:57:25,8.335316666666667,0.06391780821917808,2026-06-21 14:00:00,3.581917808219178
44.16151833333333,8.335325000000001,3.507,0.0,1782050246000,2026-06-21 13:57:26,8.335325000000001,0.06389269406392693,2026-06-21 14:00:00,3.570892694063927
44.16152166666667,8.335331666666667,3.559,0.0,1782050247000,2026-06-21 13:57:27,8.335331666666667,0.0638675799086758,2026-06-21 14:00:00,3.622867579908676
44.161525,8.33534,3.413,0.0,1782050248000,2026-06-21 13:57:28,8.33534,0.06384246575342466,2026-06-21 14:00:00,3.4768424657534243
44.16152666666667,8.335348333333334,3.538,0.0,1782050249000,2026-06-21 13:57:29,8.335348333333334,0.0638173515981735,2026-06-21 14:00:00,3.6018173515981733
44.16152999999999,8.335356666666666,3.497,0.0,1782050250000,2026-06-21 13:57:30,8.335356666666666,0.06379223744292237,2026-06-21 14:00:00,3.5607922374429224
44.16153166666666,8.335366666666665,3.486,0.0,1782050251000,2026-06-21 13:57:31,8.335366666666665,0.06376712328767123,2026-06-21 14:00:00,3.5497671232876713
44.16153333333333,8.335374999999999,3.466,0.0,1782050252000,2026-06-21 13:57:32,8.335374999999999,0.06374200913242009,2026-06-21 14:00:00,3.5297420091324203
44.16153666666667,8.335385,3.299,0.0,1782050253000,2026-06-21 13:57:33,8.335385,0.06371689497716895,2026-06-21 14:00:00,3.362716894977169
44.16154,8.335393333333334,3.257,0.0,1782050254000,2026-06-21 13:57:34,8.335393333333334,0.0636917808219178,2026-06-21 14:00:00,3.320691780821918
44.16154333333334,8.335401666666666,3.351,0.0,1782050255000,2026-06-21 13:57:35,8.335401666666666,0.06366666666666666,2026-06-21 14:00:00,3.4146666666666667
44.16154333333334,8.33541,3.372,0.0,1782050256000,2026-06-21 13:57:36,8.33541,0.06364155251141553,2026-06-21 14:00:00,3.4356415525114152
44.161546666666666,8.335418333333333,3.351,0.0,1782050257000,2026-06-21 13:57:37,8.335418333333333,0.06361643835616437,2026-06-21 14:00:00,3.4146164383561644
44.161550000000005,8.335424999999999,3.226,0.0,1782050258000,2026-06-21 13:57:38,8.335424999999999,0.06359132420091324,2026-06-21 14:00:00,3.2895913242009134
44.16155333333333,8.335433333333333,3.164,0.0,1782050259000,2026-06-21 13:57:39,8.335433333333333,0.0635662100456621,2026-06-21 14:00:00,3.227566210045662
44.16155666666667,8.335443333333334,3.049,0.0,1782050260000,2026-06-21 13:57:40,8.335443333333334,0.06354109589041096,2026-06-21 14:00:00,3.112541095890411
44.16155833333334,8.33545,3.174,0.0,1782050261000,2026-06-21 13:57:41,8.33545,0.06351598173515982,2026-06-21 14:00:00,3.23751598173516
44.16156,8.335456666666666,3.06,0.0,1782050262000,2026-06-21 13:57:42,8.335456666666666,0.06349086757990867,2026-06-21 14:00:00,3.1234908675799087
44.16156333333333,8.335461666666667,3.257,0.0,1782050263000,2026-06-21 13:57:43,8.335461666666667,0.06346575342465753,2026-06-21 14:00:00,3.3204657534246578
44.16156666666667,8.335468333333333,3.247,0.0,1782050264000,2026-06-21 13:57:44,8.335468333333333,0.0634406392694064,2026-06-21 14:00:00,3.310440639269406
44.16156833333333,8.335478333333333,3.361,0.0,1782050265000,2026-06-21 13:57:45,8.335478333333333,0.06341552511415524,2026-06-21 14:00:00,3.4244155251141555
44.16157333333334,8.335486666666666,3.237,0.0,1782050266000,2026-06-21 13:57:46,8.335486666666666,0.0633904109589041,2026-06-21 14:00:00,3.3003904109589044
44.16157666666666,8.335495,3.247,0.0,1782050267000,2026-06-21 13:57:47,8.335495,0.06336529680365297,2026-06-21 14:00:00,3.3103652968036528
44.16157833333333,8.335503333333332,3.049,0.0,1782050268000,2026-06-21 13:57:48,8.335503333333332,0.06334018264840183,2026-06-21 14:00:00,3.112340182648402
44.16158,8.33551,3.153,0.0,1782050269000,2026-06-21 13:57:49,8.33551,0.06331506849315068,2026-06-21 14:00:00,3.2163150684931505
44.16158166666667,8.335516666666667,2.997,0.0,1782050270000,2026-06-21 13:57:50,8.335516666666667,0.06328995433789954,2026-06-21 14:00:00,3.0602899543378994
44.161583333333326,8.335523333333333,2.914,0.0,1782050271000,2026-06-21 13:57:51,8.335523333333333,0.0632648401826484,2026-06-21 14:00:00,2.9772648401826487
44.161585,8.33553,2.966,0.0,1782050272000,2026-06-21 13:57:52,8.33553,0.06323972602739726,2026-06-21 14:00:00,3.0292397260273973
44.161585,8.335535,3.112,0.0,1782050273000,2026-06-21 13:57:53,8.335535,0.06321461187214611,2026-06-21 14:00:00,3.1752146118721463
44.16158666666667,8.33554,3.07,0.0,1782050274000,2026-06-21 13:57:54,8.33554,0.06318949771689497,2026-06-21 14:00:00,3.133189497716895
44.16158833333334,8.335545,3.216,0.0,1782050275000,2026-06-21 13:57:55,8.335545,0.06316438356164383,2026-06-21 14:00:00,3.279164383561644
44.16158833333334,8.335550000000001,3.237,0.0,1782050276000,2026-06-21 13:57:56,8.335550000000001,0.0631392694063927,2026-06-21 14:00:00,3.300139269406393
44.161585,8.335558333333333,3.08,0.0,1782050277000,2026-06-21 13:57:57,8.335558333333333,0.06311415525114154,2026-06-21 14:00:00,3.1431141552511415
44.16158,8.335568333333333,3.33,0.0,1782050278000,2026-06-21 13:57:58,8.335568333333333,0.0630890410958904,2026-06-21 14:00:00,3.3930890410958905
44.16157666666666,8.335576666666666,3.299,0.0,1782050279000,2026-06-21 13:57:59,8.335576666666666,0.06306392694063927,2026-06-21 14:00:00,3.3620639269406394
44.16157166666667,8.335585,3.382,0.0,1782050280000,2026-06-21 13:58:00,8.335585,0.06303881278538813,2026-06-21 14:00:00,3.445038812785388
44.16156833333333,8.335593333333332,3.424,0.0,1782050281000,2026-06-21 13:58:01,8.335593333333332,0.06301369863013698,2026-06-21 14:00:00,3.487013698630137
44.16156666666667,8.335601666666667,3.164,0.0,1782050282000,2026-06-21 13:58:02,8.335601666666667,0.06298858447488584,2026-06-21 14:00:00,3.226988584474886
44.16156333333333,8.335608333333333,3.299,0.0,1782050283000,2026-06-21 13:58:03,8.335608333333333,0.0629634703196347,2026-06-21 14:00:00,3.3619634703196346
44.16156,8.335616666666665,3.32,0.0,1782050284000,2026-06-21 13:58:04,8.335616666666665,0.06293835616438356,2026-06-21 14:00:00,3.3829383561643835
44.16155666666667,8.335625,3.361,0.0,1782050285000,2026-06-21 13:58:05,8.335625,0.06291324200913241,2026-06-21 14:00:00,3.4239132420091325
44.16155333333333,8.335631666666666,3.309,0.0,1782050286000,2026-06-21 13:58:06,8.335631666666666,0.06288812785388127,2026-06-21 14:00:00,3.3718881278538815
44.16155166666668,8.335640000000001,3.205,0.0,1782050287000,2026-06-21 13:58:07,8.335640000000001,0.06286301369863014,2026-06-21 14:00:00,3.2678630136986304
44.161550000000005,8.335648333333333,3.341,0.0,1782050288000,2026-06-21 13:58:08,8.335648333333333,0.062837899543379,2026-06-21 14:00:00,3.403837899543379
44.161548333333336,8.335655000000001,3.289,0.0,1782050289000,2026-06-21 13:58:09,8.335655000000001,0.06281278538812785,2026-06-21 14:00:00,3.351812785388128
44.16154333333334,8.335661666666665,3.403,0.0,1782050290000,2026-06-21 13:58:10,8.335661666666665,0.06278767123287671,2026-06-21 14:00:00,3.4657876712328766
44.16154,8.33567,3.393,0.0,1782050291000,2026-06-21 13:58:11,8.33567,0.06276255707762557,2026-06-21 14:00:00,3.4557625570776254
44.161538333333326,8.335678333333334,3.497,0.0,1782050292000,2026-06-21 13:58:12,8.335678333333334,0.06273744292237443,2026-06-21 14:00:00,3.5597374429223745
44.161535,8.335686666666668,3.424,0.0,1782050293000,2026-06-21 13:58:13,8.335686666666668,0.06271232876712328,2026-06-21 14:00:00,3.486712328767123
44.16153166666666,8.335696666666667,3.455,0.0,1782050294000,2026-06-21 13:58:14,8.335696666666667,0.06268721461187214,2026-06-21 14:00:00,3.5176872146118723
44.16152999999999,8.335704999999999,3.413,0.0,1782050295000,2026-06-21 13:58:15,8.335704999999999,0.062662100456621,2026-06-21 14:00:00,3.4756621004566206
44.16152666666667,8.335715,3.528,0.0,1782050296000,2026-06-21 13:58:16,8.335715,0.06263698630136987,2026-06-21 14:00:00,3.59063698630137
44.16152333333333,8.335725,3.476,0.0,1782050297000,2026-06-21 13:58:17,8.335725,0.06261187214611871,2026-06-21 14:00:00,3.538611872146119
44.16152,8.335731666666668,3.403,0.0,1782050298000,2026-06-21 13:58:18,8.335731666666668,0.06258675799086758,2026-06-21 14:00:00,3.4655867579908675
44.16151666666666,8.33574,3.622,0.0,1782050299000,2026-06-21 13:58:19,8.33574,0.06256164383561644,2026-06-21 14:00:00,3.6845616438356164
44.16151166666667,8.335748333333333,3.528,0.0,1782050300000,2026-06-21 13:58:20,8.335748333333333,0.0625365296803653,2026-06-21 14:00:00,3.5905365296803655
44.16151,8.335758333333333,3.611,0.0,1782050301000,2026-06-21 13:58:21,8.335758333333333,0.06251141552511415,2026-06-21 14:00:00,3.6735114155251143
44.16150833333333,8.335768333333334,3.57,0.0,1782050302000,2026-06-21 13:58:22,8.335768333333334,0.06248630136986301,2026-06-21 14:00:00,3.632486301369863
44.16150666666668,8.335775,3.684,0.0,1782050303000,2026-06-21 13:58:23,8.335775,0.06246118721461187,2026-06-21 14:00:00,3.746461187214612
44.161505000000005,8.335783333333334,3.767,0.0,1782050304000,2026-06-21 13:58:24,8.335783333333334,0.062436073059360726,2026-06-21 14:00:00,3.8294360730593606
44.16150833333333,8.335788333333333,3.642,0.0,1782050305000,2026-06-21 13:58:25,8.335788333333333,0.06241095890410959,2026-06-21 14:00:00,3.7044109589041097
44.16151,8.335793333333333,3.705,0.0,1782050306000,2026-06-21 13:58:26,8.335793333333333,0.06238584474885844,2026-06-21 14:00:00,3.7673858447488584
44.16151,8.3358,3.736,0.0,1782050307000,2026-06-21 13:58:27,8.3358,0.062360730593607305,2026-06-21 14:00:00,3.7983607305936076
44.16151166666667,8.335808333333334,3.694,0.0,1782050308000,2026-06-21 13:58:28,8.335808333333334,0.06233561643835616,2026-06-21 14:00:00,3.756335616438356
44.16151333333334,8.33582,3.497,0.0,1782050309000,2026-06-21 13:58:29,8.33582,0.06231050228310502,2026-06-21 14:00:00,3.559310502283105
44.161515,8.33583,3.611,0.0,1782050310000,2026-06-21 13:58:30,8.33583,0.06228538812785388,2026-06-21 14:00:00,3.673285388127854
44.16151666666666,8.33584,3.694,0.0,1782050311000,2026-06-21 13:58:31,8.33584,0.06226027397260274,2026-06-21 14:00:00,3.7562602739726025
44.16151666666666,8.335848333333333,3.736,0.0,1782050312000,2026-06-21 13:58:32,8.335848333333333,0.062235159817351594,2026-06-21 14:00:00,3.798235159817352
44.16151833333333,8.335858333333334,3.653,0.0,1782050313000,2026-06-21 13:58:33,8.335858333333334,0.06221004566210045,2026-06-21 14:00:00,3.7152100456621007
44.16151833333333,8.335866666666668,3.757,0.0,1782050314000,2026-06-21 13:58:34,8.335866666666668,0.06218493150684931,2026-06-21 14:00:00,3.8191849315068493
44.16152166666667,8.335878333333334,3.851,0.0,1782050315000,2026-06-21 13:58:35,8.335878333333334,0.06215981735159817,2026-06-21 14:00:00,3.9131598173515982
44.16152333333333,8.335890000000001,3.851,0.0,1782050316000,2026-06-21 13:58:36,8.335890000000001,0.06213470319634703,2026-06-21 14:00:00,3.913134703196347
44.161525,8.335898333333335,3.934,0.0,1782050317000,2026-06-21 13:58:37,8.335898333333335,0.06210958904109588,2026-06-21 14:00:00,3.996109589041096
44.16152833333334,8.335906666666666,3.819,0.0,1782050318000,2026-06-21 13:58:38,8.335906666666666,0.062084474885844745,2026-06-21 14:00:00,3.881084474885845
44.16152999999999,8.335915,3.83,0.0,1782050319000,2026-06-21 13:58:39,8.335915,0.06205936073059361,2026-06-21 14:00:00,3.8920593607305936
44.16153333333333,8.335921666666668,3.726,0.0,1782050320000,2026-06-21 13:58:40,8.335921666666668,0.06203424657534246,2026-06-21 14:00:00,3.7880342465753425
44.16153333333333,8.33593,3.715,0.0,1782050321000,2026-06-21 13:58:41,8.33593,0.06200913242009132,2026-06-21 14:00:00,3.7770091324200914
44.16153666666667,8.335938333333333,3.559,0.0,1782050322000,2026-06-21 13:58:42,8.335938333333333,0.06198401826484018,2026-06-21 14:00:00,3.6209840182648403
44.161538333333326,8.335943333333335,3.799,0.0,1782050323000,2026-06-21 13:58:43,8.335943333333335,0.06195890410958904,2026-06-21 14:00:00,3.860958904109589
44.16154166666667,8.33595,3.642,0.0,1782050324000,2026-06-21 13:58:44,8.33595,0.061933789954337896,2026-06-21 14:00:00,3.7039337899543376
44.16154333333334,8.335956666666668,3.715,0.0,1782050325000,2026-06-21 13:58:45,8.335956666666668,0.06190867579908675,2026-06-21 14:00:00,3.7769086757990866
44.161548333333336,8.335965,3.778,0.0,1782050326000,2026-06-21 13:58:46,8.335965,0.06188356164383561,2026-06-21 14:00:00,3.839883561643836
44.16155166666668,8.335973333333333,3.559,0.0,1782050327000,2026-06-21 13:58:47,8.335973333333333,0.061858447488584475,2026-06-21 14:00:00,3.6208584474885845
44.161555,8.335981666666667,3.715,0.0,1782050328000,2026-06-21 13:58:48,8.335981666666667,0.06183333333333333,2026-06-21 14:00:00,3.7768333333333333
44.16155833333334,8.335988333333335,3.684,0.0,1782050329000,2026-06-21 13:58:49,8.335988333333335,0.061808219178082185,2026-06-21 14:00:00,3.745808219178082
44.16156166666666,8.335998333333333,3.674,0.0,1782050330000,2026-06-21 13:58:50,8.335998333333333,0.06178310502283105,2026-06-21 14:00:00,3.735783105022831
44.16156333333333,8.336005,3.507,0.0,1782050331000,2026-06-21 13:58:51,8.336005,0.06175799086757991,2026-06-21 14:00:00,3.56875799086758
44.16156666666667,8.336013333333334,3.705,0.0,1782050332000,2026-06-21 13:58:52,8.336013333333334,0.061732876712328764,2026-06-21 14:00:00,3.7667328767123287
44.16157,8.33602,3.736,0.0,1782050333000,2026-06-21 13:58:53,8.33602,0.06170776255707762,2026-06-21 14:00:00,3.797707762557078
44.16157333333334,8.336028333333333,3.757,0.0,1782050334000,2026-06-21 13:58:54,8.336028333333333,0.06168264840182648,2026-06-21 14:00:00,3.818682648401827
44.16157666666666,8.336035,3.778,0.0,1782050335000,2026-06-21 13:58:55,8.336035,0.06165753424657534,2026-06-21 14:00:00,3.8396575342465753
44.16157833333333,8.336041666666667,3.851,0.0,1782050336000,2026-06-21 13:58:56,8.336041666666667,0.0616324200913242,2026-06-21 14:00:00,3.9126324200913243
44.16158166666667,8.336048333333334,3.861,0.0,1782050337000,2026-06-21 13:58:57,8.336048333333334,0.061607305936073053,2026-06-21 14:00:00,3.922607305936073
44.161583333333326,8.336055,3.882,0.0,1782050338000,2026-06-21 13:58:58,8.336055,0.061582191780821915,2026-06-21 14:00:00,3.943582191780822
44.161585,8.33606,3.892,0.0,1782050339000,2026-06-21 13:58:59,8.33606,0.06155707762557078,2026-06-21 14:00:00,3.953557077625571
44.16158666666667,8.336065,3.882,0.0,1782050340000,2026-06-21 13:59:00,8.336065,0.06153196347031963,2026-06-21 14:00:00,3.9435319634703196
44.16159,8.336071666666667,3.83,0.0,1782050341000,2026-06-21 13:59:01,8.336071666666667,0.06150684931506849,2026-06-21 14:00:00,3.8915068493150686
44.161593333333336,8.33608,3.778,0.0,1782050342000,2026-06-21 13:59:02,8.33608,0.06148173515981735,2026-06-21 14:00:00,3.839481735159817
44.16159833333333,8.336086666666667,3.778,0.0,1782050343000,2026-06-21 13:59:03,8.336086666666667,0.06145662100456621,2026-06-21 14:00:00,3.839456621004566
44.161605,8.336091666666666,3.861,0.0,1782050344000,2026-06-21 13:59:04,8.336091666666666,0.061431506849315066,2026-06-21 14:00:00,3.9224315068493154
44.16160833333333,8.336098333333332,3.747,0.0,1782050345000,2026-06-21 13:59:05,8.336098333333332,0.06140639269406392,2026-06-21 14:00:00,3.8084063926940637
44.161615,8.336106666666666,3.622,0.0,1782050346000,2026-06-21 13:59:06,8.336106666666666,0.061381278538812784,2026-06-21 14:00:00,3.6833812785388127
44.16161833333334,8.336111666666666,3.33,0.0,1782050347000,2026-06-21 13:59:07,8.336111666666666,0.061356164383561645,2026-06-21 14:00:00,3.391356164383562
44.16162333333333,8.336116666666667,3.476,0.0,1782050348000,2026-06-21 13:59:08,8.336116666666667,0.0613310502283105,2026-06-21 14:00:00,3.5373310502283104
44.16163,8.336125000000001,3.424,0.0,1782050349000,2026-06-21 13:59:09,8.336125000000001,0.061305936073059356,2026-06-21 14:00:00,3.4853059360730594
44.161635,8.33613,3.538,0.0,1782050350000,2026-06-21 13:59:10,8.33613,0.06128082191780822,2026-06-21 14:00:00,3.599280821917808
44.161640000000006,8.336135,3.632,0.0,1782050351000,2026-06-21 13:59:11,8.336135,0.06125570776255707,2026-06-21 14:00:00,3.693255707762557
44.161645,8.336141666666666,3.518,0.0,1782050352000,2026-06-21 13:59:12,8.336141666666666,0.061230593607305935,2026-06-21 14:00:00,3.579230593607306
44.16165166666666,8.336148333333334,3.622,0.0,1782050353000,2026-06-21 13:59:13,8.336148333333334,0.06120547945205479,2026-06-21 14:00:00,3.6832054794520546
44.16165833333333,8.336155,3.705,0.0,1782050354000,2026-06-21 13:59:14,8.336155,0.06118036529680365,2026-06-21 14:00:00,3.766180365296804
44.16166333333334,8.336161666666667,3.642,0.0,1782050355000,2026-06-21 13:59:15,8.336161666666667,0.06115525114155251,2026-06-21 14:00:00,3.703155251141552
44.16166833333333,8.336170000000001,3.715,0.0,1782050356000,2026-06-21 13:59:16,8.336170000000001,0.06113013698630137,2026-06-21 14:00:00,3.776130136986301
44.161675,8.336176666666667,3.767,0.0,1782050357000,2026-06-21 13:59:17,8.336176666666667,0.061105022831050224,2026-06-21 14:00:00,3.8281050228310503
44.16168,8.336183333333334,3.778,0.0,1782050358000,2026-06-21 13:59:18,8.336183333333334,0.061079908675799086,2026-06-21 14:00:00,3.839079908675799
44.16168666666668,8.336189999999998,3.372,0.0,1782050359000,2026-06-21 13:59:19,8.336189999999998,0.06105479452054794,2026-06-21 14:00:00,3.433054794520548
44.16169166666667,8.336195,3.434,0.0,1782050360000,2026-06-21 13:59:20,8.336195,0.0610296803652968,2026-06-21 14:00:00,3.495029680365297
44.16169833333333,8.336201666666666,3.351,0.0,1782050361000,2026-06-21 13:59:21,8.336201666666666,0.06100456621004566,2026-06-21 14:00:00,3.4120045662100456
44.16170333333333,8.33621,3.466,0.0,1782050362000,2026-06-21 13:59:22,8.33621,0.06097945205479452,2026-06-21 14:00:00,3.526979452054795
44.16170833333334,8.336218333333333,3.611,0.0,1782050363000,2026-06-21 13:59:23,8.336218333333333,0.060954337899543375,2026-06-21 14:00:00,3.6719543378995434
44.161715,8.336226666666667,3.549,0.0,1782050364000,2026-06-21 13:59:24,8.336226666666667,0.06092922374429224,2026-06-21 14:00:00,3.609929223744292
44.161718333333326,8.336231666666666,3.58,0.0,1782050365000,2026-06-21 13:59:25,8.336231666666666,0.06090410958904109,2026-06-21 14:00:00,3.6409041095890413
44.16172,8.336236666666668,3.611,0.0,1782050366000,2026-06-21 13:59:26,8.336236666666668,0.060878995433789954,2026-06-21 14:00:00,3.67187899543379
44.161725,8.336243333333334,3.57,0.0,1782050367000,2026-06-21 13:59:27,8.336243333333334,0.06085388127853881,2026-06-21 14:00:00,3.6308538812785387
44.161728333333336,8.336248333333334,3.413,0.0,1782050368000,2026-06-21 13:59:28,8.336248333333334,0.06082876712328767,2026-06-21 14:00:00,3.4738287671232877
44.16173333333333,8.336255,3.341,0.0,1782050369000,2026-06-21 13:59:29,8.336255,0.060803652968036526,2026-06-21 14:00:00,3.4018036529680367
44.16173666666667,8.336261666666667,3.237,0.0,1782050370000,2026-06-21 13:59:30,8.336261666666667,0.06077853881278539,2026-06-21 14:00:00,3.2977785388127856
44.16173833333334,8.336268333333333,3.361,0.0,1782050371000,2026-06-21 13:59:31,8.336268333333333,0.06075342465753424,2026-06-21 14:00:00,3.4217534246575343
44.16174166666666,8.336271666666667,3.497,0.0,1782050372000,2026-06-21 13:59:32,8.336271666666667,0.060728310502283105,2026-06-21 14:00:00,3.557728310502283
44.16174333333333,8.336278333333333,3.413,0.0,1782050373000,2026-06-21 13:59:33,8.336278333333333,0.06070319634703196,2026-06-21 14:00:00,3.473703196347032
44.161745,8.336285,3.528,0.0,1782050374000,2026-06-21 13:59:34,8.336285,0.06067808219178082,2026-06-21 14:00:00,3.5886780821917807
44.16174666666667,8.336291666666666,3.528,0.0,1782050375000,2026-06-21 13:59:35,8.336291666666666,0.06065296803652968,2026-06-21 14:00:00,3.5886529680365298
44.16174666666667,8.336296666666668,3.611,0.0,1782050376000,2026-06-21 13:59:36,8.336296666666668,0.06062785388127854,2026-06-21 14:00:00,3.6716278538812785
44.16174833333333,8.3363,3.674,0.0,1782050377000,2026-06-21 13:59:37,8.3363,0.060602739726027394,2026-06-21 14:00:00,3.7346027397260273
44.16175,8.336305000000001,3.59,0.0,1782050378000,2026-06-21 13:59:38,8.336305000000001,0.060577625570776256,2026-06-21 14:00:00,3.6505776255707763
44.16175166666667,8.336313333333333,3.674,0.0,1782050379000,2026-06-21 13:59:39,8.336313333333333,0.06055251141552511,2026-06-21 14:00:00,3.734552511415525
44.16175333333334,8.33632,3.57,0.0,1782050380000,2026-06-21 13:59:40,8.33632,0.06052739726027397,2026-06-21 14:00:00,3.630527397260274
44.16175666666666,8.336326666666668,3.445,0.0,1782050381000,2026-06-21 13:59:41,8.336326666666668,0.06050228310502283,2026-06-21 14:00:00,3.505502283105023
44.16176166666667,8.336333333333332,3.341,0.0,1782050382000,2026-06-21 13:59:42,8.336333333333332,0.06047716894977169,2026-06-21 14:00:00,3.401477168949772
44.16176666666667,8.336338333333334,3.466,0.0,1782050383000,2026-06-21 13:59:43,8.336338333333334,0.060452054794520545,2026-06-21 14:00:00,3.526452054794521
44.161773333333336,8.336341666666668,3.622,0.0,1782050384000,2026-06-21 13:59:44,8.336341666666668,0.0604269406392694,2026-06-21 14:00:00,3.682426940639269
44.16177833333333,8.336343333333334,3.559,0.0,1782050385000,2026-06-21 13:59:45,8.336343333333334,0.06040182648401826,2026-06-21 14:00:00,3.6194018264840184
44.16178333333334,8.336345,3.632,0.0,1782050386000,2026-06-21 13:59:46,8.336345,0.060376712328767124,2026-06-21 14:00:00,3.6923767123287674
44.16178666666666,8.336348333333332,3.653,0.0,1782050387000,2026-06-21 13:59:47,8.336348333333332,0.06035159817351598,2026-06-21 14:00:00,3.713351598173516
44.16179166666667,8.336350000000001,3.57,0.0,1782050388000,2026-06-21 13:59:48,8.336350000000001,0.060326484018264834,2026-06-21 14:00:00,3.6303264840182647
44.161795,8.336353333333333,3.351,0.0,1782050389000,2026-06-21 13:59:49,8.336353333333333,0.060301369863013696,2026-06-21 14:00:00,3.4113013698630135
44.16180166666666,8.336356666666667,3.143,0.0,1782050390000,2026-06-21 13:59:50,8.336356666666667,0.06027625570776256,2026-06-21 14:00:00,3.2032762557077623
44.161808333333326,8.33636,3.351,0.0,1782050391000,2026-06-21 13:59:51,8.33636,0.06025114155251141,2026-06-21 14:00:00,3.4112511415525115
44.161815,8.336365,3.278,0.0,1782050392000,2026-06-21 13:59:52,8.336365,0.06022602739726027,2026-06-21 14:00:00,3.33822602739726
44.161820000000006,8.336369999999999,3.32,0.0,1782050393000,2026-06-21 13:59:53,8.336369999999999,0.06020091324200913,2026-06-21 14:00:00,3.380200913242009
44.16182666666667,8.336375,3.237,0.0,1782050394000,2026-06-21 13:59:54,8.336375,0.06017579908675799,2026-06-21 14:00:00,3.2971757990867583
44.16183333333333,8.33638,3.268,0.0,1782050395000,2026-06-21 13:59:55,8.33638,0.06015068493150685,2026-06-21 14:00:00,3.3281506849315066
44.16183833333333,8.336383333333334,3.309,0.0,1782050396000,2026-06-21 13:59:56,8.336383333333334,0.0601255707762557,2026-06-21 14:00:00,3.369125570776256
44.16184333333334,8.336388333333334,3.247,0.0,1782050397000,2026-06-21 13:59:57,8.336388333333334,0.060100456621004564,2026-06-21 14:00:00,3.3071004566210043
44.16184833333333,8.336395000000001,3.205,0.0,1782050398000,2026-06-21 13:59:58,8.336395000000001,0.060075342465753426,2026-06-21 14:00:00,3.2650753424657535
44.161853333333326,8.336398333333333,3.153,0.0,1782050399000,2026-06-21 13:59:59,8.336398333333333,0.06005022831050228,2026-06-21 14:00:00,3.2130502283105025
44.16185833333334,8.336403333333333,3.382,0.0,1782050400000,2026-06-21 14:00:00,8.336403333333333,0.060025114155251136,2026-06-21 14:00:00,3.442025114155251
44.161865000000006,8.336408333333333,3.434,0.0,1782050401000,2026-06-21 14:00:01,8.336408333333333,0.06,2026-06-21 14:00:00,3.494
44.16187,8.336416666666667,3.289,0.0,1782050402000,2026-06-21 14:00:02,8.336416666666667,0.06,2026-06-21 14:00:00,3.349
44.161875,8.336423333333332,3.403,0.0,1782050403000,2026-06-21 14:00:03,8.336423333333332,0.06,2026-06-21 14:00:00,3.463
44.16187833333333,8.336433333333334,3.341,0.0,1782050404000,2026-06-21 14:00:04,8.336433333333334,0.06,2026-06-21 14:00:00,3.4010000000000002
44.16188333333333,8.336440000000001,3.278,0.0,1782050405000,2026-06-21 14:00:05,8.336440000000001,0.06,2026-06-21 14:00:00,3.338
44.16188999999999,8.336445,2.976,0.0,1782050406000,2026-06-21 14:00:06,8.336445,0.06,2026-06-21 14:00:00,3.036
44.16189166666666,8.336451666666667,3.185,0.0,1782050407000,2026-06-21 14:00:07,8.336451666666667,0.06,2026-06-21 14:00:00,3.245
44.16189666666667,8.336458333333333,3.174,0.0,1782050408000,2026-06-21 14:00:08,8.336458333333333,0.06,2026-06-21 14:00:00,3.234
44.16190166666667,8.336465,3.278,0.0,1782050409000,2026-06-21 14:00:09,8.336465,0.06,2026-06-21 14:00:00,3.338
44.161905,8.33647,3.08,0.0,1782050410000,2026-06-21 14:00:10,8.33647,0.06,2026-06-21 14:00:00,3.14
44.161910000000006,8.336475,3.174,0.0,1782050411000,2026-06-21 14:00:11,8.336475,0.06,2026-06-21 14:00:00,3.234
44.161915,8.336478333333334,3.049,0.0,1782050412000,2026-06-21 14:00:12,8.336478333333334,0.06,2026-06-21 14:00:00,3.109
44.16191833333334,8.336483333333332,3.133,0.0,1782050413000,2026-06-21 14:00:13,8.336483333333332,0.06,2026-06-21 14:00:00,3.193
44.16192333333333,8.336488333333334,3.174,0.0,1782050414000,2026-06-21 14:00:14,8.336488333333334,0.06,2026-06-21 14:00:00,3.234
44.16192666666667,8.336493333333333,3.226,0.0,1782050415000,2026-06-21 14:00:15,8.336493333333333,0.06,2026-06-21 14:00:00,3.286
44.16192833333333,8.336496666666667,3.237,0.0,1782050416000,2026-06-21 14:00:16,8.336496666666667,0.06,2026-06-21 14:00:00,3.297
44.16193,8.336500000000001,3.216,0.0,1782050417000,2026-06-21 14:00:17,8.336500000000001,0.06,2026-06-21 14:00:00,3.2760000000000002
44.16193333333334,8.336503333333333,3.205,0.0,1782050418000,2026-06-21 14:00:18,8.336503333333333,0.06,2026-06-21 14:00:00,3.265
44.16193499999999,8.336508333333335,3.309,0.0,1782050419000,2026-06-21 14:00:19,8.336508333333335,0.06,2026-06-21 14:00:00,3.369
44.16193833333333,8.336511666666667,3.205,0.0,1782050420000,2026-06-21 14:00:20,8.336511666666667,0.06,2026-06-21 14:00:00,3.265
44.16194,8.336515,3.278,0.0,1782050421000,2026-06-21 14:00:21,8.336515,0.06,2026-06-21 14:00:00,3.338
44.16194166666667,8.336521666666666,3.237,0.0,1782050422000,2026-06-21 14:00:22,8.336521666666666,0.06,2026-06-21 14:00:00,3.297
44.161943333333326,8.336525,3.143,0.0,1782050423000,2026-06-21 14:00:23,8.336525,0.06,2026-06-21 14:00:00,3.203
44.16194666666667,8.33653,3.06,0.0,1782050424000,2026-06-21 14:00:24,8.33653,0.06,2026-06-21 14:00:00,3.12
44.16194833333334,8.336535,2.945,0.0,1782050425000,2026-06-21 14:00:25,8.336535,0.06,2026-06-21 14:00:00,3.005
44.16195166666667,8.336540000000001,3.195,0.0,1782050426000,2026-06-21 14:00:26,8.336540000000001,0.06,2026-06-21 14:00:00,3.255
44.161955000000006,8.336546666666667,3.237,0.0,1782050427000,2026-06-21 14:00:27,8.336546666666667,0.06,2026-06-21 14:00:00,3.297
44.16195666666668,8.336553333333335,3.299,0.0,1782050428000,2026-06-21 14:00:28,8.336553333333335,0.06,2026-06-21 14:00:00,3.359
44.16195833333333,8.336558333333333,3.133,0.0,1782050429000,2026-06-21 14:00:29,8.336558333333333,0.06,2026-06-21 14:00:00,3.193
44.16196166666667,8.336561666666666,3.205,0.0,1782050430000,2026-06-21 14:00:30,8.336561666666666,0.06,2026-06-21 14:00:00,3.265
44.161966666666665,8.336563333333334,3.185,0.0,1782050431000,2026-06-21 14:00:31,8.336563333333334,0.06,2026-06-21 14:00:00,3.245
44.16197166666667,8.336566666666666,3.216,0.0,1782050432000,2026-06-21 14:00:32,8.336566666666666,0.06,2026-06-21 14:00:00,3.2760000000000002
44.161975,8.336568333333334,3.268,0.0,1782050433000,2026-06-21 14:00:33,8.336568333333334,0.06,2026-06-21 14:00:00,3.328
44.16197833333334,8.336571666666666,3.216,0.0,1782050434000,2026-06-21 14:00:34,8.336571666666666,0.06,2026-06-21 14:00:00,3.2760000000000002
44.16198166666666,8.336576666666668,3.361,0.0,1782050435000,2026-06-21 14:00:35,8.336576666666668,0.06,2026-06-21 14:00:00,3.4210000000000003
44.16198333333333,8.336583333333333,3.091,0.0,1782050436000,2026-06-21 14:00:36,8.336583333333333,0.06,2026-06-21 14:00:00,3.1510000000000002
44.16198666666666,8.336588333333333,3.185,0.0,1782050437000,2026-06-21 14:00:37,8.336588333333333,0.06,2026-06-21 14:00:00,3.245
44.16199333333334,8.336594999999999,3.237,0.0,1782050438000,2026-06-21 14:00:38,8.336594999999999,0.06,2026-06-21 14:00:00,3.297
44.16199833333334,8.3366,3.133,0.0,1782050439000,2026-06-21 14:00:39,8.3366,0.06,2026-06-21 14:00:00,3.193
44.162005,8.336604999999999,3.008,0.0,1782050440000,2026-06-21 14:00:40,8.336604999999999,0.06,2026-06-21 14:00:00,3.068
44.162011666666665,8.336611666666666,3.32,0.0,1782050441000,2026-06-21 14:00:41,8.336611666666666,0.06,2026-06-21 14:00:00,3.38
44.162015,8.336616666666666,3.08,0.0,1782050442000,2026-06-21 14:00:42,8.336616666666666,0.06,2026-06-21 14:00:00,3.14
44.16201833333333,8.336621666666668,3.205,0.0,1782050443000,2026-06-21 14:00:43,8.336621666666668,0.06,2026-06-21 14:00:00,3.265
44.16202499999999,8.336625,3.309,0.0,1782050444000,2026-06-21 14:00:44,8.336625,0.06,2026-06-21 14:00:00,3.369
44.16203,8.336628333333334,3.33,0.0,1782050445000,2026-06-21 14:00:45,8.336628333333334,0.06,2026-06-21 14:00:00,3.39
44.16203666666667,8.336633333333333,3.413,0.0,1782050446000,2026-06-21 14:00:46,8.336633333333333,0.06,2026-06-21 14:00:00,3.473
44.162045000000006,8.33664,3.361,0.0,1782050447000,2026-06-21 14:00:47,8.33664,0.06,2026-06-21 14:00:00,3.4210000000000003
44.16205333333334,8.336641666666667,3.393,0.0,1782050448000,2026-06-21 14:00:48,8.336641666666667,0.06,2026-06-21 14:00:00,3.453
44.16206166666666,8.336645,3.351,0.0,1782050449000,2026-06-21 14:00:49,8.336645,0.06,2026-06-21 14:00:00,3.411
44.16206666666667,8.336649999999999,3.382,0.0,1782050450000,2026-06-21 14:00:50,8.336649999999999,0.06,2026-06-21 14:00:00,3.442
44.162075,8.336651666666667,3.268,0.0,1782050451000,2026-06-21 14:00:51,8.336651666666667,0.06,2026-06-21 14:00:00,3.328
44.16208,8.336653333333334,3.247,0.0,1782050452000,2026-06-21 14:00:52,8.336653333333334,0.06,2026-06-21 14:00:00,3.307
44.16208833333334,8.336655,3.018,0.0,1782050453000,2026-06-21 14:00:53,8.336655,0.06,2026-06-21 14:00:00,3.078
44.16209333333333,8.336658333333332,3.06,0.0,1782050454000,2026-06-21 14:00:54,8.336658333333332,0.06,2026-06-21 14:00:00,3.12
44.162095,8.336656666666666,3.247,0.0,1782050455000,2026-06-21 14:00:55,8.336656666666666,0.06,2026-06-21 14:00:00,3.307
44.16209666666667,8.336661666666666,3.257,0.0,1782050456000,2026-06-21 14:00:56,8.336661666666666,0.06,2026-06-21 14:00:00,3.317
44.16209833333334,8.33666,3.351,0.0,1782050457000,2026-06-21 14:00:57,8.33666,0.06,2026-06-21 14:00:00,3.411
44.162101666666665,8.336663333333332,3.309,0.0,1782050458000,2026-06-21 14:00:58,8.336663333333332,0.06,2026-06-21 14:00:00,3.369
44.16210666666666,8.336666666666668,3.101,0.0,1782050459000,2026-06-21 14:00:59,8.336666666666668,0.06,2026-06-21 14:00:00,3.161
44.16210833333333,8.336673333333332,3.06,0.0,1782050460000,2026-06-21 14:01:00,8.336673333333332,0.06,2026-06-21 14:00:00,3.12
44.16211,8.336678333333333,3.101,0.0,1782050461000,2026-06-21 14:01:01,8.336678333333333,0.06,2026-06-21 14:00:00,3.161
44.16211333333334,8.336681666666667,3.351,0.0,1782050462000,2026-06-21 14:01:02,8.336681666666667,0.06,2026-06-21 14:00:00,3.411
44.16211166666667,8.336688333333333,3.257,0.0,1782050463000,2026-06-21 14:01:03,8.336688333333333,0.06,2026-06-21 14:00:00,3.317
44.16210833333333,8.336696666666667,3.133,0.0,1782050464000,2026-06-21 14:01:04,8.336696666666667,0.06,2026-06-21 14:00:00,3.193
44.1621,8.336701666666666,2.966,0.0,1782050465000,2026-06-21 14:01:05,8.336701666666666,0.06,2026-06-21 14:00:00,3.0260000000000002
44.16210333333333,8.336703333333332,2.893,0.0,1782050466000,2026-06-21 14:01:06,8.336703333333332,0.06,2026-06-21 14:00:00,2.953
44.1621,8.336708333333332,3.07,0.0,1782050467000,2026-06-21 14:01:07,8.336708333333332,0.06,2026-06-21 14:00:00,3.13
44.16209333333333,8.336705,2.914,0.0,1782050468000,2026-06-21 14:01:08,8.336705,0.06,2026-06-21 14:00:00,2.974
44.16208833333334,8.336698333333334,3.049,0.0,1782050469000,2026-06-21 14:01:09,8.336698333333334,0.06,2026-06-21 14:00:00,3.109
44.162085,8.336693333333333,2.852,0.0,1782050470000,2026-06-21 14:01:10,8.336693333333333,0.06,2026-06-21 14:00:00,2.912
44.16208,8.336686666666667,3.164,0.0,1782050471000,2026-06-21 14:01:11,8.336686666666667,0.06,2026-06-21 14:00:00,3.224
44.162078333333326,8.336678333333333,3.185,0.0,1782050472000,2026-06-21 14:01:12,8.336678333333333,0.06,2026-06-21 14:00:00,3.245
44.16207666666666,8.336666666666668,3.112,0.0,1782050473000,2026-06-21 14:01:13,8.336666666666668,0.06,2026-06-21 14:00:00,3.172
44.16207666666666,8.33666,3.164,0.0,1782050474000,2026-06-21 14:01:14,8.33666,0.06,2026-06-21 14:00:00,3.224
44.16207166666666,8.336651666666667,3.122,0.0,1782050475000,2026-06-21 14:01:15,8.336651666666667,0.06,2026-06-21 14:00:00,3.182
44.16207166666666,8.336645,3.028,0.0,1782050476000,2026-06-21 14:01:16,8.336645,0.06,2026-06-21 14:00:00,3.088
44.16207333333333,8.336638333333333,3.153,0.0,1782050477000,2026-06-21 14:01:17,8.336638333333333,0.06,2026-06-21 14:00:00,3.213
44.16207333333333,8.336633333333333,3.237,0.0,1782050478000,2026-06-21 14:01:18,8.336633333333333,0.06,2026-06-21 14:00:00,3.297
44.16207333333333,8.336631666666667,3.226,0.0,1782050479000,2026-06-21 14:01:19,8.336631666666667,0.06,2026-06-21 14:00:00,3.286
44.16207166666666,8.336630000000001,3.268,0.0,1782050480000,2026-06-21 14:01:20,8.336630000000001,0.06,2026-06-21 14:00:00,3.328
44.16206999999999,8.336626666666666,3.164,0.0,1782050481000,2026-06-21 14:01:21,8.336626666666666,0.06,2026-06-21 14:00:00,3.224
44.16206999999999,8.336623333333334,3.08,0.0,1782050482000,2026-06-21 14:01:22,8.336623333333334,0.06,2026-06-21 14:00:00,3.14
44.16206833333334,8.336616666666666,3.174,0.0,1782050483000,2026-06-21 14:01:23,8.336616666666666,0.06,2026-06-21 14:00:00,3.234
44.16206666666667,8.336611666666666,3.195,0.0,1782050484000,2026-06-21 14:01:24,8.336611666666666,0.06,2026-06-21 14:00:00,3.255
44.16206666666667,8.336603333333333,3.195,0.0,1782050485000,2026-06-21 14:01:25,8.336603333333333,0.06,2026-06-21 14:00:00,3.255
44.16206666666667,8.336594999999999,3.122,0.0,1782050486000,2026-06-21 14:01:26,8.336594999999999,0.06,2026-06-21 14:00:00,3.182
44.162065,8.336586666666667,3.133,0.0,1782050487000,2026-06-21 14:01:27,8.336586666666667,0.06,2026-06-21 14:00:00,3.193
44.16206333333333,8.336578333333334,2.966,0.0,1782050488000,2026-06-21 14:01:28,8.336578333333334,0.06,2026-06-21 14:00:00,3.0260000000000002
44.16206333333333,8.336568333333334,3.008,0.0,1782050489000,2026-06-21 14:01:29,8.336568333333334,0.06,2026-06-21 14:00:00,3.068
44.16206166666666,8.336558333333333,3.133,0.0,1782050490000,2026-06-21 14:01:30,8.336558333333333,0.06,2026-06-21 14:00:00,3.193
44.16206,8.336549999999999,3.07,0.0,1782050491000,2026-06-21 14:01:31,8.336549999999999,0.06,2026-06-21 14:00:00,3.13
44.16206,8.336540000000001,3.049,0.0,1782050492000,2026-06-21 14:01:32,8.336540000000001,0.06,2026-06-21 14:00:00,3.109
44.16205833333333,8.33653,2.935,0.0,1782050493000,2026-06-21 14:01:33,8.33653,0.06,2026-06-21 14:00:00,2.995
44.16205833333333,8.336521666666666,3.018,0.0,1782050494000,2026-06-21 14:01:34,8.336521666666666,0.06,2026-06-21 14:00:00,3.078
44.162055,8.336511666666667,2.935,0.0,1782050495000,2026-06-21 14:01:35,8.336511666666667,0.06,2026-06-21 14:00:00,2.995
44.16205333333334,8.336504999999999,3.049,0.0,1782050496000,2026-06-21 14:01:36,8.336504999999999,0.06,2026-06-21 14:00:00,3.109
44.16205333333334,8.336495000000001,2.966,0.0,1782050497000,2026-06-21 14:01:37,8.336495000000001,0.06,2026-06-21 14:00:00,3.0260000000000002
44.16205166666667,8.336486666666667,3.039,0.0,1782050498000,2026-06-21 14:01:38,8.336486666666667,0.06,2026-06-21 14:00:00,3.099
44.16205,8.33648,3.06,0.0,1782050499000,2026-06-21 14:01:39,8.33648,0.06,2026-06-21 14:00:00,3.12
44.16204833333333,8.336471666666666,3.028,0.0,1782050500000,2026-06-21 14:01:40,8.336471666666666,0.06,2026-06-21 14:00:00,3.088
44.16205166666667,8.336465,2.862,0.0,1782050501000,2026-06-21 14:01:41,8.336465,0.06,2026-06-21 14:00:00,2.922
44.16205,8.336456666666667,2.914,0.0,1782050502000,2026-06-21 14:01:42,8.336456666666667,0.06,2026-06-21 14:00:00,2.974
44.16205333333334,8.336448333333333,2.799,0.0,1782050503000,2026-06-21 14:01:43,8.336448333333333,0.06,2026-06-21 14:00:00,2.859
44.16205333333334,8.336440000000001,2.789,0.0,1782050504000,2026-06-21 14:01:44,8.336440000000001,0.06,2026-06-21 14:00:00,2.849
44.16205333333334,8.336431666666666,2.831,0.0,1782050505000,2026-06-21 14:01:45,8.336431666666666,0.06,2026-06-21 14:00:00,2.891
44.16205333333334,8.336425,2.779,0.0,1782050506000,2026-06-21 14:01:46,8.336425,0.06,2026-06-21 14:00:00,2.839
44.16205333333334,8.336418333333334,2.675,0.0,1782050507000,2026-06-21 14:01:47,8.336418333333334,0.06,2026-06-21 14:00:00,2.735
44.16205166666667,8.336413333333333,2.727,0.0,1782050508000,2026-06-21 14:01:48,8.336413333333333,0.06,2026-06-21 14:00:00,2.787
44.16205166666667,8.336403333333333,2.487,0.0,1782050509000,2026-06-21 14:01:49,8.336403333333333,0.06,2026-06-21 14:00:00,2.547
44.16205333333334,8.336396666666667,2.675,0.0,1782050510000,2026-06-21 14:01:50,8.336396666666667,0.06,2026-06-21 14:00:00,2.735
44.16205166666667,8.336388333333334,2.508,0.0,1782050511000,2026-06-21 14:01:51,8.336388333333334,0.06,2026-06-21 14:00:00,2.568
44.16205166666667,8.33638,2.539,0.0,1782050512000,2026-06-21 14:01:52,8.33638,0.06,2026-06-21 14:00:00,2.599
44.16204833333333,8.336375,2.571,0.0,1782050513000,2026-06-21 14:01:53,8.336375,0.06,2026-06-21 14:00:00,2.6310000000000002
44.162045000000006,8.336368333333333,2.716,0.0,1782050514000,2026-06-21 14:01:54,8.336368333333333,0.06,2026-06-21 14:00:00,2.7760000000000002
44.162045000000006,8.336361666666667,2.675,0.0,1782050515000,2026-06-21 14:01:55,8.336361666666667,0.06,2026-06-21 14:00:00,2.735
44.16204333333334,8.336355,2.695,0.0,1782050516000,2026-06-21 14:01:56,8.336355,0.06,2026-06-21 14:00:00,2.755
44.16204166666667,8.336350000000001,2.831,0.0,1782050517000,2026-06-21 14:01:57,8.336350000000001,0.06,2026-06-21 14:00:00,2.891
44.16204333333334,8.33634,2.768,0.0,1782050518000,2026-06-21 14:01:58,8.33634,0.06,2026-06-21 14:00:00,2.828
44.16204166666667,8.336335,2.82,0.0,1782050519000,2026-06-21 14:01:59,8.336335,0.06,2026-06-21 14:00:00,2.88
44.16204166666667,8.336328333333334,2.727,0.0,1782050520000,2026-06-21 14:02:00,8.336328333333334,0.06,2026-06-21 14:00:00,2.787
44.16204166666667,8.336323333333333,2.571,0.0,1782050521000,2026-06-21 14:02:01,8.336323333333333,0.06,2026-06-21 14:00:00,2.6310000000000002
44.16204,8.336316666666667,2.425,0.0,1782050522000,2026-06-21 14:02:02,8.336316666666667,0.06,2026-06-21 14:00:00,2.485
44.16203666666667,8.336311666666667,2.342,0.0,1782050523000,2026-06-21 14:02:03,8.336311666666667,0.06,2026-06-21 14:00:00,2.402
44.16203666666667,8.336303333333332,2.643,0.0,1782050524000,2026-06-21 14:02:04,8.336303333333332,0.06,2026-06-21 14:00:00,2.703
44.162035,8.336296666666668,2.466,0.0,1782050525000,2026-06-21 14:02:05,8.336296666666668,0.06,2026-06-21 14:00:00,2.5260000000000002
44.162033333333326,8.33629,2.31,0.0,1782050526000,2026-06-21 14:02:06,8.33629,0.06,2026-06-21 14:00:00,2.37
44.16203,8.336285,2.383,0.0,1782050527000,2026-06-21 14:02:07,8.336285,0.06,2026-06-21 14:00:00,2.443
44.16202833333333,8.336279999999999,2.144,0.0,1782050528000,2026-06-21 14:02:08,8.336279999999999,0.06,2026-06-21 14:00:00,2.204
44.16202499999999,8.336273333333333,2.009,0.0,1782050529000,2026-06-21 14:02:09,8.336273333333333,0.06,2026-06-21 14:00:00,2.069
44.16202166666667,8.336266666666667,1.998,0.0,1782050530000,2026-06-21 14:02:10,8.336266666666667,0.06,2026-06-21 14:00:00,2.058
44.16201833333333,8.336260000000001,1.946,0.0,1782050531000,2026-06-21 14:02:11,8.336260000000001,0.06,2026-06-21 14:00:00,2.006
44.16201666666666,8.336253333333334,1.957,0.0,1782050532000,2026-06-21 14:02:12,8.336253333333334,0.06,2026-06-21 14:00:00,2.017
44.162011666666665,8.336246666666666,2.238,0.0,1782050533000,2026-06-21 14:02:13,8.336246666666666,0.06,2026-06-21 14:00:00,2.298
44.16201,8.33624,2.3,0.0,1782050534000,2026-06-21 14:02:14,8.33624,0.06,2026-06-21 14:00:00,2.36
44.16200666666667,8.336233333333332,2.217,0.0,1782050535000,2026-06-21 14:02:15,8.336233333333332,0.06,2026-06-21 14:00:00,2.277
44.16200166666666,8.336228333333334,2.29,0.0,1782050536000,2026-06-21 14:02:16,8.336228333333334,0.06,2026-06-21 14:00:00,2.35
44.16199666666667,8.336225,2.04,0.0,1782050537000,2026-06-21 14:02:17,8.336225,0.06,2026-06-21 14:00:00,2.1
44.16199333333334,8.336216666666667,1.977,0.0,1782050538000,2026-06-21 14:02:18,8.336216666666667,0.06,2026-06-21 14:00:00,2.037
44.16199,8.336211666666665,2.185,0.0,1782050539000,2026-06-21 14:02:19,8.336211666666665,0.06,2026-06-21 14:00:00,2.245
44.161985,8.336205,2.081,0.0,1782050540000,2026-06-21 14:02:20,8.336205,0.06,2026-06-21 14:00:00,2.141
44.16198333333333,8.336198333333334,2.009,0.0,1782050541000,2026-06-21 14:02:21,8.336198333333334,0.06,2026-06-21 14:00:00,2.069
44.16197999999999,8.336195,2.154,0.0,1782050542000,2026-06-21 14:02:22,8.336195,0.06,2026-06-21 14:00:00,2.214
44.16197666666667,8.336188333333332,2.123,0.0,1782050543000,2026-06-21 14:02:23,8.336188333333332,0.06,2026-06-21 14:00:00,2.1830000000000003
44.161975,8.336181666666667,2.061,0.0,1782050544000,2026-06-21 14:02:24,8.336181666666667,0.06,2026-06-21 14:00:00,2.121
44.16197333333333,8.336176666666667,1.832,0.0,1782050545000,2026-06-21 14:02:25,8.336176666666667,0.06,2026-06-21 14:00:00,1.8920000000000001
44.16197,8.336170000000001,2.009,0.0,1782050546000,2026-06-21 14:02:26,8.336170000000001,0.06,2026-06-21 14:00:00,2.069
44.16196833333333,8.336163333333333,1.988,0.0,1782050547000,2026-06-21 14:02:27,8.336163333333333,0.06,2026-06-21 14:00:00,2.048
44.161966666666665,8.336156666666666,1.988,0.0,1782050548000,2026-06-21 14:02:28,8.336156666666666,0.06,2026-06-21 14:00:00,2.048
44.16196333333334,8.336148333333334,2.217,0.0,1782050549000,2026-06-21 14:02:29,8.336148333333334,0.06,2026-06-21 14:00:00,2.277
44.16196166666667,8.336143333333332,2.123,0.0,1782050550000,2026-06-21 14:02:30,8.336143333333332,0.06,2026-06-21 14:00:00,2.1830000000000003
44.16195666666668,8.336138333333334,2.123,0.0,1782050551000,2026-06-21 14:02:31,8.336138333333334,0.06,2026-06-21 14:00:00,2.1830000000000003
44.161955000000006,8.336131666666667,1.873,0.0,1782050552000,2026-06-21 14:02:32,8.336131666666667,0.06,2026-06-21 14:00:00,1.933
44.16195333333334,8.336125000000001,2.019,0.0,1782050553000,2026-06-21 14:02:33,8.336125000000001,0.06,2026-06-21 14:00:00,2.079
44.16195,8.33612,2.133,0.0,1782050554000,2026-06-21 14:02:34,8.33612,0.06,2026-06-21 14:00:00,2.193
44.16194833333334,8.336113333333333,2.154,0.0,1782050555000,2026-06-21 14:02:35,8.336113333333333,0.06,2026-06-21 14:00:00,2.214
44.161945,8.336105,2.227,0.0,1782050556000,2026-06-21 14:02:36,8.336105,0.06,2026-06-21 14:00:00,2.287
44.16194166666667,8.336096666666666,2.133,0.0,1782050557000,2026-06-21 14:02:37,8.336096666666666,0.06,2026-06-21 14:00:00,2.193
44.16194,8.336088333333333,2.123,0.0,1782050558000,2026-06-21 14:02:38,8.336088333333333,0.06,2026-06-21 14:00:00,2.1830000000000003
44.16193666666666,8.33608,2.3,0.0,1782050559000,2026-06-21 14:02:39,8.33608,0.06,2026-06-21 14:00:00,2.36
44.16193333333334,8.336073333333333,2.123,0.0,1782050560000,2026-06-21 14:02:40,8.336073333333333,0.06,2026-06-21 14:00:00,2.1830000000000003
44.16193166666667,8.336063333333334,2.206,0.0,1782050561000,2026-06-21 14:02:41,8.336063333333334,0.06,2026-06-21 14:00:00,2.266
44.16192833333333,8.336055,2.248,0.0,1782050562000,2026-06-21 14:02:42,8.336055,0.06,2026-06-21 14:00:00,2.3080000000000003
44.161925,8.336051666666666,1.998,0.0,1782050563000,2026-06-21 14:02:43,8.336051666666666,0.06,2026-06-21 14:00:00,2.058
44.16192333333333,8.336046666666666,2.113,0.0,1782050564000,2026-06-21 14:02:44,8.336046666666666,0.06,2026-06-21 14:00:00,2.173
44.16192,8.336041666666667,2.144,0.0,1782050565000,2026-06-21 14:02:45,8.336041666666667,0.06,2026-06-21 14:00:00,2.204
44.16191666666667,8.336033333333335,2.133,0.0,1782050566000,2026-06-21 14:02:46,8.336033333333335,0.06,2026-06-21 14:00:00,2.193
44.16191166666668,8.336026666666667,2.154,0.0,1782050567000,2026-06-21 14:02:47,8.336026666666667,0.06,2026-06-21 14:00:00,2.214
44.161910000000006,8.336021666666666,2.165,0.0,1782050568000,2026-06-21 14:02:48,8.336021666666666,0.06,2026-06-21 14:00:00,2.225
44.161905,8.336015,1.946,0.0,1782050569000,2026-06-21 14:02:49,8.336015,0.06,2026-06-21 14:00:00,2.006
44.16190166666667,8.336008333333332,2.331,0.0,1782050570000,2026-06-21 14:02:50,8.336008333333332,0.06,2026-06-21 14:00:00,2.391
44.161898333333326,8.336003333333334,2.331,0.0,1782050571000,2026-06-21 14:02:51,8.336003333333334,0.06,2026-06-21 14:00:00,2.391
44.161895,8.335998333333333,2.487,0.0,1782050572000,2026-06-21 14:02:52,8.335998333333333,0.06,2026-06-21 14:00:00,2.547
44.16189166666666,8.335991666666667,2.373,0.0,1782050573000,2026-06-21 14:02:53,8.335991666666667,0.06,2026-06-21 14:00:00,2.4330000000000003
44.16188999999999,8.335984999999999,2.477,0.0,1782050574000,2026-06-21 14:02:54,8.335984999999999,0.06,2026-06-21 14:00:00,2.537
44.161885,8.335978333333333,2.331,0.0,1782050575000,2026-06-21 14:02:55,8.335978333333333,0.06,2026-06-21 14:00:00,2.391
44.16188166666667,8.335971666666667,2.206,0.0,1782050576000,2026-06-21 14:02:56,8.335971666666667,0.06,2026-06-21 14:00:00,2.266
44.16188,8.335966666666668,2.227,0.0,1782050577000,2026-06-21 14:02:57,8.335966666666668,0.06,2026-06-21 14:00:00,2.287
44.16187666666666,8.335961666666666,2.071,0.0,1782050578000,2026-06-21 14:02:58,8.335961666666666,0.06,2026-06-21 14:00:00,2.1310000000000002
44.161875,8.335956666666668,2.05,0.0,1782050579000,2026-06-21 14:02:59,8.335956666666668,0.06,2026-06-21 14:00:00,2.11
44.16187166666667,8.33595,1.717,0.0,1782050580000,2026-06-21 14:03:00,8.33595,0.06,2026-06-21 14:00:00,1.7770000000000001
44.16186833333333,8.335945,1.832,0.0,1782050581000,2026-06-21 14:03:01,8.335945,0.06,2026-06-21 14:00:00,1.8920000000000001
44.161863333333336,8.335938333333333,1.998,0.0,1782050582000,2026-06-21 14:03:02,8.335938333333333,0.06,2026-06-21 14:00:00,2.058
44.16186,8.335935000000001,2.331,0.0,1782050583000,2026-06-21 14:03:03,8.335935000000001,0.06,2026-06-21 14:00:00,2.391
44.161855,8.33593,2.321,0.0,1782050584000,2026-06-21 14:03:04,8.33593,0.06,2026-06-21 14:00:00,2.3810000000000002
44.161853333333326,8.335925,2.113,0.0,1782050585000,2026-06-21 14:03:05,8.335925,0.06,2026-06-21 14:00:00,2.173
44.16185,8.335921666666668,2.227,0.0,1782050586000,2026-06-21 14:03:06,8.335921666666668,0.06,2026-06-21 14:00:00,2.287
44.16184833333333,8.335921666666668,2.217,0.0,1782050587000,2026-06-21 14:03:07,8.335921666666668,0.06,2026-06-21 14:00:00,2.277
44.16184666666666,8.33592,2.269,0.0,1782050588000,2026-06-21 14:03:08,8.33592,0.06,2026-06-21 14:00:00,2.329
44.16184499999999,8.335915,2.321,0.0,1782050589000,2026-06-21 14:03:09,8.335915,0.06,2026-06-21 14:00:00,2.3810000000000002
44.16184499999999,8.33591,2.321,0.0,1782050590000,2026-06-21 14:03:10,8.33591,0.06,2026-06-21 14:00:00,2.3810000000000002
44.16184166666667,8.335903333333333,2.227,0.0,1782050591000,2026-06-21 14:03:11,8.335903333333333,0.06,2026-06-21 14:00:00,2.287
44.16184166666667,8.335898333333335,2.248,0.0,1782050592000,2026-06-21 14:03:12,8.335898333333335,0.06,2026-06-21 14:00:00,2.3080000000000003
44.16183833333333,8.335890000000001,2.258,0.0,1782050593000,2026-06-21 14:03:13,8.335890000000001,0.06,2026-06-21 14:00:00,2.318
44.161835,8.335885,2.362,0.0,1782050594000,2026-06-21 14:03:14,8.335885,0.06,2026-06-21 14:00:00,2.422
44.16183333333333,8.335876666666667,2.508,0.0,1782050595000,2026-06-21 14:03:15,8.335876666666667,0.06,2026-06-21 14:00:00,2.568
44.16183166666666,8.33587,2.487,0.0,1782050596000,2026-06-21 14:03:16,8.33587,0.06,2026-06-21 14:00:00,2.547
44.16182833333334,8.335863333333332,2.539,0.0,1782050597000,2026-06-21 14:03:17,8.335863333333332,0.06,2026-06-21 14:00:00,2.599
44.16182666666667,8.335855,2.466,0.0,1782050598000,2026-06-21 14:03:18,8.335855,0.06,2026-06-21 14:00:00,2.5260000000000002
44.16182666666667,8.335848333333333,2.508,0.0,1782050599000,2026-06-21 14:03:19,8.335848333333333,0.06,2026-06-21 14:00:00,2.568
44.161825,8.33584,2.664,0.0,1782050600000,2026-06-21 14:03:20,8.33584,0.06,2026-06-21 14:00:00,2.724
44.16182333333333,8.335831666666667,2.456,0.0,1782050601000,2026-06-21 14:03:21,8.335831666666667,0.06,2026-06-21 14:00:00,2.516
44.16182166666668,8.335821666666668,1.977,0.0,1782050602000,2026-06-21 14:03:22,8.335821666666668,0.06,2026-06-21 14:00:00,2.037
44.161818333333336,8.335815,2.414,0.0,1782050603000,2026-06-21 14:03:23,8.335815,0.06,2026-06-21 14:00:00,2.474
44.16181666666667,8.335806666666667,2.404,0.0,1782050604000,2026-06-21 14:03:24,8.335806666666667,0.06,2026-06-21 14:00:00,2.464
44.16181333333334,8.3358,2.539,0.0,1782050605000,2026-06-21 14:03:25,8.3358,0.06,2026-06-21 14:00:00,2.599
44.16181166666667,8.335793333333333,2.518,0.0,1782050606000,2026-06-21 14:03:26,8.335793333333333,0.06,2026-06-21 14:00:00,2.578
44.16181,8.335788333333333,2.591,0.0,1782050607000,2026-06-21 14:03:27,8.335788333333333,0.06,2026-06-21 14:00:00,2.6510000000000002
44.161808333333326,8.335783333333334,2.435,0.0,1782050608000,2026-06-21 14:03:28,8.335783333333334,0.06,2026-06-21 14:00:00,2.495
44.161805,8.335776666666668,2.362,0.0,1782050609000,2026-06-21 14:03:29,8.335776666666668,0.06,2026-06-21 14:00:00,2.422
44.16180166666666,8.335771666666666,2.352,0.0,1782050610000,2026-06-21 14:03:30,8.335771666666666,0.06,2026-06-21 14:00:00,2.412
44.16180166666666,8.335766666666666,2.612,0.0,1782050611000,2026-06-21 14:03:31,8.335766666666666,0.06,2026-06-21 14:00:00,2.672
44.16179999999999,8.335759999999999,2.518,0.0,1782050612000,2026-06-21 14:03:32,8.335759999999999,0.06,2026-06-21 14:00:00,2.578
44.16179833333334,8.335753333333335,2.477,0.0,1782050613000,2026-06-21 14:03:33,8.335753333333335,0.06,2026-06-21 14:00:00,2.537
44.16179833333334,8.335746666666667,2.435,0.0,1782050614000,2026-06-21 14:03:34,8.335746666666667,0.06,2026-06-21 14:00:00,2.495
44.16179666666667,8.335736666666666,2.414,0.0,1782050615000,2026-06-21 14:03:35,8.335736666666666,0.06,2026-06-21 14:00:00,2.474
44.161795,8.335730000000002,2.425,0.0,1782050616000,2026-06-21 14:03:36,8.335730000000002,0.06,2026-06-21 14:00:00,2.485
44.16179333333333,8.335723333333334,2.362,0.0,1782050617000,2026-06-21 14:03:37,8.335723333333334,0.06,2026-06-21 14:00:00,2.422
44.16179166666667,8.335716666666666,2.373,0.0,1782050618000,2026-06-21 14:03:38,8.335716666666666,0.06,2026-06-21 14:00:00,2.4330000000000003
44.16178833333333,8.335708333333335,2.352,0.0,1782050619000,2026-06-21 14:03:39,8.335708333333335,0.06,2026-06-21 14:00:00,2.412
44.16178666666666,8.335700000000001,2.238,0.0,1782050620000,2026-06-21 14:03:40,8.335700000000001,0.06,2026-06-21 14:00:00,2.298
44.161785,8.335693333333333,2.238,0.0,1782050621000,2026-06-21 14:03:41,8.335693333333333,0.06,2026-06-21 14:00:00,2.298
44.16178166666667,8.335686666666668,2.352,0.0,1782050622000,2026-06-21 14:03:42,8.335686666666668,0.06,2026-06-21 14:00:00,2.412
44.16178,8.335676666666666,2.55,0.0,1782050623000,2026-06-21 14:03:43,8.335676666666666,0.06,2026-06-21 14:00:00,2.61
44.16178,8.335668333333333,2.321,0.0,1782050624000,2026-06-21 14:03:44,8.335668333333333,0.06,2026-06-21 14:00:00,2.3810000000000002
44.16177833333333,8.335659999999999,2.3,0.0,1782050625000,2026-06-21 14:03:45,8.335659999999999,0.06,2026-06-21 14:00:00,2.36
44.16177833333333,8.335653333333333,2.227,0.0,1782050626000,2026-06-21 14:03:46,8.335653333333333,0.06,2026-06-21 14:00:00,2.287
44.16177833333333,8.335645,1.884,0.0,1782050627000,2026-06-21 14:03:47,8.335645,0.06,2026-06-21 14:00:00,1.944
44.16177666666668,8.335638333333332,2.009,0.0,1782050628000,2026-06-21 14:03:48,8.335638333333332,0.06,2026-06-21 14:00:00,2.069
44.161775000000006,8.33563,1.863,0.0,1782050629000,2026-06-21 14:03:49,8.33563,0.06,2026-06-21 14:00:00,1.923
44.161773333333336,8.335623333333332,2.144,0.0,1782050630000,2026-06-21 14:03:50,8.335623333333332,0.06,2026-06-21 14:00:00,2.204
44.16177166666667,8.335616666666665,2.3,0.0,1782050631000,2026-06-21 14:03:51,8.335616666666665,0.06,2026-06-21 14:00:00,2.36
44.16177,8.33561,2.425,0.0,1782050632000,2026-06-21 14:03:52,8.33561,0.06,2026-06-21 14:00:00,2.485
44.16176666666667,8.335603333333333,2.394,0.0,1782050633000,2026-06-21 14:03:53,8.335603333333333,0.06,2026-06-21 14:00:00,2.454
44.161763333333326,8.335595000000001,2.55,0.0,1782050634000,2026-06-21 14:03:54,8.335595000000001,0.06,2026-06-21 14:00:00,2.61
44.16176,8.335585,2.394,0.0,1782050635000,2026-06-21 14:03:55,8.335585,0.06,2026-06-21 14:00:00,2.454
44.16175666666666,8.335578333333332,2.165,0.0,1782050636000,2026-06-21 14:03:56,8.335578333333332,0.06,2026-06-21 14:00:00,2.225
44.16175666666666,8.335571666666668,1.988,0.0,1782050637000,2026-06-21 14:03:57,8.335571666666668,0.06,2026-06-21 14:00:00,2.048
44.16175499999999,8.335565,2.113,0.0,1782050638000,2026-06-21 14:03:58,8.335565,0.06,2026-06-21 14:00:00,2.173
44.16175166666667,8.335558333333333,2.144,0.0,1782050639000,2026-06-21 14:03:59,8.335558333333333,0.06,2026-06-21 14:00:00,2.204
44.16175,8.335550000000001,2.217,0.0,1782050640000,2026-06-21 14:04:00,8.335550000000001,0.06,2026-06-21 14:00:00,2.277
44.16174833333333,8.335545,2.331,0.0,1782050641000,2026-06-21 14:04:01,8.335545,0.06,2026-06-21 14:00:00,2.391
44.161745,8.335538333333334,2.362,0.0,1782050642000,2026-06-21 14:04:02,8.335538333333334,0.06,2026-06-21 14:00:00,2.422
44.16174333333333,8.335531666666666,2.3,0.0,1782050643000,2026-06-21 14:04:03,8.335531666666666,0.06,2026-06-21 14:00:00,2.36
44.16174166666666,8.335524999999999,2.123,0.0,1782050644000,2026-06-21 14:04:04,8.335524999999999,0.06,2026-06-21 14:00:00,2.1830000000000003
44.16174,8.33552,2.175,0.0,1782050645000,2026-06-21 14:04:05,8.33552,0.06,2026-06-21 14:00:00,2.235
44.16174,8.335513333333333,2.466,0.0,1782050646000,2026-06-21 14:04:06,8.335513333333333,0.06,2026-06-21 14:00:00,2.5260000000000002
44.16174,8.335506666666667,2.321,0.0,1782050647000,2026-06-21 14:04:07,8.335506666666667,0.06,2026-06-21 14:00:00,2.3810000000000002
44.16173666666667,8.3355,2.487,0.0,1782050648000,2026-06-21 14:04:08,8.3355,0.06,2026-06-21 14:00:00,2.547
44.16173833333334,8.335495,2.685,0.0,1782050649000,2026-06-21 14:04:09,8.335495,0.06,2026-06-21 14:00:00,2.745
44.16173833333334,8.335486666666666,2.716,0.0,1782050650000,2026-06-21 14:04:10,8.335486666666666,0.06,2026-06-21 14:00:00,2.7760000000000002
44.16173666666667,8.335479999999999,2.664,0.0,1782050651000,2026-06-21 14:04:11,8.335479999999999,0.06,2026-06-21 14:00:00,2.724
44.16173666666667,8.335473333333335,2.747,0.0,1782050652000,2026-06-21 14:04:12,8.335473333333335,0.06,2026-06-21 14:00:00,2.807
44.161735,8.335466666666667,2.55,0.0,1782050653000,2026-06-21 14:04:13,8.335466666666667,0.06,2026-06-21 14:00:00,2.61
44.161735,8.335460000000001,2.394,0.0,1782050654000,2026-06-21 14:04:14,8.335460000000001,0.06,2026-06-21 14:00:00,2.454
44.16173666666667,8.335453333333334,2.175,0.0,1782050655000,2026-06-21 14:04:15,8.335453333333334,0.06,2026-06-21 14:00:00,2.235
44.161735,8.335448333333334,2.185,0.0,1782050656000,2026-06-21 14:04:16,8.335448333333334,0.06,2026-06-21 14:00:00,2.245
44.16173333333333,8.33544,2.05,0.0,1782050657000,2026-06-21 14:04:17,8.33544,0.06,2026-06-21 14:00:00,2.11
44.16173333333333,8.335433333333333,2.175,0.0,1782050658000,2026-06-21 14:04:18,8.335433333333333,0.06,2026-06-21 14:00:00,2.235
44.16173166666668,8.335428333333335,2.175,0.0,1782050659000,2026-06-21 14:04:19,8.335428333333335,0.06,2026-06-21 14:00:00,2.235
44.16173333333333,8.335421666666667,2.279,0.0,1782050660000,2026-06-21 14:04:20,8.335421666666667,0.06,2026-06-21 14:00:00,2.339
44.16173166666668,8.335413333333333,2.373,0.0,1782050661000,2026-06-21 14:04:21,8.335413333333333,0.06,2026-06-21 14:00:00,2.4330000000000003
44.161730000000006,8.335405,2.081,0.0,1782050662000,2026-06-21 14:04:22,8.335405,0.06,2026-06-21 14:00:00,2.141
44.161728333333336,8.335396666666666,2.331,0.0,1782050663000,2026-06-21 14:04:23,8.335396666666666,0.06,2026-06-21 14:00:00,2.391
44.16172666666667,8.335388333333333,1.748,0.0,1782050664000,2026-06-21 14:04:24,8.335388333333333,0.06,2026-06-21 14:00:00,1.808
44.161725,8.335379999999999,2.081,0.0,1782050665000,2026-06-21 14:04:25,8.335379999999999,0.06,2026-06-21 14:00:00,2.141
44.161725,8.335373333333333,1.977,0.0,1782050666000,2026-06-21 14:04:26,8.335373333333333,0.06,2026-06-21 14:00:00,2.037
44.16172333333334,8.335366666666665,2.321,0.0,1782050667000,2026-06-21 14:04:27,8.335366666666665,0.06,2026-06-21 14:00:00,2.3810000000000002
44.16172333333334,8.33536,2.404,0.0,1782050668000,2026-06-21 14:04:28,8.33536,0.06,2026-06-21 14:00:00,2.464
44.16172166666667,8.335353333333334,2.31,0.0,1782050669000,2026-06-21 14:04:29,8.335353333333334,0.06,2026-06-21 14:00:00,2.37
44.16172,8.335346666666668,2.373,0.0,1782050670000,2026-06-21 14:04:30,8.335346666666668,0.06,2026-06-21 14:00:00,2.4330000000000003
44.16172,8.335338333333334,2.133,0.0,1782050671000,2026-06-21 14:04:31,8.335338333333334,0.06,2026-06-21 14:00:00,2.193
44.16172,8.335333333333333,2.071,0.0,1782050672000,2026-06-21 14:04:32,8.335333333333333,0.06,2026-06-21 14:00:00,2.1310000000000002
44.161718333333326,8.335326666666667,2.29,0.0,1782050673000,2026-06-21 14:04:33,8.335326666666667,0.06,2026-06-21 14:00:00,2.35
44.161718333333326,8.33532,1.873,0.0,1782050674000,2026-06-21 14:04:34,8.33532,0.06,2026-06-21 14:00:00,1.933
44.16172,8.335313333333334,2.165,0.0,1782050675000,2026-06-21 14:04:35,8.335313333333334,0.06,2026-06-21 14:00:00,2.225
44.161718333333326,8.335306666666666,1.977,0.0,1782050676000,2026-06-21 14:04:36,8.335306666666666,0.06,2026-06-21 14:00:00,2.037
44.16171666666667,8.335296666666666,1.977,0.0,1782050677000,2026-06-21 14:04:37,8.335296666666666,0.06,2026-06-21 14:00:00,2.037
44.161715,8.335288333333333,1.977,0.0,1782050678000,2026-06-21 14:04:38,8.335288333333333,0.06,2026-06-21 14:00:00,2.037
44.161715,8.335280000000001,1.936,0.0,1782050679000,2026-06-21 14:04:39,8.335280000000001,0.06,2026-06-21 14:00:00,1.996
44.161715,8.335271666666667,1.967,0.0,1782050680000,2026-06-21 14:04:40,8.335271666666667,0.06,2026-06-21 14:00:00,2.027
44.161715,8.335265,1.832,0.0,1782050681000,2026-06-21 14:04:41,8.335265,0.06,2026-06-21 14:00:00,1.8920000000000001
44.16171333333333,8.335258333333334,1.811,0.0,1782050682000,2026-06-21 14:04:42,8.335258333333334,0.06,2026-06-21 14:00:00,1.871
44.16171166666666,8.335255,1.915,0.0,1782050683000,2026-06-21 14:04:43,8.335255,0.06,2026-06-21 14:00:00,1.975
44.16171166666666,8.33525,1.832,0.0,1782050684000,2026-06-21 14:04:44,8.33525,0.06,2026-06-21 14:00:00,1.8920000000000001
44.16170999999999,8.335246666666666,1.863,0.0,1782050685000,2026-06-21 14:04:45,8.335246666666666,0.06,2026-06-21 14:00:00,1.923
44.16170833333334,8.33524,1.717,0.0,1782050686000,2026-06-21 14:04:46,8.33524,0.06,2026-06-21 14:00:00,1.7770000000000001
44.16170833333334,8.335233333333333,1.894,0.0,1782050687000,2026-06-21 14:04:47,8.335233333333333,0.06,2026-06-21 14:00:00,1.954
44.16170666666667,8.335228333333333,1.78,0.0,1782050688000,2026-06-21 14:04:48,8.335228333333333,0.06,2026-06-21 14:00:00,1.84
44.16170333333333,8.335221666666666,1.821,0.0,1782050689000,2026-06-21 14:04:49,8.335221666666666,0.06,2026-06-21 14:00:00,1.881
44.16170333333333,8.335216666666668,1.634,0.0,1782050690000,2026-06-21 14:04:50,8.335216666666668,0.06,2026-06-21 14:00:00,1.694
44.16170333333333,8.33521,1.769,0.0,1782050691000,2026-06-21 14:04:51,8.33521,0.06,2026-06-21 14:00:00,1.829
44.16170333333333,8.335205,1.717,0.0,1782050692000,2026-06-21 14:04:52,8.335205,0.06,2026-06-21 14:00:00,1.7770000000000001
44.16170333333333,8.335198333333333,1.967,0.0,1782050693000,2026-06-21 14:04:53,8.335198333333333,0.06,2026-06-21 14:00:00,2.027
44.16170333333333,8.335191666666667,1.592,0.0,1782050694000,2026-06-21 14:04:54,8.335191666666667,0.06,2026-06-21 14:00:00,1.6520000000000001
44.16170166666667,8.335183333333333,1.832,0.0,1782050695000,2026-06-21 14:04:55,8.335183333333333,0.06,2026-06-21 14:00:00,1.8920000000000001
44.16170333333333,8.335175,1.655,0.0,1782050696000,2026-06-21 14:04:56,8.335175,0.06,2026-06-21 14:00:00,1.715
44.161705,8.335168333333334,1.925,0.0,1782050697000,2026-06-21 14:04:57,8.335168333333334,0.06,2026-06-21 14:00:00,1.985
44.161705,8.33516,1.561,0.0,1782050698000,2026-06-21 14:04:58,8.33516,0.06,2026-06-21 14:00:00,1.621
44.16170333333333,8.335151666666667,1.613,0.0,1782050699000,2026-06-21 14:04:59,8.335151666666667,0.06,2026-06-21 14:00:00,1.673
44.16170166666667,8.335145,1.467,0.0,1782050700000,2026-06-21 14:05:00,8.335145,0.06,2026-06-21 14:00:00,1.5270000000000001
44.16170166666667,8.335139999999999,1.29,0.0,1782050701000,2026-06-21 14:05:01,8.335139999999999,0.06,2026-06-21 14:10:00,1.35
44.16170333333333,8.335133333333333,1.551,0.0,1782050702000,2026-06-21 14:05:02,8.335133333333333,0.06,2026-06-21 14:10:00,1.611
44.16170333333333,8.335125,1.582,0.0,1782050703000,2026-06-21 14:05:03,8.335125,0.06,2026-06-21 14:10:00,1.6420000000000001
44.16170166666667,8.335116666666666,1.582,0.0,1782050704000,2026-06-21 14:05:04,8.335116666666666,0.06,2026-06-21 14:10:00,1.6420000000000001
44.16170333333333,8.335109999999998,1.748,0.0,1782050705000,2026-06-21 14:05:05,8.335109999999998,0.06,2026-06-21 14:10:00,1.808
44.161705,8.335103333333333,1.665,0.0,1782050706000,2026-06-21 14:05:06,8.335103333333333,0.06,2026-06-21 14:10:00,1.725
44.161705,8.335098333333333,1.457,0.0,1782050707000,2026-06-21 14:05:07,8.335098333333333,0.06,2026-06-21 14:10:00,1.5170000000000001
44.161705,8.335091666666667,1.447,0.0,1782050708000,2026-06-21 14:05:08,8.335091666666667,0.06,2026-06-21 14:10:00,1.5070000000000001
44.16170333333333,8.335091666666667,1.415,0.0,1782050709000,2026-06-21 14:05:09,8.335091666666667,0.06,2026-06-21 14:10:00,1.475
44.16170333333333,8.335086666666665,1.467,0.0,1782050710000,2026-06-21 14:05:10,8.335086666666665,0.06,2026-06-21 14:10:00,1.5270000000000001
44.161705,8.335085,1.571,0.0,1782050711000,2026-06-21 14:05:11,8.335085,0.06,2026-06-21 14:10:00,1.631
44.16170333333333,8.335078333333334,1.582,0.0,1782050712000,2026-06-21 14:05:12,8.335078333333334,0.06,2026-06-21 14:10:00,1.6420000000000001
44.161705,8.335071666666666,1.613,0.0,1782050713000,2026-06-21 14:05:13,8.335071666666666,0.06,2026-06-21 14:10:00,1.673
44.16170833333334,8.335061666666666,1.457,0.0,1782050714000,2026-06-21 14:05:14,8.335061666666666,0.06,2026-06-21 14:10:00,1.5170000000000001
44.16170666666667,8.33506,1.54,0.0,1782050715000,2026-06-21 14:05:15,8.33506,0.06,2026-06-21 14:10:00,1.6
44.16170833333334,8.335055,1.53,0.0,1782050716000,2026-06-21 14:05:16,8.335055,0.06,2026-06-21 14:10:00,1.59
44.16170833333334,8.335055,1.665,0.0,1782050717000,2026-06-21 14:05:17,8.335055,0.06,2026-06-21 14:10:00,1.725
44.16170999999999,8.335053333333333,1.665,0.0,1782050718000,2026-06-21 14:05:18,8.335053333333333,0.06,2026-06-21 14:10:00,1.725
44.16170999999999,8.335053333333333,1.551,0.0,1782050719000,2026-06-21 14:05:19,8.335053333333333,0.06,2026-06-21 14:10:00,1.611
44.16170833333334,8.335053333333333,1.582,0.0,1782050720000,2026-06-21 14:05:20,8.335053333333333,0.06,2026-06-21 14:10:00,1.6420000000000001
44.16170666666667,8.335053333333333,1.53,0.0,1782050721000,2026-06-21 14:05:21,8.335053333333333,0.06,2026-06-21 14:10:00,1.59
44.161705,8.335053333333333,1.54,0.0,1782050722000,2026-06-21 14:05:22,8.335053333333333,0.06,2026-06-21 14:10:00,1.6
44.161705,8.335053333333333,1.592,0.0,1782050723000,2026-06-21 14:05:23,8.335053333333333,0.06,2026-06-21 14:10:00,1.6520000000000001
44.161705,8.335053333333333,1.571,0.0,1782050724000,2026-06-21 14:05:24,8.335053333333333,0.06,2026-06-21 14:10:00,1.631
44.161705,8.335053333333333,1.582,0.0,1782050725000,2026-06-21 14:05:25,8.335053333333333,0.06,2026-06-21 14:10:00,1.6420000000000001
44.16170333333333,8.335053333333333,1.53,0.0,1782050726000,2026-06-21 14:05:26,8.335053333333333,0.06,2026-06-21 14:10:00,1.59
44.16170333333333,8.335053333333333,1.509,0.0,1782050727000,2026-06-21 14:05:27,8.335053333333333,0.06,2026-06-21 14:10:00,1.569
44.16170333333333,8.335053333333333,1.488,0.0,1782050728000,2026-06-21 14:05:28,8.335053333333333,0.06,2026-06-21 14:10:00,1.548
44.16170333333333,8.335055,1.53,0.0,1782050729000,2026-06-21 14:05:29,8.335055,0.06,2026-06-21 14:10:00,1.59
44.16170333333333,8.335055,1.499,0.0,1782050730000,2026-06-21 14:05:30,8.335055,0.06,2026-06-21 14:10:00,1.5590000000000002
44.16170333333333,8.335053333333333,1.603,0.0,1782050731000,2026-06-21 14:05:31,8.335053333333333,0.06,2026-06-21 14:10:00,1.663
44.16170333333333,8.335051666666667,1.447,0.0,1782050732000,2026-06-21 14:05:32,8.335051666666667,0.06,2026-06-21 14:10:00,1.5070000000000001
44.16170333333333,8.335049999999999,1.426,0.0,1782050733000,2026-06-21 14:05:33,8.335049999999999,0.06,2026-06-21 14:10:00,1.486
44.16170333333333,8.335046666666667,1.384,0.0,1782050734000,2026-06-21 14:05:34,8.335046666666667,0.06,2026-06-21 14:10:00,1.444
44.16170666666667,8.335048333333333,1.405,0.0,1782050735000,2026-06-21 14:05:35,8.335048333333333,0.06,2026-06-21 14:10:00,1.465
44.16170666666667,8.335046666666667,1.426,0.0,1782050736000,2026-06-21 14:05:36,8.335046666666667,0.06,2026-06-21 14:10:00,1.486
44.16170833333334,8.335048333333333,1.384,0.0,1782050737000,2026-06-21 14:05:37,8.335048333333333,0.06,2026-06-21 14:10:00,1.444
44.16170833333334,8.335049999999999,1.436,0.0,1782050738000,2026-06-21 14:05:38,8.335049999999999,0.06,2026-06-21 14:10:00,1.496
44.16170999999999,8.335049999999999,1.457,0.0,1782050739000,2026-06-21 14:05:39,8.335049999999999,0.06,2026-06-21 14:10:00,1.5170000000000001
44.16170833333334,8.335051666666667,1.634,0.0,1782050740000,2026-06-21 14:05:40,8.335051666666667,0.06,2026-06-21 14:10:00,1.694
44.16170999999999,8.335053333333333,1.478,0.0,1782050741000,2026-06-21 14:05:41,8.335053333333333,0.06,2026-06-21 14:10:00,1.538
44.16170833333334,8.335053333333333,1.644,0.0,1782050742000,2026-06-21 14:05:42,8.335053333333333,0.06,2026-06-21 14:10:00,1.704
44.16170833333334,8.335053333333333,1.54,0.0,1782050743000,2026-06-21 14:05:43,8.335053333333333,0.06,2026-06-21 14:10:00,1.6
44.16170666666667,8.335053333333333,1.499,0.0,1782050744000,2026-06-21 14:05:44,8.335053333333333,0.06,2026-06-21 14:10:00,1.5590000000000002
44.16170666666667,8.335055,1.509,0.0,1782050745000,2026-06-21 14:05:45,8.335055,0.06,2026-06-21 14:10:00,1.569
44.16170666666667,8.335056666666667,1.53,0.0,1782050746000,2026-06-21 14:05:46,8.335056666666667,0.06,2026-06-21 14:10:00,1.59
44.16170666666667,8.33506,1.499,0.0,1782050747000,2026-06-21 14:05:47,8.33506,0.06,2026-06-21 14:10:00,1.5590000000000002
44.16170833333334,8.335061666666666,1.519,0.0,1782050748000,2026-06-21 14:05:48,8.335061666666666,0.06,2026-06-21 14:10:00,1.579
44.16170833333334,8.33506,1.551,0.0,1782050749000,2026-06-21 14:05:49,8.33506,0.06,2026-06-21 14:10:00,1.611
44.16170833333334,8.335061666666666,1.53,0.0,1782050750000,2026-06-21 14:05:50,8.335061666666666,0.06,2026-06-21 14:10:00,1.59
44.16170833333334,8.335061666666666,1.603,0.0,1782050751000,2026-06-21 14:05:51,8.335061666666666,0.06,2026-06-21 14:10:00,1.663
44.16170833333334,8.335061666666666,1.488,0.0,1782050752000,2026-06-21 14:05:52,8.335061666666666,0.06,2026-06-21 14:10:00,1.548
44.16170999999999,8.335061666666666,1.582,0.0,1782050753000,2026-06-21 14:05:53,8.335061666666666,0.06,2026-06-21 14:10:00,1.6420000000000001
44.16170999999999,8.335061666666666,1.634,0.0,1782050754000,2026-06-21 14:05:54,8.335061666666666,0.06,2026-06-21 14:10:00,1.694
44.16170999999999,8.335063333333332,1.582,0.0,1782050755000,2026-06-21 14:05:55,8.335063333333332,0.06,2026-06-21 14:10:00,1.6420000000000001
44.16170999999999,8.335063333333332,1.561,0.0,1782050756000,2026-06-21 14:05:56,8.335063333333332,0.06,2026-06-21 14:10:00,1.621
44.16171166666666,8.335063333333332,1.748,0.0,1782050757000,2026-06-21 14:05:57,8.335063333333332,0.06,2026-06-21 14:10:00,1.808
44.16171166666666,8.335064999999998,1.405,0.0,1782050758000,2026-06-21 14:05:58,8.335064999999998,0.06,2026-06-21 14:10:00,1.465
44.16171333333333,8.335066666666668,1.54,0.0,1782050759000,2026-06-21 14:05:59,8.335066666666668,0.06,2026-06-21 14:10:00,1.6
44.16171333333333,8.335068333333334,1.665,0.0,1782050760000,2026-06-21 14:06:00,8.335068333333334,0.06,2026-06-21 14:10:00,1.725
44.161715,8.335068333333334,1.613,0.0,1782050761000,2026-06-21 14:06:01,8.335068333333334,0.06,2026-06-21 14:10:00,1.673
44.161715,8.33507,1.665,0.0,1782050762000,2026-06-21 14:06:02,8.33507,0.06,2026-06-21 14:10:00,1.725
44.161715,8.335073333333334,1.519,0.0,1782050763000,2026-06-21 14:06:03,8.335073333333334,0.06,2026-06-21 14:10:00,1.579
44.161715,8.335075,1.623,0.0,1782050764000,2026-06-21 14:06:04,8.335075,0.06,2026-06-21 14:10:00,1.683
44.161715,8.335075,1.582,0.0,1782050765000,2026-06-21 14:06:05,8.335075,0.06,2026-06-21 14:10:00,1.6420000000000001
44.161715,8.335076666666668,1.759,0.0,1782050766000,2026-06-21 14:06:06,8.335076666666668,0.06,2026-06-21 14:10:00,1.819
44.161715,8.33508,1.592,0.0,1782050767000,2026-06-21 14:06:07,8.33508,0.06,2026-06-21 14:10:00,1.6520000000000001
44.16171666666667,8.335081666666667,1.582,0.0,1782050768000,2026-06-21 14:06:08,8.335081666666667,0.06,2026-06-21 14:10:00,1.6420000000000001
44.16172,8.335085,1.27,0.0,1782050769000,2026-06-21 14:06:09,8.335085,0.06,2026-06-21 14:10:00,1.33
44.16172166666667,8.335090000000001,1.53,0.0,1782050770000,2026-06-21 14:06:10,8.335090000000001,0.06,2026-06-21 14:10:00,1.59
44.16172,8.335093333333333,1.551,0.0,1782050771000,2026-06-21 14:06:11,8.335093333333333,0.06,2026-06-21 14:10:00,1.611
44.16172,8.335096666666667,1.603,0.0,1782050772000,2026-06-21 14:06:12,8.335096666666667,0.06,2026-06-21 14:10:00,1.663
44.161715,8.335093333333333,1.79,0.0,1782050773000,2026-06-21 14:06:13,8.335093333333333,0.06,2026-06-21 14:10:00,1.85
44.16171666666667,8.335090000000001,1.665,0.0,1782050774000,2026-06-21 14:06:14,8.335090000000001,0.06,2026-06-21 14:10:00,1.725
44.16171666666667,8.335090000000001,1.832,0.0,1782050775000,2026-06-21 14:06:15,8.335090000000001,0.06,2026-06-21 14:10:00,1.8920000000000001
44.16171666666667,8.335088333333335,1.8,0.0,1782050776000,2026-06-21 14:06:16,8.335088333333335,0.06,2026-06-21 14:10:00,1.86
44.16171666666667,8.335088333333335,1.8,0.0,1782050777000,2026-06-21 14:06:17,8.335088333333335,0.06,2026-06-21 14:10:00,1.86
44.161715,8.335090000000001,1.405,0.0,1782050778000,2026-06-21 14:06:18,8.335090000000001,0.06,2026-06-21 14:10:00,1.465
44.161715,8.335091666666667,1.488,0.0,1782050779000,2026-06-21 14:06:19,8.335091666666667,0.06,2026-06-21 14:10:00,1.548
44.16171333333333,8.335091666666667,1.426,0.0,1782050780000,2026-06-21 14:06:20,8.335091666666667,0.06,2026-06-21 14:10:00,1.486
44.16171333333333,8.335091666666667,1.405,0.0,1782050781000,2026-06-21 14:06:21,8.335091666666667,0.06,2026-06-21 14:10:00,1.465
44.16171333333333,8.335091666666667,1.561,0.0,1782050782000,2026-06-21 14:06:22,8.335091666666667,0.06,2026-06-21 14:10:00,1.621
44.16171166666666,8.335090000000001,1.301,0.0,1782050783000,2026-06-21 14:06:23,8.335090000000001,0.06,2026-06-21 14:10:00,1.361
44.16171166666666,8.335090000000001,1.353,0.0,1782050784000,2026-06-21 14:06:24,8.335090000000001,0.06,2026-06-21 14:10:00,1.413
44.16171166666666,8.335090000000001,1.249,0.0,1782050785000,2026-06-21 14:06:25,8.335090000000001,0.06,2026-06-21 14:10:00,1.3090000000000002
44.16171166666666,8.335090000000001,1.54,0.0,1782050786000,2026-06-21 14:06:26,8.335090000000001,0.06,2026-06-21 14:10:00,1.6
44.16171166666666,8.335090000000001,1.426,0.0,1782050787000,2026-06-21 14:06:27,8.335090000000001,0.06,2026-06-21 14:10:00,1.486
44.16171166666666,8.335088333333335,1.488,0.0,1782050788000,2026-06-21 14:06:28,8.335088333333335,0.06,2026-06-21 14:10:00,1.548
44.16171333333333,8.335086666666665,1.395,0.0,1782050789000,2026-06-21 14:06:29,8.335086666666665,0.06,2026-06-21 14:10:00,1.455
44.16171333333333,8.335085,1.28,0.0,1782050790000,2026-06-21 14:06:30,8.335085,0.06,2026-06-21 14:10:00,1.34
44.16171333333333,8.335086666666665,1.353,0.0,1782050791000,2026-06-21 14:06:31,8.335086666666665,0.06,2026-06-21 14:10:00,1.413
44.16171333333333,8.335086666666665,1.395,0.0,1782050792000,2026-06-21 14:06:32,8.335086666666665,0.06,2026-06-21 14:10:00,1.455
44.16171333333333,8.335088333333335,1.478,0.0,1782050793000,2026-06-21 14:06:33,8.335088333333335,0.06,2026-06-21 14:10:00,1.538
44.161715,8.335086666666665,1.499,0.0,1782050794000,2026-06-21 14:06:34,8.335086666666665,0.06,2026-06-21 14:10:00,1.5590000000000002
44.16171666666667,8.335085,1.519,0.0,1782050795000,2026-06-21 14:06:35,8.335085,0.06,2026-06-21 14:10:00,1.579
44.161718333333326,8.335083333333333,1.603,0.0,1782050796000,2026-06-21 14:06:36,8.335083333333333,0.06,2026-06-21 14:10:00,1.663
44.161718333333326,8.335081666666667,1.728,0.0,1782050797000,2026-06-21 14:06:37,8.335081666666667,0.06,2026-06-21 14:10:00,1.788
44.161718333333326,8.335081666666667,1.623,0.0,1782050798000,2026-06-21 14:06:38,8.335081666666667,0.06,2026-06-21 14:10:00,1.683
44.16172,8.33508,1.696,0.0,1782050799000,2026-06-21 14:06:39,8.33508,0.06,2026-06-21 14:10:00,1.756
44.161718333333326,8.33508,1.676,0.0,1782050800000,2026-06-21 14:06:40,8.33508,0.06,2026-06-21 14:10:00,1.736
44.161718333333326,8.33508,1.748,0.0,1782050801000,2026-06-21 14:06:41,8.33508,0.06,2026-06-21 14:10:00,1.808
44.161718333333326,8.33508,1.603,0.0,1782050802000,2026-06-21 14:06:42,8.33508,0.06,2026-06-21 14:10:00,1.663
44.16172,8.33508,1.665,0.0,1782050803000,2026-06-21 14:06:43,8.33508,0.06,2026-06-21 14:10:00,1.725
44.16172,8.335078333333334,1.707,0.0,1782050804000,2026-06-21 14:06:44,8.335078333333334,0.06,2026-06-21 14:10:00,1.7670000000000001
44.161718333333326,8.335078333333334,1.665,0.0,1782050805000,2026-06-21 14:06:45,8.335078333333334,0.06,2026-06-21 14:10:00,1.725
44.16172,8.335078333333334,1.509,0.0,1782050806000,2026-06-21 14:06:46,8.335078333333334,0.06,2026-06-21 14:10:00,1.569
44.16172,8.335078333333334,1.499,0.0,1782050807000,2026-06-21 14:06:47,8.335078333333334,0.06,2026-06-21 14:10:00,1.5590000000000002
44.16172,8.335078333333334,1.519,0.0,1782050808000,2026-06-21 14:06:48,8.335078333333334,0.06,2026-06-21 14:10:00,1.579
44.16172,8.335078333333334,1.488,0.0,1782050809000,2026-06-21 14:06:49,8.335078333333334,0.06,2026-06-21 14:10:00,1.548
44.16172,8.335076666666668,1.415,0.0,1782050810000,2026-06-21 14:06:50,8.335076666666668,0.06,2026-06-21 14:10:00,1.475
44.16172,8.335076666666668,1.499,0.0,1782050811000,2026-06-21 14:06:51,8.335076666666668,0.06,2026-06-21 14:10:00,1.5590000000000002
44.16172,8.335076666666668,1.499,0.0,1782050812000,2026-06-21 14:06:52,8.335076666666668,0.06,2026-06-21 14:10:00,1.5590000000000002
44.16172,8.335078333333334,1.488,0.0,1782050813000,2026-06-21 14:06:53,8.335078333333334,0.06,2026-06-21 14:10:00,1.548
44.16172,8.33508,1.613,0.0,1782050814000,2026-06-21 14:06:54,8.33508,0.06,2026-06-21 14:10:00,1.673
44.16172,8.335078333333334,1.384,0.0,1782050815000,2026-06-21 14:06:55,8.335078333333334,0.06,2026-06-21 14:10:00,1.444
44.16172166666667,8.335078333333334,1.613,0.0,1782050816000,2026-06-21 14:06:56,8.335078333333334,0.06,2026-06-21 14:10:00,1.673
44.16172166666667,8.335078333333334,1.623,0.0,1782050817000,2026-06-21 14:06:57,8.335078333333334,0.06,2026-06-21 14:10:00,1.683
44.16172166666667,8.335078333333334,1.571,0.0,1782050818000,2026-06-21 14:06:58,8.335078333333334,0.06,2026-06-21 14:10:00,1.631
44.16172166666667,8.335076666666668,1.561,0.0,1782050819000,2026-06-21 14:06:59,8.335076666666668,0.06,2026-06-21 14:10:00,1.621
44.16172333333334,8.335073333333334,1.311,0.0,1782050820000,2026-06-21 14:07:00,8.335073333333334,0.06,2026-06-21 14:10:00,1.371
44.16172333333334,8.33507,1.343,0.0,1782050821000,2026-06-21 14:07:01,8.33507,0.06,2026-06-21 14:10:00,1.403
44.161725,8.335066666666668,1.093,0.0,1782050822000,2026-06-21 14:07:02,8.335066666666668,0.06,2026-06-21 14:10:00,1.153
44.161725,8.335063333333332,0.978,0.0,1782050823000,2026-06-21 14:07:03,8.335063333333332,0.06,2026-06-21 14:10:00,1.038
44.16172666666667,8.335061666666666,0.968,0.0,1782050824000,2026-06-21 14:07:04,8.335061666666666,0.06,2026-06-21 14:10:00,1.028
44.16172666666667,8.33506,0.833,0.0,1782050825000,2026-06-21 14:07:05,8.33506,0.06,2026-06-21 14:10:00,0.893
44.161725,8.335058333333334,0.853,0.0,1782050826000,2026-06-21 14:07:06,8.335058333333334,0.06,2026-06-21 14:10:00,0.913
44.161728333333336,8.335056666666667,0.822,0.0,1782050827000,2026-06-21 14:07:07,8.335056666666667,0.06,2026-06-21 14:10:00,0.8819999999999999
44.161728333333336,8.335053333333333,0.874,0.0,1782050828000,2026-06-21 14:07:08,8.335053333333333,0.06,2026-06-21 14:10:00,0.9339999999999999
44.161728333333336,8.335048333333333,1.322,0.0,1782050829000,2026-06-21 14:07:09,8.335048333333333,0.06,2026-06-21 14:10:00,1.3820000000000001
44.161730000000006,8.335043333333335,1.29,0.0,1782050830000,2026-06-21 14:07:10,8.335043333333335,0.06,2026-06-21 14:10:00,1.35
44.161730000000006,8.33504,1.218,0.0,1782050831000,2026-06-21 14:07:11,8.33504,0.06,2026-06-21 14:10:00,1.278
44.16173166666668,8.335036666666667,1.155,0.0,1782050832000,2026-06-21 14:07:12,8.335036666666667,0.06,2026-06-21 14:10:00,1.215
44.16173166666668,8.335033333333334,1.311,0.0,1782050833000,2026-06-21 14:07:13,8.335033333333334,0.06,2026-06-21 14:10:00,1.371
44.16173166666668,8.335033333333334,1.332,0.0,1782050834000,2026-06-21 14:07:14,8.335033333333334,0.06,2026-06-21 14:10:00,1.3920000000000001
44.16173166666668,8.335031666666668,1.478,0.0,1782050835000,2026-06-21 14:07:15,8.335031666666668,0.06,2026-06-21 14:10:00,1.538
44.16173166666668,8.335031666666668,1.29,0.0,1782050836000,2026-06-21 14:07:16,8.335031666666668,0.06,2026-06-21 14:10:00,1.35
44.16173166666668,8.33503,1.238,0.0,1782050837000,2026-06-21 14:07:17,8.33503,0.06,2026-06-21 14:10:00,1.298
44.16173333333333,8.335028333333334,1.062,0.0,1782050838000,2026-06-21 14:07:18,8.335028333333334,0.06,2026-06-21 14:10:00,1.122
44.16173333333333,8.335026666666666,0.937,0.0,1782050839000,2026-06-21 14:07:19,8.335026666666666,0.06,2026-06-21 14:10:00,0.9970000000000001
44.16173333333333,8.335026666666666,0.968,0.0,1782050840000,2026-06-21 14:07:20,8.335026666666666,0.06,2026-06-21 14:10:00,1.028
44.16173333333333,8.335025,1.114,0.0,1782050841000,2026-06-21 14:07:21,8.335025,0.06,2026-06-21 14:10:00,1.1740000000000002
44.16173166666668,8.335025,1.114,0.0,1782050842000,2026-06-21 14:07:22,8.335025,0.06,2026-06-21 14:10:00,1.1740000000000002
44.16173333333333,8.335019999999998,1.249,0.0,1782050843000,2026-06-21 14:07:23,8.335019999999998,0.06,2026-06-21 14:10:00,1.3090000000000002
44.16173166666668,8.335015,1.27,0.0,1782050844000,2026-06-21 14:07:24,8.335015,0.06,2026-06-21 14:10:00,1.33
44.16173166666668,8.33501,1.426,0.0,1782050845000,2026-06-21 14:07:25,8.33501,0.06,2026-06-21 14:10:00,1.486
44.161730000000006,8.335004999999999,1.363,0.0,1782050846000,2026-06-21 14:07:26,8.335004999999999,0.06,2026-06-21 14:10:00,1.423
44.161730000000006,8.334998333333335,1.301,0.0,1782050847000,2026-06-21 14:07:27,8.334998333333335,0.06,2026-06-21 14:10:00,1.361
44.161730000000006,8.33499,1.384,0.0,1782050848000,2026-06-21 14:07:28,8.33499,0.06,2026-06-21 14:10:00,1.444
44.16173166666668,8.334981666666666,1.28,0.0,1782050849000,2026-06-21 14:07:29,8.334981666666666,0.06,2026-06-21 14:10:00,1.34
44.16173166666668,8.334973333333332,1.54,0.0,1782050850000,2026-06-21 14:07:30,8.334973333333332,0.06,2026-06-21 14:10:00,1.6
44.16173166666668,8.334968333333334,1.415,0.0,1782050851000,2026-06-21 14:07:31,8.334968333333334,0.06,2026-06-21 14:10:00,1.475
44.16173333333333,8.334965,1.374,0.0,1782050852000,2026-06-21 14:07:32,8.334965,0.06,2026-06-21 14:10:00,1.4340000000000002
44.16173333333333,8.334963333333333,1.363,0.0,1782050853000,2026-06-21 14:07:33,8.334963333333333,0.06,2026-06-21 14:10:00,1.423
44.16173333333333,8.334958333333333,1.249,0.0,1782050854000,2026-06-21 14:07:34,8.334958333333333,0.06,2026-06-21 14:10:00,1.3090000000000002
44.16173666666667,8.334951666666665,0.926,0.0,1782050855000,2026-06-21 14:07:35,8.334951666666665,0.06,2026-06-21 14:10:00,0.986
44.16174166666666,8.33495,0.645,0.0,1782050856000,2026-06-21 14:07:36,8.33495,0.06,2026-06-21 14:10:00,0.7050000000000001
44.161745,8.33495,0.801,0.0,1782050857000,2026-06-21 14:07:37,8.33495,0.06,2026-06-21 14:10:00,0.861
44.16174666666667,8.334946666666667,0.801,0.0,1782050858000,2026-06-21 14:07:38,8.334946666666667,0.06,2026-06-21 14:10:00,0.861
44.16174833333333,8.334948333333333,1.041,0.0,1782050859000,2026-06-21 14:07:39,8.334948333333333,0.06,2026-06-21 14:10:00,1.101
44.16175,8.334951666666665,1.186,0.0,1782050860000,2026-06-21 14:07:40,8.334951666666665,0.06,2026-06-21 14:10:00,1.246
44.16174666666667,8.334958333333333,1.176,0.0,1782050861000,2026-06-21 14:07:41,8.334958333333333,0.06,2026-06-21 14:10:00,1.236
44.16174666666667,8.33496,1.28,0.0,1782050862000,2026-06-21 14:07:42,8.33496,0.06,2026-06-21 14:10:00,1.34
44.161745,8.334961666666667,1.363,0.0,1782050863000,2026-06-21 14:07:43,8.334961666666667,0.06,2026-06-21 14:10:00,1.423
44.161745,8.334963333333333,1.28,0.0,1782050864000,2026-06-21 14:07:44,8.334963333333333,0.06,2026-06-21 14:10:00,1.34
44.161745,8.334963333333333,1.311,0.0,1782050865000,2026-06-21 14:07:45,8.334963333333333,0.06,2026-06-21 14:10:00,1.371
44.16174333333333,8.334963333333333,1.218,0.0,1782050866000,2026-06-21 14:07:46,8.334963333333333,0.06,2026-06-21 14:10:00,1.278
44.16174333333333,8.334963333333333,1.301,0.0,1782050867000,2026-06-21 14:07:47,8.334963333333333,0.06,2026-06-21 14:10:00,1.361
44.16174333333333,8.334963333333333,1.353,0.0,1782050868000,2026-06-21 14:07:48,8.334963333333333,0.06,2026-06-21 14:10:00,1.413
44.161745,8.334963333333333,1.27,0.0,1782050869000,2026-06-21 14:07:49,8.334963333333333,0.06,2026-06-21 14:10:00,1.33
44.16174666666667,8.334963333333333,1.259,0.0,1782050870000,2026-06-21 14:07:50,8.334963333333333,0.06,2026-06-21 14:10:00,1.319
44.16174833333333,8.334963333333333,1.311,0.0,1782050871000,2026-06-21 14:07:51,8.334963333333333,0.06,2026-06-21 14:10:00,1.371
44.16175,8.334961666666667,1.27,0.0,1782050872000,2026-06-21 14:07:52,8.334961666666667,0.06,2026-06-21 14:10:00,1.33
44.16175166666667,8.33496,1.332,0.0,1782050873000,2026-06-21 14:07:53,8.33496,0.06,2026-06-21 14:10:00,1.3920000000000001
44.16175166666667,8.33496,1.218,0.0,1782050874000,2026-06-21 14:07:54,8.33496,0.06,2026-06-21 14:10:00,1.278
44.16175333333334,8.334958333333333,0.448,0.0,1782050875000,2026-06-21 14:07:55,8.334958333333333,0.06,2026-06-21 14:10:00,0.508
44.16175333333334,8.334958333333333,0.416,0.0,1782050876000,2026-06-21 14:07:56,8.334958333333333,0.06,2026-06-21 14:10:00,0.476
44.16175499999999,8.334956666666667,0.229,0.0,1782050877000,2026-06-21 14:07:57,8.334956666666667,0.06,2026-06-21 14:10:00,0.28900000000000003
44.16175499999999,8.334956666666667,0.271,0.0,1782050878000,2026-06-21 14:07:58,8.334956666666667,0.06,2026-06-21 14:10:00,0.331
44.16175833333333,8.334951666666665,0.323,0.0,1782050879000,2026-06-21 14:07:59,8.334951666666665,0.06,2026-06-21 14:10:00,0.383
44.16176,8.334948333333333,0.614,0.0,1782050880000,2026-06-21 14:08:00,8.334948333333333,0.06,2026-06-21 14:10:00,0.6739999999999999
44.161765,8.334946666666667,0.749,0.0,1782050881000,2026-06-21 14:08:01,8.334946666666667,0.06,2026-06-21 14:10:00,0.8089999999999999
44.161763333333326,8.334945000000001,1.155,0.0,1782050882000,2026-06-21 14:08:02,8.334945000000001,0.06,2026-06-21 14:10:00,1.215
44.16176666666667,8.334943333333333,1.134,0.0,1782050883000,2026-06-21 14:08:03,8.334943333333333,0.06,2026-06-21 14:10:00,1.194
44.16176833333334,8.33494,1.197,0.0,1782050884000,2026-06-21 14:08:04,8.33494,0.06,2026-06-21 14:10:00,1.2570000000000001
44.16177166666667,8.334938333333334,0.947,0.0,1782050885000,2026-06-21 14:08:05,8.334938333333334,0.06,2026-06-21 14:10:00,1.007
44.16177166666667,8.334938333333334,1.041,0.0,1782050886000,2026-06-21 14:08:06,8.334938333333334,0.06,2026-06-21 14:10:00,1.101
44.161775000000006,8.334938333333334,0.916,0.0,1782050887000,2026-06-21 14:08:07,8.334938333333334,0.06,2026-06-21 14:10:00,0.976
44.161775000000006,8.334938333333334,0.479,0.0,1782050888000,2026-06-21 14:08:08,8.334938333333334,0.06,2026-06-21 14:10:00,0.5389999999999999
44.16177666666668,8.334936666666666,0.354,0.0,1782050889000,2026-06-21 14:08:09,8.334936666666666,0.06,2026-06-21 14:10:00,0.414
