{
  "type": "FeatureCollection",
  "name": "merged_wgs84",
  "crs": {
    "type": "name",
    "properties": {
      "name": "EPSG:4326"
    }
  },
  "features": [
    {
      "type": "Feature",
      "geometry": {
        "type": "Point",
        "coordinates": [
          8.334806666666667,
          44.16166666666666
        ]
      },
      "properties": {
        "longtitude": 8.334806666666667,
        "depth": 0.978,
        "temperature": 0.0,
        "time": 1782049944000,
        "timestamp": "2026-06-21T13:52:24",
        "water_level": 0.07097488584474886,
        "nearest_tide_timestamp": "2026-06-21T13:50:00",
        "tide_correction": 1.0489748858447487
      }
    },
    {
      "type": "Feature",
      "geometry": {
        "type": "Point",
        "coordinates": [
          8.334821666666667,
          44.16167666666667
        ]
      },
      "properties": {
        "longtitude": 8.334821666666667,
        "depth": 0.76,
        "temperature": 0.0,
        "time": 1782049945000,
        "timestamp": "2026-06-21T13:52:25",
        "water_level": 0.0709497716894977,
        "nearest_tide_timestamp": "2026-06-21T13:50:00",
        "tide_correction": 0.8309497716894977
      }
    },
    {
      "type": "Feature",
      "geometry": {
        "type": "Point",
        "coordinates": [
          8.334855000000001,
          44.16169333333334
        ]
      },
      "properties": {
        "longtitude": 8.334855000000001,
        "depth": 0.957,
        "temperature": 0.0,
        "time": 1782049947000,
        "timestamp": "2026-06-21T13:52:27",
        "water_level": 0.07092465753424657,
        "nearest_tide_timestamp": "2026-06-21T13:50:00",
        "tide_correction": 1.0279246575342464
      }
    },
    {
      "type": "Feature",
      "geometry": {
        "type": "Point",
        "coordinates": [
          8.334858333333333,
          44.16170166666667
        ]
      },
      "properties": {
        "longtitude": 8.334858333333333,
        "depth": 0.978,
        "temperature": 0.0,
        "time": 1782049948000,
        "timestamp": "2026-06-21T13:52:28",
        "water_level": 0.07089954337899543,
        "nearest_tide_timestamp": "2026-06-21T13:50:00",
        "tide_correction": 1.0488995433789954
      }
    },
    {
      "type": "Feature",
      "geometry": {
        "type": "Point",
        "coordinates": [
          8.334858333333333,
          44.16171166666666
        ]
      },
      "properties": {
        "longtitude": 8.334858333333333,
        "depth": 0.937,
        "temperature": 0.0,
        "time": 1782049949000,
        "timestamp": "2026-06-21T13:52:29",
        "water_level": 0.07087442922374429,
        "nearest_tide_timestamp": "2026-06-21T13:50:00",
        "tide_correction": 1.0078744292237443
      }
    },
    {
      "type": "Feature",
      "geometry": {
        "type": "Point",
        "coordinates": [
          8.334856666666667,
          44.16170999999999
        ]
      },
      "properties": {
        "longtitude": 8.334856666666667,
        "depth": 0.937,
        "temperature": 0.0,
        "time": 1782049950000,
        "timestamp": "2026-06-21T13:52:30",
        "water_level": 0.07084931506849314,
        "nearest_tide_timestamp": "2026-06-21T13:50:00",
        "tide_correction": 1.0078493150684933
      }
    },
    {
      "type": "Feature",
      "geometry": {
        "type": "Point",
        "coordinates": [
          8.334936666666666,
          44.16175333333334
        ]
      },
      "properties": {
        "longtitude": 8.334936666666666,
        "depth": 0.739,
        "temperature": 0.0,
        "time": 1782049953000,
        "timestamp": "2026-06-21T13:52:33",
        "water_level": 0.070824200913242,
        "nearest_tide_timestamp": "2026-06-21T13:50:00",
        "tide_correction": 0.809824200913242
      }
    },
    {
      "type": "Feature",
      "geometry": {
        "type": "Point",
        "coordinates": [
          8.334931666666668,
          44.16175166666667
        ]
      },
      "properties": {
        "longtitude": 8.334931666666668,
        "depth": 0.874,
        "temperature": 0.0,
        "time": 1782049954000,
        "timestamp": "2026-06-21T13:52:34",
        "water_level": 0.07079908675799086,
        "nearest_tide_timestamp": "2026-06-21T13:50:00",
        "tide_correction": 0.9447990867579908
      }
    },
    {
      "type": "Feature",
      "geometry": {
        "type": "Point",
        "coordinates": [
          8.334923333333334,
          44.16175333333334
        ]
      },
      "properties": {
        "longtitude": 8.334923333333334,
        "depth": 0.999,
        "temperature": 0.0,
        "time": 1782049955000,
        "timestamp": "2026-06-21T13:52:35",
        "water_level": 0.07077397260273972,
        "nearest_tide_timestamp": "2026-06-21T13:50:00",
        "tide_correction": 1.0697739726027398
      }
    },
    {
      "type": "Feature",
      "geometry": {
        "type": "Point",
        "coordinates": [
          8.334916666666667,
          44.16175833333333
        ]
      },
      "properties": {
        "longtitude": 8.334916666666667,
        "depth": 1.124,
        "temperature": 0.0,
        "time": 1782049956000,
        "timestamp": "2026-06-21T13:52:36",
        "water_level": 0.07074885844748857,
        "nearest_tide_timestamp": "2026-06-21T13:50:00",
        "tide_correction": 1.1947488584474888
      }
    },
    {
      "type": "Feature",
      "geometry": {
        "type": "Point",
        "coordinates": [
          8.334911666666667,
          44.161765
        ]
      },
      "properties": {
        "longtitude": 8.334911666666667,
        "depth": 1.041,
        "temperature": 0.0,
        "time": 1782049957000,
        "timestamp": "2026-06-21T13:52:37",
        "water_level": 0.07072374429223743,
        "nearest_tide_timestamp": "2026-06-21T13:50:00",
        "tide_correction": 1.1117237442922374
      }
    },
    {
      "type": "Feature",
      "geometry": {
        "type": "Point",
        "coordinates": [
          8.334908333333335,
          44.16176833333334
        ]
      },
      "properties": {
        "longtitude": 8.334908333333335,
        "depth": 1.207,
        "temperature": 0.0,
        "time": 1782049958000,
        "timestamp": "2026-06-21T13:52:38",
        "water_level": 0.0706986301369863,
        "nearest_tide_timestamp": "2026-06-21T13:50:00",
        "tide_correction": 1.2776986301369864
      }
    },
    {
      "type": "Feature",
      "geometry": {
        "type": "Point",
        "coordinates": [
          8.334906666666665,
          44.161773333333336
        ]
      },
      "properties": {
        "longtitude": 8.334906666666665,
        "depth": 1.134,
        "temperature": 0.0,
        "time": 1782049959000,
        "timestamp": "2026-06-21T13:52:39",
        "water_level": 0.07067351598173516,
        "nearest_tide_timestamp": "2026-06-21T13:50:00",
        "tide_correction": 1.204673515981735
      }
    },
    {
      "type": "Feature",
      "geometry": {
        "type": "Point",
        "coordinates": [
          8.334906666666665,
          44.161775000000006
        ]
      },
      "properties": {
        "longtitude": 8.334906666666665,
        "depth": 0.957,
        "temperature": 0.0,
        "time": 1782049960000,
        "timestamp": "2026-06-21T13:52:40",
        "water_level": 0.070648401826484,
        "nearest_tide_timestamp": "2026-06-21T13:50:00",
        "tide_correction": 1.027648401826484
      }
    },
    {
      "type": "Feature",
      "geometry": {
        "type": "Point",
        "coordinates": [
          8.33491,
          44.16177
        ]
      },
      "properties": {
        "longtitude": 8.33491,
        "depth": 1.186,
        "temperature": 0.0,
        "time": 1782049961000,
        "timestamp": "2026-06-21T13:52:41",
        "water_level": 0.07062328767123287,
        "nearest_tide_timestamp": "2026-06-21T13:50:00",
        "tide_correction": 1.2566232876712329
      }
    },
    {
      "type": "Feature",
      "geometry": {
        "type": "Point",
        "coordinates": [
          8.33491,
          44.16176666666667
        ]
      },
      "properties": {
        "longtitude": 8.33491,
        "depth": 0.978,
        "temperature": 0.0,
        "time": 1782049962000,
        "timestamp": "2026-06-21T13:52:42",
        "water_level": 0.07059817351598173,
        "nearest_tide_timestamp": "2026-06-21T13:50:00",
        "tide_correction": 1.0485981735159817
      }
    },
    {
      "type": "Feature",
      "geometry": {
        "type": "Point",
        "coordinates": [
          8.33491,
          44.16176666666667
        ]
      },
      "properties": {
        "longtitude": 8.33491,
        "depth": 0.822,
        "temperature": 0.0,
        "time": 1782049963000,
        "timestamp": "2026-06-21T13:52:43",
        "water_level": 0.07057305936073059,
        "nearest_tide_timestamp": "2026-06-21T13:50:00",
        "tide_correction": 0.8925730593607305
      }
    },
    {
      "type": "Feature",
      "geometry": {
        "type": "Point",
        "coordinates": [
          8.334913333333333,
          44.16177
        ]
      },
      "properties": {
        "longtitude": 8.334913333333333,
        "depth": 0.749,
        "temperature": 0.0,
        "time": 1782049964000,
        "timestamp": "2026-06-21T13:52:44",
        "water_level": 0.07054794520547944,
        "nearest_tide_timestamp": "2026-06-21T13:50:00",
        "tide_correction": 0.8195479452054795
      }
    },
    {
      "type": "Feature",
      "geometry": {
        "type": "Point",
        "coordinates": [
          8.334913333333333,
          44.16176833333334
        ]
      },
      "properties": {
        "longtitude": 8.334913333333333,
        "depth": 0.801,
        "temperature": 0.0,
        "time": 1782049965000,
        "timestamp": "2026-06-21T13:52:45",
        "water_level": 0.0705228310502283,
        "nearest_tide_timestamp": "2026-06-21T13:50:00",
        "tide_correction": 0.8715228310502283
      }
    },
    {
      "type": "Feature",
      "geometry": {
        "type": "Point",
        "coordinates": [
          8.334913333333333,
          44.161765
        ]
      },
      "properties": {
        "longtitude": 8.334913333333333,
        "depth": 0.708,
        "temperature": 0.0,
        "time": 1782049966000,
        "timestamp": "2026-06-21T13:52:46",
        "water_level": 0.07049771689497716,
        "nearest_tide_timestamp": "2026-06-21T13:50:00",
        "tide_correction": 0.7784977168949772
      }
    },
    {
      "type": "Feature",
      "geometry": {
        "type": "Point",
        "coordinates": [
          8.334916666666667,
          44.161765
        ]
      },
      "properties": {
        "longtitude": 8.334916666666667,
        "depth": 0.781,
        "temperature": 0.0,
        "time": 1782049967000,
        "timestamp": "2026-06-21T13:52:47",
        "water_level": 0.07047260273972603,
        "nearest_tide_timestamp": "2026-06-21T13:50:00",
        "tide_correction": 0.851472602739726
      }
    },
    {
      "type": "Feature",
      "geometry": {
        "type": "Point",
        "coordinates": [
          8.334921666666666,
          44.161763333333326
        ]
      },
      "properties": {
        "longtitude": 8.334921666666666,
        "depth": 0.656,
        "temperature": 0.0,
        "time": 1782049968000,
        "timestamp": "2026-06-21T13:52:48",
        "water_level": 0.07044748858447487,
        "nearest_tide_timestamp": "2026-06-21T13:50:00",
        "tide_correction": 0.7264474885844749
      }
    },
    {
      "type": "Feature",
      "geometry": {
        "type": "Point",
        "coordinates": [
          8.334925,
          44.16176166666667
        ]
      },
      "properties": {
        "longtitude": 8.334925,
        "depth": 0.822,
        "temperature": 0.0,
        "time": 1782049969000,
        "timestamp": "2026-06-21T13:52:49",
        "water_level": 0.07042237442922374,
        "nearest_tide_timestamp": "2026-06-21T13:50:00",
        "tide_correction": 0.8924223744292237
      }
    },
    {
      "type": "Feature",
      "geometry": {
        "type": "Point",
        "coordinates": [
          8.334925,
          44.16175833333333
        ]
      },
      "properties": {
        "longtitude": 8.334925,
        "depth": 0.801,
        "temperature": 0.0,
        "time": 1782049970000,
        "timestamp": "2026-06-21T13:52:50",
        "water_level": 0.0703972602739726,
        "nearest_tide_timestamp": "2026-06-21T13:50:00",
        "tide_correction": 0.8713972602739727
      }
    },
    {
      "type": "Feature",
      "geometry": {
        "type": "Point",
        "coordinates": [
          8.334925,
          44.16175666666666
        ]
      },
      "properties": {
        "longtitude": 8.334925,
        "depth": 0.781,
        "temperature": 0.0,
        "time": 1782049971000,
        "timestamp": "2026-06-21T13:52:51",
        "water_level": 0.07037214611872146,
        "nearest_tide_timestamp": "2026-06-21T13:50:00",
        "tide_correction": 0.8513721461187215
      }
    },
    {
      "type": "Feature",
      "geometry": {
        "type": "Point",
        "coordinates": [
          8.334925,
          44.16175666666666
        ]
      },
      "properties": {
        "longtitude": 8.334925,
        "depth": 0.77,
        "temperature": 0.0,
        "time": 1782049972000,
        "timestamp": "2026-06-21T13:52:52",
        "water_level": 0.07034703196347031,
        "nearest_tide_timestamp": "2026-06-21T13:50:00",
        "tide_correction": 0.8403470319634703
      }
    },
    {
      "type": "Feature",
      "geometry": {
        "type": "Point",
        "coordinates": [
          8.334923333333334,
          44.16175499999999
        ]
      },
      "properties": {
        "longtitude": 8.334923333333334,
        "depth": 0.822,
        "temperature": 0.0,
        "time": 1782049973000,
        "timestamp": "2026-06-21T13:52:53",
        "water_level": 0.07032191780821917,
        "nearest_tide_timestamp": "2026-06-21T13:50:00",
        "tide_correction": 0.8923219178082191
      }
    },
    {
      "type": "Feature",
      "geometry": {
        "type": "Point",
        "coordinates": [
          8.334923333333334,
          44.16175499999999
        ]
      },
      "properties": {
        "longtitude": 8.334923333333334,
        "depth": 0.895,
        "temperature": 0.0,
        "time": 1782049974000,
        "timestamp": "2026-06-21T13:52:54",
        "water_level": 0.07029680365296803,
        "nearest_tide_timestamp": "2026-06-21T13:50:00",
        "tide_correction": 0.9652968036529681
      }
    },
    {
      "type": "Feature",
      "geometry": {
        "type": "Point",
        "coordinates": [
          8.334925,
          44.16175333333334
        ]
      },
      "properties": {
        "longtitude": 8.334925,
        "depth": 0.885,
        "temperature": 0.0,
        "time": 1782049975000,
        "timestamp": "2026-06-21T13:52:55",
        "water_level": 0.0702716894977169,
        "nearest_tide_timestamp": "2026-06-21T13:50:00",
        "tide_correction": 0.9552716894977169
      }
    },
    {
      "type": "Feature",
      "geometry": {
        "type": "Point",
        "coordinates": [
          8.334926666666666,
          44.16175333333334
        ]
      },
      "properties": {
        "longtitude": 8.334926666666666,
        "depth": 0.895,
        "temperature": 0.0,
        "time": 1782049976000,
        "timestamp": "2026-06-21T13:52:56",
        "water_level": 0.07024657534246574,
        "nearest_tide_timestamp": "2026-06-21T13:50:00",
        "tide_correction": 0.9652465753424657
      }
    },
    {
      "type": "Feature",
      "geometry": {
        "type": "Point",
        "coordinates": [
          8.334928333333332,
          44.16175499999999
        ]
      },
      "properties": {
        "longtitude": 8.334928333333332,
        "depth": 0.822,
        "temperature": 0.0,
        "time": 1782049977000,
        "timestamp": "2026-06-21T13:52:57",
        "water_level": 0.0702214611872146,
        "nearest_tide_timestamp": "2026-06-21T13:50:00",
        "tide_correction": 0.8922214611872146
      }
    },
    {
      "type": "Feature",
      "geometry": {
        "type": "Point",
        "coordinates": [
          8.334928333333332,
          44.16175833333333
        ]
      },
      "properties": {
        "longtitude": 8.334928333333332,
        "depth": 0.916,
        "temperature": 0.0,
        "time": 1782049978000,
        "timestamp": "2026-06-21T13:52:58",
        "water_level": 0.07019634703196347,
        "nearest_tide_timestamp": "2026-06-21T13:50:00",
        "tide_correction": 0.9861963470319635
      }
    },
    {
      "type": "Feature",
      "geometry": {
        "type": "Point",
        "coordinates": [
          8.334928333333332,
          44.16176166666667
        ]
      },
      "properties": {
        "longtitude": 8.334928333333332,
        "depth": 0.853,
        "temperature": 0.0,
        "time": 1782049979000,
        "timestamp": "2026-06-21T13:52:59",
        "water_level": 0.07017123287671233,
        "nearest_tide_timestamp": "2026-06-21T13:50:00",
        "tide_correction": 0.9231712328767123
      }
    },
    {
      "type": "Feature",
      "geometry": {
        "type": "Point",
        "coordinates": [
          8.334930000000002,
          44.16176
        ]
      },
      "properties": {
        "longtitude": 8.334930000000002,
        "depth": 0.957,
        "temperature": 0.0,
        "time": 1782049980000,
        "timestamp": "2026-06-21T13:53:00",
        "water_level": 0.07014611872146118,
        "nearest_tide_timestamp": "2026-06-21T13:50:00",
        "tide_correction": 1.0271461187214612
      }
    },
    {
      "type": "Feature",
      "geometry": {
        "type": "Point",
        "coordinates": [
          8.334931666666668,
          44.161763333333326
        ]
      },
      "properties": {
        "longtitude": 8.334931666666668,
        "depth": 1.009,
        "temperature": 0.0,
        "time": 1782049981000,
        "timestamp": "2026-06-21T13:53:01",
        "water_level": 0.07012100456621004,
        "nearest_tide_timestamp": "2026-06-21T13:50:00",
        "tide_correction": 1.0791210045662099
      }
    },
    {
      "type": "Feature",
      "geometry": {
        "type": "Point",
        "coordinates": [
          8.334930000000002,
          44.16176166666667
        ]
      },
      "properties": {
        "longtitude": 8.334930000000002,
        "depth": 1.051,
        "temperature": 0.0,
        "time": 1782049982000,
        "timestamp": "2026-06-21T13:53:02",
        "water_level": 0.0700958904109589,
        "nearest_tide_timestamp": "2026-06-21T13:50:00",
        "tide_correction": 1.121095890410959
      }
    },
    {
      "type": "Feature",
      "geometry": {
        "type": "Point",
        "coordinates": [
          8.334928333333332,
          44.16176166666667
        ]
      },
      "properties": {
        "longtitude": 8.334928333333332,
        "depth": 0.864,
        "temperature": 0.0,
        "time": 1782049983000,
        "timestamp": "2026-06-21T13:53:03",
        "water_level": 0.07007077625570776,
        "nearest_tide_timestamp": "2026-06-21T13:50:00",
        "tide_correction": 0.9340707762557078
      }
    },
    {
      "type": "Feature",
      "geometry": {
        "type": "Point",
        "coordinates": [
          8.33492,
          44.16175666666666
        ]
      },
      "properties": {
        "longtitude": 8.33492,
        "depth": 0.791,
        "temperature": 0.0,
        "time": 1782049984000,
        "timestamp": "2026-06-21T13:53:04",
        "water_level": 0.07004566210045661,
        "nearest_tide_timestamp": "2026-06-21T13:50:00",
        "tide_correction": 0.8610456621004566
      }
    },
    {
      "type": "Feature",
      "geometry": {
        "type": "Point",
        "coordinates": [
          8.334918333333333,
          44.16175499999999
        ]
      },
      "properties": {
        "longtitude": 8.334918333333333,
        "depth": 1.218,
        "temperature": 0.0,
        "time": 1782049985000,
        "timestamp": "2026-06-21T13:53:05",
        "water_level": 0.07002054794520547,
        "nearest_tide_timestamp": "2026-06-21T13:50:00",
        "tide_correction": 1.2880205479452054
      }
    },
    {
      "type": "Feature",
      "geometry": {
        "type": "Point",
        "coordinates": [
          8.334915,
          44.16175499999999
        ]
      },
      "properties": {
        "longtitude": 8.334915,
        "depth": 0.76,
        "temperature": 0.0,
        "time": 1782049986000,
        "timestamp": "2026-06-21T13:53:06",
        "water_level": 0.06999543378995433,
        "nearest_tide_timestamp": "2026-06-21T13:50:00",
        "tide_correction": 0.8299954337899543
      }
    },
    {
      "type": "Feature",
      "geometry": {
        "type": "Point",
        "coordinates": [
          8.334915,
          44.16175666666666
        ]
      },
      "properties": {
        "longtitude": 8.334915,
        "depth": 0.937,
        "temperature": 0.0,
        "time": 1782049987000,
        "timestamp": "2026-06-21T13:53:07",
        "water_level": 0.0699703196347032,
        "nearest_tide_timestamp": "2026-06-21T13:50:00",
        "tide_correction": 1.0069703196347033
      }
    },
    {
      "type": "Feature",
      "geometry": {
        "type": "Point",
        "coordinates": [
          8.334915,
          44.16175666666666
        ]
      },
      "properties": {
        "longtitude": 8.334915,
        "depth": 0.957,
        "temperature": 0.0,
        "time": 1782049988000,
        "timestamp": "2026-06-21T13:53:08",
        "water_level": 0.06994520547945204,
        "nearest_tide_timestamp": "2026-06-21T13:50:00",
        "tide_correction": 1.0269452054794521
      }
    },
    {
      "type": "Feature",
      "geometry": {
        "type": "Point",
        "coordinates": [
          8.334918333333333,
          44.16175
        ]
      },
      "properties": {
        "longtitude": 8.334918333333333,
        "depth": 0.749,
        "temperature": 0.0,
        "time": 1782049989000,
        "timestamp": "2026-06-21T13:53:09",
        "water_level": 0.0699200913242009,
        "nearest_tide_timestamp": "2026-06-21T13:50:00",
        "tide_correction": 0.818920091324201
      }
    },
    {
      "type": "Feature",
      "geometry": {
        "type": "Point",
        "coordinates": [
          8.334921666666666,
          44.16175
        ]
      },
      "properties": {
        "longtitude": 8.334921666666666,
        "depth": 0.999,
        "temperature": 0.0,
        "time": 1782049990000,
        "timestamp": "2026-06-21T13:53:10",
        "water_level": 0.06989497716894977,
        "nearest_tide_timestamp": "2026-06-21T13:50:00",
        "tide_correction": 1.0688949771689498
      }
    },
    {
      "type": "Feature",
      "geometry": {
        "type": "Point",
        "coordinates": [
          8.334921666666666,
          44.16175
        ]
      },
      "properties": {
        "longtitude": 8.334921666666666,
        "depth": 0.864,
        "temperature": 0.0,
        "time": 1782049991000,
        "timestamp": "2026-06-21T13:53:11",
        "water_level": 0.06986986301369863,
        "nearest_tide_timestamp": "2026-06-21T13:50:00",
        "tide_correction": 0.9338698630136986
      }
    },
    {
      "type": "Feature",
      "geometry": {
        "type": "Point",
        "coordinates": [
          8.334923333333334,
          44.16175
        ]
      },
      "properties": {
        "longtitude": 8.334923333333334,
        "depth": 1.124,
        "temperature": 0.0,
        "time": 1782049992000,
        "timestamp": "2026-06-21T13:53:12",
        "water_level": 0.06984474885844748,
        "nearest_tide_timestamp": "2026-06-21T13:50:00",
        "tide_correction": 1.1938447488584476
      }
    },
    {
      "type": "Feature",
      "geometry": {
        "type": "Point",
        "coordinates": [
          8.334923333333334,
          44.16175
        ]
      },
      "properties": {
        "longtitude": 8.334923333333334,
        "depth": 1.134,
        "temperature": 0.0,
        "time": 1782049993000,
        "timestamp": "2026-06-21T13:53:13",
        "water_level": 0.06981963470319634,
        "nearest_tide_timestamp": "2026-06-21T13:50:00",
        "tide_correction": 1.2038196347031962
      }
    },
    {
      "type": "Feature",
      "geometry": {
        "type": "Point",
        "coordinates": [
          8.334923333333334,
          44.16174666666667
        ]
      },
      "properties": {
        "longtitude": 8.334923333333334,
        "depth": 1.259,
        "temperature": 0.0,
        "time": 1782049994000,
        "timestamp": "2026-06-21T13:53:14",
        "water_level": 0.0697945205479452,
        "nearest_tide_timestamp": "2026-06-21T13:50:00",
        "tide_correction": 1.328794520547945
      }
    },
    {
      "type": "Feature",
      "geometry": {
        "type": "Point",
        "coordinates": [
          8.334923333333334,
          44.161745
        ]
      },
      "properties": {
        "longtitude": 8.334923333333334,
        "depth": 1.166,
        "temperature": 0.0,
        "time": 1782049995000,
        "timestamp": "2026-06-21T13:53:15",
        "water_level": 0.06976940639269406,
        "nearest_tide_timestamp": "2026-06-21T13:50:00",
        "tide_correction": 1.235769406392694
      }
    },
    {
      "type": "Feature",
      "geometry": {
        "type": "Point",
        "coordinates": [
          8.33492,
          44.16174
        ]
      },
      "properties": {
        "longtitude": 8.33492,
        "depth": 1.238,
        "temperature": 0.0,
        "time": 1782049996000,
        "timestamp": "2026-06-21T13:53:16",
        "water_level": 0.06974429223744291,
        "nearest_tide_timestamp": "2026-06-21T13:50:00",
        "tide_correction": 1.307744292237443
      }
    },
    {
      "type": "Feature",
      "geometry": {
        "type": "Point",
        "coordinates": [
          8.334918333333333,
          44.16174166666666
        ]
      },
      "properties": {
        "longtitude": 8.334918333333333,
        "depth": 1.197,
        "temperature": 0.0,
        "time": 1782049997000,
        "timestamp": "2026-06-21T13:53:17",
        "water_level": 0.06971917808219177,
        "nearest_tide_timestamp": "2026-06-21T13:50:00",
        "tide_correction": 1.2667191780821918
      }
    },
    {
      "type": "Feature",
      "geometry": {
        "type": "Point",
        "coordinates": [
          8.334918333333333,
          44.161745
        ]
      },
      "properties": {
        "longtitude": 8.334918333333333,
        "depth": 1.207,
        "temperature": 0.0,
        "time": 1782049998000,
        "timestamp": "2026-06-21T13:53:18",
        "water_level": 0.06969406392694064,
        "nearest_tide_timestamp": "2026-06-21T13:50:00",
        "tide_correction": 1.2766940639269406
      }
    },
    {
      "type": "Feature",
      "geometry": {
        "type": "Point",
        "coordinates": [
          8.334918333333333,
          44.16174166666666
        ]
      },
      "properties": {
        "longtitude": 8.334918333333333,
        "depth": 1.145,
        "temperature": 0.0,
        "time": 1782049999000,
        "timestamp": "2026-06-21T13:53:19",
        "water_level": 0.0696689497716895,
        "nearest_tide_timestamp": "2026-06-21T13:50:00",
        "tide_correction": 1.2146689497716896
      }
    },
    {
      "type": "Feature",
      "geometry": {
        "type": "Point",
        "coordinates": [
          8.334918333333333,
          44.16174166666666
        ]
      },
      "properties": {
        "longtitude": 8.334918333333333,
        "depth": 1.228,
        "temperature": 0.0,
        "time": 1782050000000,
        "timestamp": "2026-06-21T13:53:20",
        "water_level": 0.06964383561643835,
        "nearest_tide_timestamp": "2026-06-21T13:50:00",
        "tide_correction": 1.2976438356164384
      }
    },
    {
      "type": "Feature",
      "geometry": {
        "type": "Point",
        "coordinates": [
          8.334916666666667,
          44.16174333333333
        ]
      },
      "properties": {
        "longtitude": 8.334916666666667,
        "depth": 1.114,
        "temperature": 0.0,
        "time": 1782050001000,
        "timestamp": "2026-06-21T13:53:21",
        "water_level": 0.06961872146118721,
        "nearest_tide_timestamp": "2026-06-21T13:50:00",
        "tide_correction": 1.1836187214611873
      }
    },
    {
      "type": "Feature",
      "geometry": {
        "type": "Point",
        "coordinates": [
          8.334918333333333,
          44.16174333333333
        ]
      },
      "properties": {
        "longtitude": 8.334918333333333,
        "depth": 1.114,
        "temperature": 0.0,
        "time": 1782050002000,
        "timestamp": "2026-06-21T13:53:22",
        "water_level": 0.06959360730593607,
        "nearest_tide_timestamp": "2026-06-21T13:50:00",
        "tide_correction": 1.183593607305936
      }
    },
    {
      "type": "Feature",
      "geometry": {
        "type": "Point",
        "coordinates": [
          8.33492,
          44.16174333333333
        ]
      },
      "properties": {
        "longtitude": 8.33492,
        "depth": 0.957,
        "temperature": 0.0,
        "time": 1782050003000,
        "timestamp": "2026-06-21T13:53:23",
        "water_level": 0.06956849315068493,
        "nearest_tide_timestamp": "2026-06-21T13:50:00",
        "tide_correction": 1.0265684931506849
      }
    },
    {
      "type": "Feature",
      "geometry": {
        "type": "Point",
        "coordinates": [
          8.33492,
          44.16174166666666
        ]
      },
      "properties": {
        "longtitude": 8.33492,
        "depth": 1.02,
        "temperature": 0.0,
        "time": 1782050004000,
        "timestamp": "2026-06-21T13:53:24",
        "water_level": 0.06954337899543378,
        "nearest_tide_timestamp": "2026-06-21T13:50:00",
        "tide_correction": 1.0895433789954339
      }
    },
    {
      "type": "Feature",
      "geometry": {
        "type": "Point",
        "coordinates": [
          8.33492,
          44.16174166666666
        ]
      },
      "properties": {
        "longtitude": 8.33492,
        "depth": 0.905,
        "temperature": 0.0,
        "time": 1782050005000,
        "timestamp": "2026-06-21T13:53:25",
        "water_level": 0.06951826484018264,
        "nearest_tide_timestamp": "2026-06-21T13:50:00",
        "tide_correction": 0.9745182648401827
      }
    },
    {
      "type": "Feature",
      "geometry": {
        "type": "Point",
        "coordinates": [
          8.33492,
          44.16174333333333
        ]
      },
      "properties": {
        "longtitude": 8.33492,
        "depth": 0.978,
        "temperature": 0.0,
        "time": 1782050006000,
        "timestamp": "2026-06-21T13:53:26",
        "water_level": 0.0694931506849315,
        "nearest_tide_timestamp": "2026-06-21T13:50:00",
        "tide_correction": 1.0474931506849314
      }
    },
    {
      "type": "Feature",
      "geometry": {
        "type": "Point",
        "coordinates": [
          8.334918333333333,
          44.16174333333333
        ]
      },
      "properties": {
        "longtitude": 8.334918333333333,
        "depth": 0.937,
        "temperature": 0.0,
        "time": 1782050007000,
        "timestamp": "2026-06-21T13:53:27",
        "water_level": 0.06946803652968037,
        "nearest_tide_timestamp": "2026-06-21T13:50:00",
        "tide_correction": 1.0064680365296805
      }
    },
    {
      "type": "Feature",
      "geometry": {
        "type": "Point",
        "coordinates": [
          8.334918333333333,
          44.16174166666666
        ]
      },
      "properties": {
        "longtitude": 8.334918333333333,
        "depth": 1.145,
        "temperature": 0.0,
        "time": 1782050008000,
        "timestamp": "2026-06-21T13:53:28",
        "water_level": 0.06944292237442921,
        "nearest_tide_timestamp": "2026-06-21T13:50:00",
        "tide_correction": 1.2144429223744293
      }
    },
    {
      "type": "Feature",
      "geometry": {
        "type": "Point",
        "coordinates": [
          8.334916666666667,
          44.16174166666666
        ]
      },
      "properties": {
        "longtitude": 8.334916666666667,
        "depth": 0.926,
        "temperature": 0.0,
        "time": 1782050009000,
        "timestamp": "2026-06-21T13:53:29",
        "water_level": 0.06941780821917808,
        "nearest_tide_timestamp": "2026-06-21T13:50:00",
        "tide_correction": 0.9954178082191781
      }
    },
    {
      "type": "Feature",
      "geometry": {
        "type": "Point",
        "coordinates": [
          8.334916666666667,
          44.16174166666666
        ]
      },
      "properties": {
        "longtitude": 8.334916666666667,
        "depth": 1.072,
        "temperature": 0.0,
        "time": 1782050010000,
        "timestamp": "2026-06-21T13:53:30",
        "water_level": 0.06939269406392694,
        "nearest_tide_timestamp": "2026-06-21T13:50:00",
        "tide_correction": 1.141392694063927
      }
    },
    {
      "type": "Feature",
      "geometry": {
        "type": "Point",
        "coordinates": [
          8.334918333333333,
          44.16174333333333
        ]
      },
      "properties": {
        "longtitude": 8.334918333333333,
        "depth": 0.916,
        "temperature": 0.0,
        "time": 1782050011000,
        "timestamp": "2026-06-21T13:53:31",
        "water_level": 0.0693675799086758,
        "nearest_tide_timestamp": "2026-06-21T13:50:00",
        "tide_correction": 0.9853675799086759
      }
    },
    {
      "type": "Feature",
      "geometry": {
        "type": "Point",
        "coordinates": [
          8.334921666666666,
          44.16174166666666
        ]
      },
      "properties": {
        "longtitude": 8.334921666666666,
        "depth": 0.999,
        "temperature": 0.0,
        "time": 1782050012000,
        "timestamp": "2026-06-21T13:53:32",
        "water_level": 0.06934246575342465,
        "nearest_tide_timestamp": "2026-06-21T13:50:00",
        "tide_correction": 1.0683424657534246
      }
    },
    {
      "type": "Feature",
      "geometry": {
        "type": "Point",
        "coordinates": [
          8.334925,
          44.16173833333334
        ]
      },
      "properties": {
        "longtitude": 8.334925,
        "depth": 0.864,
        "temperature": 0.0,
        "time": 1782050013000,
        "timestamp": "2026-06-21T13:53:33",
        "water_level": 0.06931735159817351,
        "nearest_tide_timestamp": "2026-06-21T13:50:00",
        "tide_correction": 0.9333173515981735
      }
    },
    {
      "type": "Feature",
      "geometry": {
        "type": "Point",
        "coordinates": [
          8.334925,
          44.16173333333333
        ]
      },
      "properties": {
        "longtitude": 8.334925,
        "depth": 1.103,
        "temperature": 0.0,
        "time": 1782050014000,
        "timestamp": "2026-06-21T13:53:34",
        "water_level": 0.06929223744292237,
        "nearest_tide_timestamp": "2026-06-21T13:50:00",
        "tide_correction": 1.1722922374429223
      }
    },
    {
      "type": "Feature",
      "geometry": {
        "type": "Point",
        "coordinates": [
          8.334925,
          44.16173166666668
        ]
      },
      "properties": {
        "longtitude": 8.334925,
        "depth": 0.989,
        "temperature": 0.0,
        "time": 1782050015000,
        "timestamp": "2026-06-21T13:53:35",
        "water_level": 0.06926712328767123,
        "nearest_tide_timestamp": "2026-06-21T13:50:00",
        "tide_correction": 1.0582671232876713
      }
    },
    {
      "type": "Feature",
      "geometry": {
        "type": "Point",
        "coordinates": [
          8.334925,
          44.16173333333333
        ]
      },
      "properties": {
        "longtitude": 8.334925,
        "depth": 1.124,
        "temperature": 0.0,
        "time": 1782050016000,
        "timestamp": "2026-06-21T13:53:36",
        "water_level": 0.06924200913242008,
        "nearest_tide_timestamp": "2026-06-21T13:50:00",
        "tide_correction": 1.1932420091324203
      }
    },
    {
      "type": "Feature",
      "geometry": {
        "type": "Point",
        "coordinates": [
          8.334928333333332,
          44.161735
        ]
      },
      "properties": {
        "longtitude": 8.334928333333332,
        "depth": 0.989,
        "temperature": 0.0,
        "time": 1782050017000,
        "timestamp": "2026-06-21T13:53:37",
        "water_level": 0.06921689497716894,
        "nearest_tide_timestamp": "2026-06-21T13:50:00",
        "tide_correction": 1.0582168949771689
      }
    },
    {
      "type": "Feature",
      "geometry": {
        "type": "Point",
        "coordinates": [
          8.334930000000002,
          44.16173666666667
        ]
      },
      "properties": {
        "longtitude": 8.334930000000002,
        "depth": 1.02,
        "temperature": 0.0,
        "time": 1782050018000,
        "timestamp": "2026-06-21T13:53:38",
        "water_level": 0.0691917808219178,
        "nearest_tide_timestamp": "2026-06-21T13:50:00",
        "tide_correction": 1.0891917808219178
      }
    },
    {
      "type": "Feature",
      "geometry": {
        "type": "Point",
        "coordinates": [
          8.334928333333332,
          44.161735
        ]
      },
      "properties": {
        "longtitude": 8.334928333333332,
        "depth": 0.885,
        "temperature": 0.0,
        "time": 1782050019000,
        "timestamp": "2026-06-21T13:53:39",
        "water_level": 0.06916666666666665,
        "nearest_tide_timestamp": "2026-06-21T13:50:00",
        "tide_correction": 0.9541666666666666
      }
    },
    {
      "type": "Feature",
      "geometry": {
        "type": "Point",
        "coordinates": [
          8.334926666666666,
          44.16173166666668
        ]
      },
      "properties": {
        "longtitude": 8.334926666666666,
        "depth": 0.874,
        "temperature": 0.0,
        "time": 1782050020000,
        "timestamp": "2026-06-21T13:53:40",
        "water_level": 0.06914155251141552,
        "nearest_tide_timestamp": "2026-06-21T13:50:00",
        "tide_correction": 0.9431415525114155
      }
    },
    {
      "type": "Feature",
      "geometry": {
        "type": "Point",
        "coordinates": [
          8.334930000000002,
          44.161735
        ]
      },
      "properties": {
        "longtitude": 8.334930000000002,
        "depth": 0.937,
        "temperature": 0.0,
        "time": 1782050021000,
        "timestamp": "2026-06-21T13:53:41",
        "water_level": 0.06911643835616438,
        "nearest_tide_timestamp": "2026-06-21T13:50:00",
        "tide_correction": 1.0061164383561645
      }
    },
    {
      "type": "Feature",
      "geometry": {
        "type": "Point",
        "coordinates": [
          8.334926666666666,
          44.16173333333333
        ]
      },
      "properties": {
        "longtitude": 8.334926666666666,
        "depth": 0.926,
        "temperature": 0.0,
        "time": 1782050022000,
        "timestamp": "2026-06-21T13:53:42",
        "water_level": 0.06909132420091324,
        "nearest_tide_timestamp": "2026-06-21T13:50:00",
        "tide_correction": 0.9950913242009133
      }
    },
    {
      "type": "Feature",
      "geometry": {
        "type": "Point",
        "coordinates": [
          8.334926666666666,
          44.16173333333333
        ]
      },
      "properties": {
        "longtitude": 8.334926666666666,
        "depth": 0.947,
        "temperature": 0.0,
        "time": 1782050023000,
        "timestamp": "2026-06-21T13:53:43",
        "water_level": 0.06906621004566209,
        "nearest_tide_timestamp": "2026-06-21T13:50:00",
        "tide_correction": 1.016066210045662
      }
    },
    {
      "type": "Feature",
      "geometry": {
        "type": "Point",
        "coordinates": [
          8.334925,
          44.16173333333333
        ]
      },
      "properties": {
        "longtitude": 8.334925,
        "depth": 0.957,
        "temperature": 0.0,
        "time": 1782050024000,
        "timestamp": "2026-06-21T13:53:44",
        "water_level": 0.06904109589041095,
        "nearest_tide_timestamp": "2026-06-21T13:50:00",
        "tide_correction": 1.026041095890411
      }
    },
    {
      "type": "Feature",
      "geometry": {
        "type": "Point",
        "coordinates": [
          8.334923333333334,
          44.16173166666668
        ]
      },
      "properties": {
        "longtitude": 8.334923333333334,
        "depth": 0.905,
        "temperature": 0.0,
        "time": 1782050025000,
        "timestamp": "2026-06-21T13:53:45",
        "water_level": 0.06901598173515981,
        "nearest_tide_timestamp": "2026-06-21T13:50:00",
        "tide_correction": 0.9740159817351598
      }
    },
    {
      "type": "Feature",
      "geometry": {
        "type": "Point",
        "coordinates": [
          8.334923333333334,
          44.161728333333336
        ]
      },
      "properties": {
        "longtitude": 8.334923333333334,
        "depth": 0.905,
        "temperature": 0.0,
        "time": 1782050026000,
        "timestamp": "2026-06-21T13:53:46",
        "water_level": 0.06899086757990867,
        "nearest_tide_timestamp": "2026-06-21T13:50:00",
        "tide_correction": 0.9739908675799087
      }
    },
    {
      "type": "Feature",
      "geometry": {
        "type": "Point",
        "coordinates": [
          8.334921666666666,
          44.161725
        ]
      },
      "properties": {
        "longtitude": 8.334921666666666,
        "depth": 0.885,
        "temperature": 0.0,
        "time": 1782050027000,
        "timestamp": "2026-06-21T13:53:47",
        "water_level": 0.06896575342465752,
        "nearest_tide_timestamp": "2026-06-21T13:50:00",
        "tide_correction": 0.9539657534246575
      }
    },
    {
      "type": "Feature",
      "geometry": {
        "type": "Point",
        "coordinates": [
          8.33492,
          44.16172333333334
        ]
      },
      "properties": {
        "longtitude": 8.33492,
        "depth": 1.145,
        "temperature": 0.0,
        "time": 1782050028000,
        "timestamp": "2026-06-21T13:53:48",
        "water_level": 0.06894063926940638,
        "nearest_tide_timestamp": "2026-06-21T13:50:00",
        "tide_correction": 1.2139406392694063
      }
    },
    {
      "type": "Feature",
      "geometry": {
        "type": "Point",
        "coordinates": [
          8.334916666666667,
          44.16172166666667
        ]
      },
      "properties": {
        "longtitude": 8.334916666666667,
        "depth": 1.176,
        "temperature": 0.0,
        "time": 1782050029000,
        "timestamp": "2026-06-21T13:53:49",
        "water_level": 0.06891552511415525,
        "nearest_tide_timestamp": "2026-06-21T13:50:00",
        "tide_correction": 1.2449155251141553
      }
    },
    {
      "type": "Feature",
      "geometry": {
        "type": "Point",
        "coordinates": [
          8.334913333333333,
          44.161718333333326
        ]
      },
      "properties": {
        "longtitude": 8.334913333333333,
        "depth": 1.114,
        "temperature": 0.0,
        "time": 1782050030000,
        "timestamp": "2026-06-21T13:53:50",
        "water_level": 0.06889041095890411,
        "nearest_tide_timestamp": "2026-06-21T13:50:00",
        "tide_correction": 1.1828904109589042
      }
    },
    {
      "type": "Feature",
      "geometry": {
        "type": "Point",
        "coordinates": [
          8.334911666666667,
          44.16172
        ]
      },
      "properties": {
        "longtitude": 8.334911666666667,
        "depth": 1.093,
        "temperature": 0.0,
        "time": 1782050031000,
        "timestamp": "2026-06-21T13:53:51",
        "water_level": 0.06886529680365296,
        "nearest_tide_timestamp": "2026-06-21T13:50:00",
        "tide_correction": 1.161865296803653
      }
    },
    {
      "type": "Feature",
      "geometry": {
        "type": "Point",
        "coordinates": [
          8.33491,
          44.16172166666667
        ]
      },
      "properties": {
        "longtitude": 8.33491,
        "depth": 0.916,
        "temperature": 0.0,
        "time": 1782050032000,
        "timestamp": "2026-06-21T13:53:52",
        "water_level": 0.06884018264840182,
        "nearest_tide_timestamp": "2026-06-21T13:50:00",
        "tide_correction": 0.9848401826484019
      }
    },
    {
      "type": "Feature",
      "geometry": {
        "type": "Point",
        "coordinates": [
          8.334906666666665,
          44.16172333333334
        ]
      },
      "properties": {
        "longtitude": 8.334906666666665,
        "depth": 0.937,
        "temperature": 0.0,
        "time": 1782050033000,
        "timestamp": "2026-06-21T13:53:53",
        "water_level": 0.06881506849315068,
        "nearest_tide_timestamp": "2026-06-21T13:50:00",
        "tide_correction": 1.0058150684931508
      }
    },
    {
      "type": "Feature",
      "geometry": {
        "type": "Point",
        "coordinates": [
          8.334905,
          44.16172666666667
        ]
      },
      "properties": {
        "longtitude": 8.334905,
        "depth": 0.978,
        "temperature": 0.0,
        "time": 1782050034000,
        "timestamp": "2026-06-21T13:53:54",
        "water_level": 0.06878995433789954,
        "nearest_tide_timestamp": "2026-06-21T13:50:00",
        "tide_correction": 1.0467899543378996
      }
    },
    {
      "type": "Feature",
      "geometry": {
        "type": "Point",
        "coordinates": [
          8.334903333333333,
          44.16172666666667
        ]
      },
      "properties": {
        "longtitude": 8.334903333333333,
        "depth": 0.853,
        "temperature": 0.0,
        "time": 1782050035000,
        "timestamp": "2026-06-21T13:53:55",
        "water_level": 0.06876484018264839,
        "nearest_tide_timestamp": "2026-06-21T13:50:00",
        "tide_correction": 0.9217648401826484
      }
    },
    {
      "type": "Feature",
      "geometry": {
        "type": "Point",
        "coordinates": [
          8.334903333333333,
          44.161728333333336
        ]
      },
      "properties": {
        "longtitude": 8.334903333333333,
        "depth": 0.822,
        "temperature": 0.0,
        "time": 1782050036000,
        "timestamp": "2026-06-21T13:53:56",
        "water_level": 0.06873972602739725,
        "nearest_tide_timestamp": "2026-06-21T13:50:00",
        "tide_correction": 0.8907397260273973
      }
    },
    {
      "type": "Feature",
      "geometry": {
        "type": "Point",
        "coordinates": [
          8.334905,
          44.16172666666667
        ]
      },
      "properties": {
        "longtitude": 8.334905,
        "depth": 0.739,
        "temperature": 0.0,
        "time": 1782050037000,
        "timestamp": "2026-06-21T13:53:57",
        "water_level": 0.06871461187214611,
        "nearest_tide_timestamp": "2026-06-21T13:50:00",
        "tide_correction": 0.8077146118721461
      }
    },
    {
      "type": "Feature",
      "geometry": {
        "type": "Point",
        "coordinates": [
          8.334903333333333,
          44.161725
        ]
      },
      "properties": {
        "longtitude": 8.334903333333333,
        "depth": 0.781,
        "temperature": 0.0,
        "time": 1782050038000,
        "timestamp": "2026-06-21T13:53:58",
        "water_level": 0.06868949771689498,
        "nearest_tide_timestamp": "2026-06-21T13:50:00",
        "tide_correction": 0.849689497716895
      }
    },
    {
      "type": "Feature",
      "geometry": {
        "type": "Point",
        "coordinates": [
          8.334901666666667,
          44.161725
        ]
      },
      "properties": {
        "longtitude": 8.334901666666667,
        "depth": 0.77,
        "temperature": 0.0,
        "time": 1782050039000,
        "timestamp": "2026-06-21T13:53:59",
        "water_level": 0.06866438356164382,
        "nearest_tide_timestamp": "2026-06-21T13:50:00",
        "tide_correction": 0.8386643835616439
      }
    },
    {
      "type": "Feature",
      "geometry": {
        "type": "Point",
        "coordinates": [
          8.334903333333333,
          44.16172333333334
        ]
      },
      "properties": {
        "longtitude": 8.334903333333333,
        "depth": 0.531,
        "temperature": 0.0,
        "time": 1782050040000,
        "timestamp": "2026-06-21T13:54:00",
        "water_level": 0.06863926940639269,
        "nearest_tide_timestamp": "2026-06-21T13:50:00",
        "tide_correction": 0.5996392694063927
      }
    },
    {
      "type": "Feature",
      "geometry": {
        "type": "Point",
        "coordinates": [
          8.334901666666667,
          44.161725
        ]
      },
      "properties": {
        "longtitude": 8.334901666666667,
        "depth": 0.552,
        "temperature": 0.0,
        "time": 1782050041000,
        "timestamp": "2026-06-21T13:54:01",
        "water_level": 0.06861415525114155,
        "nearest_tide_timestamp": "2026-06-21T13:50:00",
        "tide_correction": 0.6206141552511416
      }
    },
    {
      "type": "Feature",
      "geometry": {
        "type": "Point",
        "coordinates": [
          8.334900000000001,
          44.16172666666667
        ]
      },
      "properties": {
        "longtitude": 8.334900000000001,
        "depth": 0.676,
        "temperature": 0.0,
        "time": 1782050042000,
        "timestamp": "2026-06-21T13:54:02",
        "water_level": 0.06858904109589041,
        "nearest_tide_timestamp": "2026-06-21T13:50:00",
        "tide_correction": 0.7445890410958904
      }
    },
    {
      "type": "Feature",
      "geometry": {
        "type": "Point",
        "coordinates": [
          8.334898333333333,
          44.161728333333336
        ]
      },
      "properties": {
        "longtitude": 8.334898333333333,
        "depth": 0.562,
        "temperature": 0.0,
        "time": 1782050043000,
        "timestamp": "2026-06-21T13:54:03",
        "water_level": 0.06856392694063926,
        "nearest_tide_timestamp": "2026-06-21T13:50:00",
        "tide_correction": 0.6305639269406393
      }
    },
    {
      "type": "Feature",
      "geometry": {
        "type": "Point",
        "coordinates": [
          8.334898333333333,
          44.161728333333336
        ]
      },
      "properties": {
        "longtitude": 8.334898333333333,
        "depth": 0.302,
        "temperature": 0.0,
        "time": 1782050044000,
        "timestamp": "2026-06-21T13:54:04",
        "water_level": 0.06853881278538812,
        "nearest_tide_timestamp": "2026-06-21T13:50:00",
        "tide_correction": 0.37053881278538814
      }
    },
    {
      "type": "Feature",
      "geometry": {
        "type": "Point",
        "coordinates": [
          8.334955,
          44.16168666666668
        ]
      },
      "properties": {
        "longtitude": 8.334955,
        "depth": 0.239,
        "temperature": 0.0,
        "time": 1782050052000,
        "timestamp": "2026-06-21T13:54:12",
        "water_level": 0.06851369863013698,
        "nearest_tide_timestamp": "2026-06-21T13:50:00",
        "tide_correction": 0.307513698630137
      }
    },
    {
      "type": "Feature",
      "geometry": {
        "type": "Point",
        "coordinates": [
          8.334945000000001,
          44.161715
        ]
      },
      "properties": {
        "longtitude": 8.334945000000001,
        "depth": 0.343,
        "temperature": 0.0,
        "time": 1782050054000,
        "timestamp": "2026-06-21T13:54:14",
        "water_level": 0.06848858447488584,
        "nearest_tide_timestamp": "2026-06-21T13:50:00",
        "tide_correction": 0.4114885844748859
      }
    },
    {
      "type": "Feature",
      "geometry": {
        "type": "Point",
        "coordinates": [
          8.334945000000001,
          44.161718333333326
        ]
      },
      "properties": {
        "longtitude": 8.334945000000001,
        "depth": 0.281,
        "temperature": 0.0,
        "time": 1782050055000,
        "timestamp": "2026-06-21T13:54:15",
        "water_level": 0.06846347031963469,
        "nearest_tide_timestamp": "2026-06-21T13:50:00",
        "tide_correction": 0.3494634703196347
      }
    },
    {
      "type": "Feature",
      "geometry": {
        "type": "Point",
        "coordinates": [
          8.334945000000001,
          44.16173333333333
        ]
      },
      "properties": {
        "longtitude": 8.334945000000001,
        "depth": 0.635,
        "temperature": 0.0,
        "time": 1782050056000,
        "timestamp": "2026-06-21T13:54:16",
        "water_level": 0.06843835616438355,
        "nearest_tide_timestamp": "2026-06-21T13:50:00",
        "tide_correction": 0.7034383561643835
      }
    },
    {
      "type": "Feature",
      "geometry": {
        "type": "Point",
        "coordinates": [
          8.334943333333333,
          44.16173166666668
        ]
      },
      "properties": {
        "longtitude": 8.334943333333333,
        "depth": 0.395,
        "temperature": 0.0,
        "time": 1782050057000,
        "timestamp": "2026-06-21T13:54:17",
        "water_level": 0.06841324200913242,
        "nearest_tide_timestamp": "2026-06-21T13:50:00",
        "tide_correction": 0.4634132420091324
      }
    },
    {
      "type": "Feature",
      "geometry": {
        "type": "Point",
        "coordinates": [
          8.334941666666667,
          44.16174833333333
        ]
      },
      "properties": {
        "longtitude": 8.334941666666667,
        "depth": 0.604,
        "temperature": 0.0,
        "time": 1782050058000,
        "timestamp": "2026-06-21T13:54:18",
        "water_level": 0.06838812785388128,
        "nearest_tide_timestamp": "2026-06-21T13:50:00",
        "tide_correction": 0.6723881278538812
      }
    },
    {
      "type": "Feature",
      "geometry": {
        "type": "Point",
        "coordinates": [
          8.334938333333334,
          44.16175333333334
        ]
      },
      "properties": {
        "longtitude": 8.334938333333334,
        "depth": 0.697,
        "temperature": 0.0,
        "time": 1782050059000,
        "timestamp": "2026-06-21T13:54:19",
        "water_level": 0.06836301369863013,
        "nearest_tide_timestamp": "2026-06-21T13:50:00",
        "tide_correction": 0.76536301369863
      }
    },
    {
      "type": "Feature",
      "geometry": {
        "type": "Point",
        "coordinates": [
          8.33494,
          44.16175
        ]
      },
      "properties": {
        "longtitude": 8.33494,
        "depth": 1.062,
        "temperature": 0.0,
        "time": 1782050060000,
        "timestamp": "2026-06-21T13:54:20",
        "water_level": 0.06833789954337899,
        "nearest_tide_timestamp": "2026-06-21T13:50:00",
        "tide_correction": 1.130337899543379
      }
    },
    {
      "type": "Feature",
      "geometry": {
        "type": "Point",
        "coordinates": [
          8.33494,
          44.16174666666667
        ]
      },
      "properties": {
        "longtitude": 8.33494,
        "depth": 0.937,
        "temperature": 0.0,
        "time": 1782050061000,
        "timestamp": "2026-06-21T13:54:21",
        "water_level": 0.06831278538812785,
        "nearest_tide_timestamp": "2026-06-21T13:50:00",
        "tide_correction": 1.0053127853881278
      }
    },
    {
      "type": "Feature",
      "geometry": {
        "type": "Point",
        "coordinates": [
          8.33494,
          44.16174333333333
        ]
      },
      "properties": {
        "longtitude": 8.33494,
        "depth": 0.926,
        "temperature": 0.0,
        "time": 1782050062000,
        "timestamp": "2026-06-21T13:54:22",
        "water_level": 0.06828767123287671,
        "nearest_tide_timestamp": "2026-06-21T13:50:00",
        "tide_correction": 0.9942876712328768
      }
    },
    {
      "type": "Feature",
      "geometry": {
        "type": "Point",
        "coordinates": [
          8.334941666666667,
          44.16175166666667
        ]
      },
      "properties": {
        "longtitude": 8.334941666666667,
        "depth": 0.781,
        "temperature": 0.0,
        "time": 1782050063000,
        "timestamp": "2026-06-21T13:54:23",
        "water_level": 0.06826255707762556,
        "nearest_tide_timestamp": "2026-06-21T13:50:00",
        "tide_correction": 0.8492625570776255
      }
    },
    {
      "type": "Feature",
      "geometry": {
        "type": "Point",
        "coordinates": [
          8.334938333333334,
          44.16175166666667
        ]
      },
      "properties": {
        "longtitude": 8.334938333333334,
        "depth": 0.708,
        "temperature": 0.0,
        "time": 1782050064000,
        "timestamp": "2026-06-21T13:54:24",
        "water_level": 0.06823744292237442,
        "nearest_tide_timestamp": "2026-06-21T13:50:00",
        "tide_correction": 0.7762374429223744
      }
    },
    {
      "type": "Feature",
      "geometry": {
        "type": "Point",
        "coordinates": [
          8.334941666666667,
          44.16175166666667
        ]
      },
      "properties": {
        "longtitude": 8.334941666666667,
        "depth": 0.291,
        "temperature": 0.0,
        "time": 1782050065000,
        "timestamp": "2026-06-21T13:54:25",
        "water_level": 0.06821232876712328,
        "nearest_tide_timestamp": "2026-06-21T13:50:00",
        "tide_correction": 0.3592123287671233
      }
    },
    {
      "type": "Feature",
      "geometry": {
        "type": "Point",
        "coordinates": [
          8.33494,
          44.16175333333334
        ]
      },
      "properties": {
        "longtitude": 8.33494,
        "depth": 0.26,
        "temperature": 0.0,
        "time": 1782050066000,
        "timestamp": "2026-06-21T13:54:26",
        "water_level": 0.06818721461187215,
        "nearest_tide_timestamp": "2026-06-21T13:50:00",
        "tide_correction": 0.32818721461187217
      }
    },
    {
      "type": "Feature",
      "geometry": {
        "type": "Point",
        "coordinates": [
          8.33494,
          44.16175666666666
        ]
      },
      "properties": {
        "longtitude": 8.33494,
        "depth": 0.375,
        "temperature": 0.0,
        "time": 1782050067000,
        "timestamp": "2026-06-21T13:54:27",
        "water_level": 0.068162100456621,
        "nearest_tide_timestamp": "2026-06-21T13:50:00",
        "tide_correction": 0.44316210045662097
      }
    },
    {
      "type": "Feature",
      "geometry": {
        "type": "Point",
        "coordinates": [
          8.334945000000001,
          44.16175166666667
        ]
      },
      "properties": {
        "longtitude": 8.334945000000001,
        "depth": 0.135,
        "temperature": 0.0,
        "time": 1782050069000,
        "timestamp": "2026-06-21T13:54:29",
        "water_level": 0.06813698630136986,
        "nearest_tide_timestamp": "2026-06-21T13:50:00",
        "tide_correction": 0.20313698630136987
      }
    },
    {
      "type": "Feature",
      "geometry": {
        "type": "Point",
        "coordinates": [
          8.334943333333333,
          44.16175166666667
        ]
      },
      "properties": {
        "longtitude": 8.334943333333333,
        "depth": 0.156,
        "temperature": 0.0,
        "time": 1782050070000,
        "timestamp": "2026-06-21T13:54:30",
        "water_level": 0.06811187214611872,
        "nearest_tide_timestamp": "2026-06-21T13:50:00",
        "tide_correction": 0.22411187214611872
      }
    },
    {
      "type": "Feature",
      "geometry": {
        "type": "Point",
        "coordinates": [
          8.334943333333333,
          44.16175166666667
        ]
      },
      "properties": {
        "longtitude": 8.334943333333333,
        "depth": 0.333,
        "temperature": 0.0,
        "time": 1782050071000,
        "timestamp": "2026-06-21T13:54:31",
        "water_level": 0.06808675799086758,
        "nearest_tide_timestamp": "2026-06-21T13:50:00",
        "tide_correction": 0.40108675799086757
      }
    },
    {
      "type": "Feature",
      "geometry": {
        "type": "Point",
        "coordinates": [
          8.334948333333333,
          44.16175
        ]
      },
      "properties": {
        "longtitude": 8.334948333333333,
        "depth": 0.177,
        "temperature": 0.0,
        "time": 1782050072000,
        "timestamp": "2026-06-21T13:54:32",
        "water_level": 0.06806164383561643,
        "nearest_tide_timestamp": "2026-06-21T13:50:00",
        "tide_correction": 0.2450616438356164
      }
    },
    {
      "type": "Feature",
      "geometry": {
        "type": "Point",
        "coordinates": [
          8.334946666666667,
          44.16175
        ]
      },
      "properties": {
        "longtitude": 8.334946666666667,
        "depth": 0.291,
        "temperature": 0.0,
        "time": 1782050073000,
        "timestamp": "2026-06-21T13:54:33",
        "water_level": 0.06803652968036529,
        "nearest_tide_timestamp": "2026-06-21T13:50:00",
        "tide_correction": 0.35903652968036526
      }
    },
    {
      "type": "Feature",
      "geometry": {
        "type": "Point",
        "coordinates": [
          8.334948333333333,
          44.16174833333333
        ]
      },
      "properties": {
        "longtitude": 8.334948333333333,
        "depth": 0.583,
        "temperature": 0.0,
        "time": 1782050074000,
        "timestamp": "2026-06-21T13:54:34",
        "water_level": 0.06801141552511415,
        "nearest_tide_timestamp": "2026-06-21T13:50:00",
        "tide_correction": 0.6510114155251141
      }
    },
    {
      "type": "Feature",
      "geometry": {
        "type": "Point",
        "coordinates": [
          8.33495,
          44.16175833333333
        ]
      },
      "properties": {
        "longtitude": 8.33495,
        "depth": 0.343,
        "temperature": 0.0,
        "time": 1782050075000,
        "timestamp": "2026-06-21T13:54:35",
        "water_level": 0.06798630136986301,
        "nearest_tide_timestamp": "2026-06-21T13:50:00",
        "tide_correction": 0.410986301369863
      }
    },
    {
      "type": "Feature",
      "geometry": {
        "type": "Point",
        "coordinates": [
          8.33495,
          44.16175666666666
        ]
      },
      "properties": {
        "longtitude": 8.33495,
        "depth": 0.239,
        "temperature": 0.0,
        "time": 1782050076000,
        "timestamp": "2026-06-21T13:54:36",
        "water_level": 0.06796118721461186,
        "nearest_tide_timestamp": "2026-06-21T13:50:00",
        "tide_correction": 0.30696118721461185
      }
    },
    {
      "type": "Feature",
      "geometry": {
        "type": "Point",
        "coordinates": [
          8.334946666666667,
          44.16174333333333
        ]
      },
      "properties": {
        "longtitude": 8.334946666666667,
        "depth": 0.26,
        "temperature": 0.0,
        "time": 1782050084000,
        "timestamp": "2026-06-21T13:54:44",
        "water_level": 0.06793607305936072,
        "nearest_tide_timestamp": "2026-06-21T13:50:00",
        "tide_correction": 0.32793607305936073
      }
    },
    {
      "type": "Feature",
      "geometry": {
        "type": "Point",
        "coordinates": [
          8.334946666666667,
          44.16174833333333
        ]
      },
      "properties": {
        "longtitude": 8.334946666666667,
        "depth": 0.281,
        "temperature": 0.0,
        "time": 1782050085000,
        "timestamp": "2026-06-21T13:54:45",
        "water_level": 0.06791095890410959,
        "nearest_tide_timestamp": "2026-06-21T13:50:00",
        "tide_correction": 0.3489109589041096
      }
    },
    {
      "type": "Feature",
      "geometry": {
        "type": "Point",
        "coordinates": [
          8.334943333333333,
          44.161745
        ]
      },
      "properties": {
        "longtitude": 8.334943333333333,
        "depth": 0.291,
        "temperature": 0.0,
        "time": 1782050086000,
        "timestamp": "2026-06-21T13:54:46",
        "water_level": 0.06788584474885845,
        "nearest_tide_timestamp": "2026-06-21T13:50:00",
        "tide_correction": 0.35888584474885843
      }
    },
    {
      "type": "Feature",
      "geometry": {
        "type": "Point",
        "coordinates": [
          8.334941666666667,
          44.161745
        ]
      },
      "properties": {
        "longtitude": 8.334941666666667,
        "depth": 0.604,
        "temperature": 0.0,
        "time": 1782050087000,
        "timestamp": "2026-06-21T13:54:47",
        "water_level": 0.0678607305936073,
        "nearest_tide_timestamp": "2026-06-21T13:50:00",
        "tide_correction": 0.6718607305936073
      }
    },
    {
      "type": "Feature",
      "geometry": {
        "type": "Point",
        "coordinates": [
          8.334938333333334,
          44.161745
        ]
      },
      "properties": {
        "longtitude": 8.334938333333334,
        "depth": 0.666,
        "temperature": 0.0,
        "time": 1782050088000,
        "timestamp": "2026-06-21T13:54:48",
        "water_level": 0.06783561643835616,
        "nearest_tide_timestamp": "2026-06-21T13:50:00",
        "tide_correction": 0.7338356164383562
      }
    },
    {
      "type": "Feature",
      "geometry": {
        "type": "Point",
        "coordinates": [
          8.334938333333334,
          44.16174333333333
        ]
      },
      "properties": {
        "longtitude": 8.334938333333334,
        "depth": 0.843,
        "temperature": 0.0,
        "time": 1782050089000,
        "timestamp": "2026-06-21T13:54:49",
        "water_level": 0.06781050228310502,
        "nearest_tide_timestamp": "2026-06-21T13:50:00",
        "tide_correction": 0.910810502283105
      }
    },
    {
      "type": "Feature",
      "geometry": {
        "type": "Point",
        "coordinates": [
          8.334936666666666,
          44.16174333333333
        ]
      },
      "properties": {
        "longtitude": 8.334936666666666,
        "depth": 0.957,
        "temperature": 0.0,
        "time": 1782050090000,
        "timestamp": "2026-06-21T13:54:50",
        "water_level": 0.06778538812785388,
        "nearest_tide_timestamp": "2026-06-21T13:50:00",
        "tide_correction": 1.024785388127854
      }
    },
    {
      "type": "Feature",
      "geometry": {
        "type": "Point",
        "coordinates": [
          8.334936666666666,
          44.16174333333333
        ]
      },
      "properties": {
        "longtitude": 8.334936666666666,
        "depth": 0.885,
        "temperature": 0.0,
        "time": 1782050091000,
        "timestamp": "2026-06-21T13:54:51",
        "water_level": 0.06776027397260273,
        "nearest_tide_timestamp": "2026-06-21T13:50:00",
        "tide_correction": 0.9527602739726028
      }
    },
    {
      "type": "Feature",
      "geometry": {
        "type": "Point",
        "coordinates": [
          8.334935,
          44.16174333333333
        ]
      },
      "properties": {
        "longtitude": 8.334935,
        "depth": 0.957,
        "temperature": 0.0,
        "time": 1782050092000,
        "timestamp": "2026-06-21T13:54:52",
        "water_level": 0.06773515981735159,
        "nearest_tide_timestamp": "2026-06-21T13:50:00",
        "tide_correction": 1.0247351598173515
      }
    },
    {
      "type": "Feature",
      "geometry": {
        "type": "Point",
        "coordinates": [
          8.334936666666666,
          44.16174333333333
        ]
      },
      "properties": {
        "longtitude": 8.334936666666666,
        "depth": 0.937,
        "temperature": 0.0,
        "time": 1782050093000,
        "timestamp": "2026-06-21T13:54:53",
        "water_level": 0.06771004566210045,
        "nearest_tide_timestamp": "2026-06-21T13:50:00",
        "tide_correction": 1.0047100456621005
      }
    },
    {
      "type": "Feature",
      "geometry": {
        "type": "Point",
        "coordinates": [
          8.334936666666666,
          44.161745
        ]
      },
      "properties": {
        "longtitude": 8.334936666666666,
        "depth": 0.999,
        "temperature": 0.0,
        "time": 1782050094000,
        "timestamp": "2026-06-21T13:54:54",
        "water_level": 0.06768493150684932,
        "nearest_tide_timestamp": "2026-06-21T13:50:00",
        "tide_correction": 1.0666849315068494
      }
    },
    {
      "type": "Feature",
      "geometry": {
        "type": "Point",
        "coordinates": [
          8.334936666666666,
          44.16174666666667
        ]
      },
      "properties": {
        "longtitude": 8.334936666666666,
        "depth": 0.614,
        "temperature": 0.0,
        "time": 1782050095000,
        "timestamp": "2026-06-21T13:54:55",
        "water_level": 0.06765981735159816,
        "nearest_tide_timestamp": "2026-06-21T13:50:00",
        "tide_correction": 0.6816598173515982
      }
    },
    {
      "type": "Feature",
      "geometry": {
        "type": "Point",
        "coordinates": [
          8.334936666666666,
          44.16174666666667
        ]
      },
      "properties": {
        "longtitude": 8.334936666666666,
        "depth": 0.916,
        "temperature": 0.0,
        "time": 1782050096000,
        "timestamp": "2026-06-21T13:54:56",
        "water_level": 0.06763470319634703,
        "nearest_tide_timestamp": "2026-06-21T13:50:00",
        "tide_correction": 0.983634703196347
      }
    },
    {
      "type": "Feature",
      "geometry": {
        "type": "Point",
        "coordinates": [
          8.334935,
          44.161745
        ]
      },
      "properties": {
        "longtitude": 8.334935,
        "depth": 0.77,
        "temperature": 0.0,
        "time": 1782050097000,
        "timestamp": "2026-06-21T13:54:57",
        "water_level": 0.06760958904109589,
        "nearest_tide_timestamp": "2026-06-21T13:50:00",
        "tide_correction": 0.837609589041096
      }
    },
    {
      "type": "Feature",
      "geometry": {
        "type": "Point",
        "coordinates": [
          8.334933333333334,
          44.16174666666667
        ]
      },
      "properties": {
        "longtitude": 8.334933333333334,
        "depth": 0.905,
        "temperature": 0.0,
        "time": 1782050098000,
        "timestamp": "2026-06-21T13:54:58",
        "water_level": 0.06758447488584475,
        "nearest_tide_timestamp": "2026-06-21T13:50:00",
        "tide_correction": 0.9725844748858448
      }
    },
    {
      "type": "Feature",
      "geometry": {
        "type": "Point",
        "coordinates": [
          8.334933333333334,
          44.161745
        ]
      },
      "properties": {
        "longtitude": 8.334933333333334,
        "depth": 0.874,
        "temperature": 0.0,
        "time": 1782050099000,
        "timestamp": "2026-06-21T13:54:59",
        "water_level": 0.0675593607305936,
        "nearest_tide_timestamp": "2026-06-21T13:50:00",
        "tide_correction": 0.9415593607305937
      }
    },
    {
      "type": "Feature",
      "geometry": {
        "type": "Point",
        "coordinates": [
          8.334933333333334,
          44.161745
        ]
      },
      "properties": {
        "longtitude": 8.334933333333334,
        "depth": 1.009,
        "temperature": 0.0,
        "time": 1782050100000,
        "timestamp": "2026-06-21T13:55:00",
        "water_level": 0.06753424657534246,
        "nearest_tide_timestamp": "2026-06-21T13:50:00",
        "tide_correction": 1.0765342465753425
      }
    },
    {
      "type": "Feature",
      "geometry": {
        "type": "Point",
        "coordinates": [
          8.334931666666668,
          44.16174833333333
        ]
      },
      "properties": {
        "longtitude": 8.334931666666668,
        "depth": 1.062,
        "temperature": 0.0,
        "time": 1782050101000,
        "timestamp": "2026-06-21T13:55:01",
        "water_level": 0.06750913242009132,
        "nearest_tide_timestamp": "2026-06-21T14:00:00",
        "tide_correction": 1.1295091324200914
      }
    },
    {
      "type": "Feature",
      "geometry": {
        "type": "Point",
        "coordinates": [
          8.334931666666668,
          44.16174666666667
        ]
      },
      "properties": {
        "longtitude": 8.334931666666668,
        "depth": 0.666,
        "temperature": 0.0,
        "time": 1782050102000,
        "timestamp": "2026-06-21T13:55:02",
        "water_level": 0.06748401826484018,
        "nearest_tide_timestamp": "2026-06-21T14:00:00",
        "tide_correction": 0.7334840182648402
      }
    },
    {
      "type": "Feature",
      "geometry": {
        "type": "Point",
        "coordinates": [
          8.334931666666668,
          44.16174666666667
        ]
      },
      "properties": {
        "longtitude": 8.334931666666668,
        "depth": 1.072,
        "temperature": 0.0,
        "time": 1782050103000,
        "timestamp": "2026-06-21T13:55:03",
        "water_level": 0.06745890410958903,
        "nearest_tide_timestamp": "2026-06-21T14:00:00",
        "tide_correction": 1.139458904109589
      }
    },
    {
      "type": "Feature",
      "geometry": {
        "type": "Point",
        "coordinates": [
          8.334933333333334,
          44.16174666666667
        ]
      },
      "properties": {
        "longtitude": 8.334933333333334,
        "depth": 0.853,
        "temperature": 0.0,
        "time": 1782050104000,
        "timestamp": "2026-06-21T13:55:04",
        "water_level": 0.0674337899543379,
        "nearest_tide_timestamp": "2026-06-21T14:00:00",
        "tide_correction": 0.9204337899543379
      }
    },
    {
      "type": "Feature",
      "geometry": {
        "type": "Point",
        "coordinates": [
          8.334931666666668,
          44.16174833333333
        ]
      },
      "properties": {
        "longtitude": 8.334931666666668,
        "depth": 0.687,
        "temperature": 0.0,
        "time": 1782050105000,
        "timestamp": "2026-06-21T13:55:05",
        "water_level": 0.06740867579908676,
        "nearest_tide_timestamp": "2026-06-21T14:00:00",
        "tide_correction": 0.7544086757990868
      }
    },
    {
      "type": "Feature",
      "geometry": {
        "type": "Point",
        "coordinates": [
          8.334930000000002,
          44.16175
        ]
      },
      "properties": {
        "longtitude": 8.334930000000002,
        "depth": 0.583,
        "temperature": 0.0,
        "time": 1782050106000,
        "timestamp": "2026-06-21T13:55:06",
        "water_level": 0.0673835616438356,
        "nearest_tide_timestamp": "2026-06-21T14:00:00",
        "tide_correction": 0.6503835616438356
      }
    },
    {
      "type": "Feature",
      "geometry": {
        "type": "Point",
        "coordinates": [
          8.334930000000002,
          44.16175166666667
        ]
      },
      "properties": {
        "longtitude": 8.334930000000002,
        "depth": 0.833,
        "temperature": 0.0,
        "time": 1782050107000,
        "timestamp": "2026-06-21T13:55:07",
        "water_level": 0.06735844748858447,
        "nearest_tide_timestamp": "2026-06-21T14:00:00",
        "tide_correction": 0.9003584474885844
      }
    },
    {
      "type": "Feature",
      "geometry": {
        "type": "Point",
        "coordinates": [
          8.334930000000002,
          44.16175333333334
        ]
      },
      "properties": {
        "longtitude": 8.334930000000002,
        "depth": 0.125,
        "temperature": 0.0,
        "time": 1782050108000,
        "timestamp": "2026-06-21T13:55:08",
        "water_level": 0.06733333333333333,
        "nearest_tide_timestamp": "2026-06-21T14:00:00",
        "tide_correction": 0.19233333333333333
      }
    },
    {
      "type": "Feature",
      "geometry": {
        "type": "Point",
        "coordinates": [
          8.334930000000002,
          44.16175333333334
        ]
      },
      "properties": {
        "longtitude": 8.334930000000002,
        "depth": 0.354,
        "temperature": 0.0,
        "time": 1782050109000,
        "timestamp": "2026-06-21T13:55:09",
        "water_level": 0.06730821917808219,
        "nearest_tide_timestamp": "2026-06-21T14:00:00",
        "tide_correction": 0.42130821917808214
      }
    },
    {
      "type": "Feature",
      "geometry": {
        "type": "Point",
        "coordinates": [
          8.334928333333332,
          44.16175333333334
        ]
      },
      "properties": {
        "longtitude": 8.334928333333332,
        "depth": 0.219,
        "temperature": 0.0,
        "time": 1782050110000,
        "timestamp": "2026-06-21T13:55:10",
        "water_level": 0.06728310502283105,
        "nearest_tide_timestamp": "2026-06-21T14:00:00",
        "tide_correction": 0.28628310502283105
      }
    },
    {
      "type": "Feature",
      "geometry": {
        "type": "Point",
        "coordinates": [
          8.334928333333332,
          44.16175333333334
        ]
      },
      "properties": {
        "longtitude": 8.334928333333332,
        "depth": 0.312,
        "temperature": 0.0,
        "time": 1782050111000,
        "timestamp": "2026-06-21T13:55:11",
        "water_level": 0.0672579908675799,
        "nearest_tide_timestamp": "2026-06-21T14:00:00",
        "tide_correction": 0.3792579908675799
      }
    },
    {
      "type": "Feature",
      "geometry": {
        "type": "Point",
        "coordinates": [
          8.334930000000002,
          44.16175
        ]
      },
      "properties": {
        "longtitude": 8.334930000000002,
        "depth": 0.239,
        "temperature": 0.0,
        "time": 1782050112000,
        "timestamp": "2026-06-21T13:55:12",
        "water_level": 0.06723287671232876,
        "nearest_tide_timestamp": "2026-06-21T14:00:00",
        "tide_correction": 0.30623287671232874
      }
    },
    {
      "type": "Feature",
      "geometry": {
        "type": "Point",
        "coordinates": [
          8.334930000000002,
          44.16174833333333
        ]
      },
      "properties": {
        "longtitude": 8.334930000000002,
        "depth": 0.229,
        "temperature": 0.0,
        "time": 1782050113000,
        "timestamp": "2026-06-21T13:55:13",
        "water_level": 0.06720776255707762,
        "nearest_tide_timestamp": "2026-06-21T14:00:00",
        "tide_correction": 0.29620776255707765
      }
    },
    {
      "type": "Feature",
      "geometry": {
        "type": "Point",
        "coordinates": [
          8.334930000000002,
          44.16175
        ]
      },
      "properties": {
        "longtitude": 8.334930000000002,
        "depth": 0.198,
        "temperature": 0.0,
        "time": 1782050114000,
        "timestamp": "2026-06-21T13:55:14",
        "water_level": 0.06718264840182647,
        "nearest_tide_timestamp": "2026-06-21T14:00:00",
        "tide_correction": 0.2651826484018265
      }
    },
    {
      "type": "Feature",
      "geometry": {
        "type": "Point",
        "coordinates": [
          8.334933333333334,
          44.16175
        ]
      },
      "properties": {
        "longtitude": 8.334933333333334,
        "depth": 0.187,
        "temperature": 0.0,
        "time": 1782050115000,
        "timestamp": "2026-06-21T13:55:15",
        "water_level": 0.06715753424657533,
        "nearest_tide_timestamp": "2026-06-21T14:00:00",
        "tide_correction": 0.25415753424657533
      }
    },
    {
      "type": "Feature",
      "geometry": {
        "type": "Point",
        "coordinates": [
          8.334933333333334,
          44.16174833333333
        ]
      },
      "properties": {
        "longtitude": 8.334933333333334,
        "depth": 0.156,
        "temperature": 0.0,
        "time": 1782050116000,
        "timestamp": "2026-06-21T13:55:16",
        "water_level": 0.0671324200913242,
        "nearest_tide_timestamp": "2026-06-21T14:00:00",
        "tide_correction": 0.2231324200913242
      }
    },
    {
      "type": "Feature",
      "geometry": {
        "type": "Point",
        "coordinates": [
          8.334933333333334,
          44.16175
        ]
      },
      "properties": {
        "longtitude": 8.334933333333334,
        "depth": 0.156,
        "temperature": 0.0,
        "time": 1782050118000,
        "timestamp": "2026-06-21T13:55:18",
        "water_level": 0.06710730593607306,
        "nearest_tide_timestamp": "2026-06-21T14:00:00",
        "tide_correction": 0.22310730593607306
      }
    },
    {
      "type": "Feature",
      "geometry": {
        "type": "Point",
        "coordinates": [
          8.334931666666668,
          44.16174666666667
        ]
      },
      "properties": {
        "longtitude": 8.334931666666668,
        "depth": 0.25,
        "temperature": 0.0,
        "time": 1782050119000,
        "timestamp": "2026-06-21T13:55:19",
        "water_level": 0.0670821917808219,
        "nearest_tide_timestamp": "2026-06-21T14:00:00",
        "tide_correction": 0.3170821917808219
      }
    },
    {
      "type": "Feature",
      "geometry": {
        "type": "Point",
        "coordinates": [
          8.334930000000002,
          44.161745
        ]
      },
      "properties": {
        "longtitude": 8.334930000000002,
        "depth": 0.5,
        "temperature": 0.0,
        "time": 1782050120000,
        "timestamp": "2026-06-21T13:55:20",
        "water_level": 0.06705707762557077,
        "nearest_tide_timestamp": "2026-06-21T14:00:00",
        "tide_correction": 0.5670570776255708
      }
    },
    {
      "type": "Feature",
      "geometry": {
        "type": "Point",
        "coordinates": [
          8.334930000000002,
          44.16174333333333
        ]
      },
      "properties": {
        "longtitude": 8.334930000000002,
        "depth": 0.614,
        "temperature": 0.0,
        "time": 1782050121000,
        "timestamp": "2026-06-21T13:55:21",
        "water_level": 0.06703196347031963,
        "nearest_tide_timestamp": "2026-06-21T14:00:00",
        "tide_correction": 0.6810319634703196
      }
    },
    {
      "type": "Feature",
      "geometry": {
        "type": "Point",
        "coordinates": [
          8.334931666666668,
          44.16174333333333
        ]
      },
      "properties": {
        "longtitude": 8.334931666666668,
        "depth": 0.864,
        "temperature": 0.0,
        "time": 1782050122000,
        "timestamp": "2026-06-21T13:55:22",
        "water_level": 0.06700684931506849,
        "nearest_tide_timestamp": "2026-06-21T14:00:00",
        "tide_correction": 0.9310068493150685
      }
    },
    {
      "type": "Feature",
      "geometry": {
        "type": "Point",
        "coordinates": [
          8.334931666666668,
          44.16174166666666
        ]
      },
      "properties": {
        "longtitude": 8.334931666666668,
        "depth": 0.874,
        "temperature": 0.0,
        "time": 1782050123000,
        "timestamp": "2026-06-21T13:55:23",
        "water_level": 0.06698173515981734,
        "nearest_tide_timestamp": "2026-06-21T14:00:00",
        "tide_correction": 0.9409817351598173
      }
    },
    {
      "type": "Feature",
      "geometry": {
        "type": "Point",
        "coordinates": [
          8.334933333333334,
          44.16174
        ]
      },
      "properties": {
        "longtitude": 8.334933333333334,
        "depth": 0.947,
        "temperature": 0.0,
        "time": 1782050124000,
        "timestamp": "2026-06-21T13:55:24",
        "water_level": 0.0669566210045662,
        "nearest_tide_timestamp": "2026-06-21T14:00:00",
        "tide_correction": 1.013956621004566
      }
    },
    {
      "type": "Feature",
      "geometry": {
        "type": "Point",
        "coordinates": [
          8.334935,
          44.16173833333334
        ]
      },
      "properties": {
        "longtitude": 8.334935,
        "depth": 0.895,
        "temperature": 0.0,
        "time": 1782050125000,
        "timestamp": "2026-06-21T13:55:25",
        "water_level": 0.06693150684931506,
        "nearest_tide_timestamp": "2026-06-21T14:00:00",
        "tide_correction": 0.961931506849315
      }
    },
    {
      "type": "Feature",
      "geometry": {
        "type": "Point",
        "coordinates": [
          8.334936666666666,
          44.16174
        ]
      },
      "properties": {
        "longtitude": 8.334936666666666,
        "depth": 0.968,
        "temperature": 0.0,
        "time": 1782050126000,
        "timestamp": "2026-06-21T13:55:26",
        "water_level": 0.06690639269406393,
        "nearest_tide_timestamp": "2026-06-21T14:00:00",
        "tide_correction": 1.0349063926940638
      }
    },
    {
      "type": "Feature",
      "geometry": {
        "type": "Point",
        "coordinates": [
          8.334938333333334,
          44.16174
        ]
      },
      "properties": {
        "longtitude": 8.334938333333334,
        "depth": 0.978,
        "temperature": 0.0,
        "time": 1782050127000,
        "timestamp": "2026-06-21T13:55:27",
        "water_level": 0.06688127853881277,
        "nearest_tide_timestamp": "2026-06-21T14:00:00",
        "tide_correction": 1.0448812785388129
      }
    },
    {
      "type": "Feature",
      "geometry": {
        "type": "Point",
        "coordinates": [
          8.334938333333334,
          44.16173833333334
        ]
      },
      "properties": {
        "longtitude": 8.334938333333334,
        "depth": 1.082,
        "temperature": 0.0,
        "time": 1782050128000,
        "timestamp": "2026-06-21T13:55:28",
        "water_level": 0.06685616438356164,
        "nearest_tide_timestamp": "2026-06-21T14:00:00",
        "tide_correction": 1.1488561643835618
      }
    },
    {
      "type": "Feature",
      "geometry": {
        "type": "Point",
        "coordinates": [
          8.33494,
          44.16173833333334
        ]
      },
      "properties": {
        "longtitude": 8.33494,
        "depth": 1.166,
        "temperature": 0.0,
        "time": 1782050129000,
        "timestamp": "2026-06-21T13:55:29",
        "water_level": 0.0668310502283105,
        "nearest_tide_timestamp": "2026-06-21T14:00:00",
        "tide_correction": 1.2328310502283104
      }
    },
    {
      "type": "Feature",
      "geometry": {
        "type": "Point",
        "coordinates": [
          8.33494,
          44.16173833333334
        ]
      },
      "properties": {
        "longtitude": 8.33494,
        "depth": 1.155,
        "temperature": 0.0,
        "time": 1782050130000,
        "timestamp": "2026-06-21T13:55:30",
        "water_level": 0.06680593607305936,
        "nearest_tide_timestamp": "2026-06-21T14:00:00",
        "tide_correction": 1.2218059360730593
      }
    },
    {
      "type": "Feature",
      "geometry": {
        "type": "Point",
        "coordinates": [
          8.334938333333334,
          44.16173833333334
        ]
      },
      "properties": {
        "longtitude": 8.334938333333334,
        "depth": 1.238,
        "temperature": 0.0,
        "time": 1782050131000,
        "timestamp": "2026-06-21T13:55:31",
        "water_level": 0.06678082191780821,
        "nearest_tide_timestamp": "2026-06-21T14:00:00",
        "tide_correction": 1.304780821917808
      }
    },
    {
      "type": "Feature",
      "geometry": {
        "type": "Point",
        "coordinates": [
          8.334936666666666,
          44.16173833333334
        ]
      },
      "properties": {
        "longtitude": 8.334936666666666,
        "depth": 1.218,
        "temperature": 0.0,
        "time": 1782050132000,
        "timestamp": "2026-06-21T13:55:32",
        "water_level": 0.06675570776255707,
        "nearest_tide_timestamp": "2026-06-21T14:00:00",
        "tide_correction": 1.284755707762557
      }
    },
    {
      "type": "Feature",
      "geometry": {
        "type": "Point",
        "coordinates": [
          8.334938333333334,
          44.16173833333334
        ]
      },
      "properties": {
        "longtitude": 8.334938333333334,
        "depth": 1.124,
        "temperature": 0.0,
        "time": 1782050133000,
        "timestamp": "2026-06-21T13:55:33",
        "water_level": 0.06673059360730593,
        "nearest_tide_timestamp": "2026-06-21T14:00:00",
        "tide_correction": 1.190730593607306
      }
    },
    {
      "type": "Feature",
      "geometry": {
        "type": "Point",
        "coordinates": [
          8.334936666666666,
          44.16173833333334
        ]
      },
      "properties": {
        "longtitude": 8.334936666666666,
        "depth": 0.957,
        "temperature": 0.0,
        "time": 1782050134000,
        "timestamp": "2026-06-21T13:55:34",
        "water_level": 0.0667054794520548,
        "nearest_tide_timestamp": "2026-06-21T14:00:00",
        "tide_correction": 1.0237054794520548
      }
    },
    {
      "type": "Feature",
      "geometry": {
        "type": "Point",
        "coordinates": [
          8.334933333333334,
          44.16173833333334
        ]
      },
      "properties": {
        "longtitude": 8.334933333333334,
        "depth": 0.874,
        "temperature": 0.0,
        "time": 1782050135000,
        "timestamp": "2026-06-21T13:55:35",
        "water_level": 0.06668036529680364,
        "nearest_tide_timestamp": "2026-06-21T14:00:00",
        "tide_correction": 0.9406803652968037
      }
    },
    {
      "type": "Feature",
      "geometry": {
        "type": "Point",
        "coordinates": [
          8.334933333333334,
          44.16174166666666
        ]
      },
      "properties": {
        "longtitude": 8.334933333333334,
        "depth": 0.728,
        "temperature": 0.0,
        "time": 1782050136000,
        "timestamp": "2026-06-21T13:55:36",
        "water_level": 0.0666552511415525,
        "nearest_tide_timestamp": "2026-06-21T14:00:00",
        "tide_correction": 0.7946552511415524
      }
    },
    {
      "type": "Feature",
      "geometry": {
        "type": "Point",
        "coordinates": [
          8.334933333333334,
          44.16174
        ]
      },
      "properties": {
        "longtitude": 8.334933333333334,
        "depth": 0.77,
        "temperature": 0.0,
        "time": 1782050137000,
        "timestamp": "2026-06-21T13:55:37",
        "water_level": 0.06663013698630137,
        "nearest_tide_timestamp": "2026-06-21T14:00:00",
        "tide_correction": 0.8366301369863014
      }
    },
    {
      "type": "Feature",
      "geometry": {
        "type": "Point",
        "coordinates": [
          8.334931666666668,
          44.16173333333333
        ]
      },
      "properties": {
        "longtitude": 8.334931666666668,
        "depth": 0.749,
        "temperature": 0.0,
        "time": 1782050138000,
        "timestamp": "2026-06-21T13:55:38",
        "water_level": 0.06660502283105023,
        "nearest_tide_timestamp": "2026-06-21T14:00:00",
        "tide_correction": 0.8156050228310502
      }
    },
    {
      "type": "Feature",
      "geometry": {
        "type": "Point",
        "coordinates": [
          8.334933333333334,
          44.16173166666668
        ]
      },
      "properties": {
        "longtitude": 8.334933333333334,
        "depth": 0.791,
        "temperature": 0.0,
        "time": 1782050139000,
        "timestamp": "2026-06-21T13:55:39",
        "water_level": 0.06657990867579908,
        "nearest_tide_timestamp": "2026-06-21T14:00:00",
        "tide_correction": 0.8575799086757991
      }
    },
    {
      "type": "Feature",
      "geometry": {
        "type": "Point",
        "coordinates": [
          8.334935,
          44.16172666666667
        ]
      },
      "properties": {
        "longtitude": 8.334935,
        "depth": 0.853,
        "temperature": 0.0,
        "time": 1782050140000,
        "timestamp": "2026-06-21T13:55:40",
        "water_level": 0.06655479452054794,
        "nearest_tide_timestamp": "2026-06-21T14:00:00",
        "tide_correction": 0.9195547945205479
      }
    },
    {
      "type": "Feature",
      "geometry": {
        "type": "Point",
        "coordinates": [
          8.334938333333334,
          44.16172666666667
        ]
      },
      "properties": {
        "longtitude": 8.334938333333334,
        "depth": 0.916,
        "temperature": 0.0,
        "time": 1782050141000,
        "timestamp": "2026-06-21T13:55:41",
        "water_level": 0.0665296803652968,
        "nearest_tide_timestamp": "2026-06-21T14:00:00",
        "tide_correction": 0.9825296803652969
      }
    },
    {
      "type": "Feature",
      "geometry": {
        "type": "Point",
        "coordinates": [
          8.334941666666667,
          44.16172333333334
        ]
      },
      "properties": {
        "longtitude": 8.334941666666667,
        "depth": 1.041,
        "temperature": 0.0,
        "time": 1782050142000,
        "timestamp": "2026-06-21T13:55:42",
        "water_level": 0.06650456621004566,
        "nearest_tide_timestamp": "2026-06-21T14:00:00",
        "tide_correction": 1.1075045662100456
      }
    },
    {
      "type": "Feature",
      "geometry": {
        "type": "Point",
        "coordinates": [
          8.334941666666667,
          44.161725
        ]
      },
      "properties": {
        "longtitude": 8.334941666666667,
        "depth": 1.166,
        "temperature": 0.0,
        "time": 1782050143000,
        "timestamp": "2026-06-21T13:55:43",
        "water_level": 0.06647945205479451,
        "nearest_tide_timestamp": "2026-06-21T14:00:00",
        "tide_correction": 1.2324794520547944
      }
    },
    {
      "type": "Feature",
      "geometry": {
        "type": "Point",
        "coordinates": [
          8.334941666666667,
          44.161725
        ]
      },
      "properties": {
        "longtitude": 8.334941666666667,
        "depth": 1.041,
        "temperature": 0.0,
        "time": 1782050144000,
        "timestamp": "2026-06-21T13:55:44",
        "water_level": 0.06645433789954337,
        "nearest_tide_timestamp": "2026-06-21T14:00:00",
        "tide_correction": 1.1074543378995434
      }
    },
    {
      "type": "Feature",
      "geometry": {
        "type": "Point",
        "coordinates": [
          8.334941666666667,
          44.16172666666667
        ]
      },
      "properties": {
        "longtitude": 8.334941666666667,
        "depth": 1.02,
        "temperature": 0.0,
        "time": 1782050145000,
        "timestamp": "2026-06-21T13:55:45",
        "water_level": 0.06642922374429223,
        "nearest_tide_timestamp": "2026-06-21T14:00:00",
        "tide_correction": 1.0864292237442923
      }
    },
    {
      "type": "Feature",
      "geometry": {
        "type": "Point",
        "coordinates": [
          8.334943333333333,
          44.161728333333336
        ]
      },
      "properties": {
        "longtitude": 8.334943333333333,
        "depth": 0.999,
        "temperature": 0.0,
        "time": 1782050146000,
        "timestamp": "2026-06-21T13:55:46",
        "water_level": 0.0664041095890411,
        "nearest_tide_timestamp": "2026-06-21T14:00:00",
        "tide_correction": 1.0654041095890412
      }
    },
    {
      "type": "Feature",
      "geometry": {
        "type": "Point",
        "coordinates": [
          8.334943333333333,
          44.161730000000006
        ]
      },
      "properties": {
        "longtitude": 8.334943333333333,
        "depth": 1.03,
        "temperature": 0.0,
        "time": 1782050147000,
        "timestamp": "2026-06-21T13:55:47",
        "water_level": 0.06637899543378994,
        "nearest_tide_timestamp": "2026-06-21T14:00:00",
        "tide_correction": 1.09637899543379
      }
    },
    {
      "type": "Feature",
      "geometry": {
        "type": "Point",
        "coordinates": [
          8.334945000000001,
          44.16173166666668
        ]
      },
      "properties": {
        "longtitude": 8.334945000000001,
        "depth": 0.801,
        "temperature": 0.0,
        "time": 1782050148000,
        "timestamp": "2026-06-21T13:55:48",
        "water_level": 0.0663538812785388,
        "nearest_tide_timestamp": "2026-06-21T14:00:00",
        "tide_correction": 0.8673538812785389
      }
    },
    {
      "type": "Feature",
      "geometry": {
        "type": "Point",
        "coordinates": [
          8.334945000000001,
          44.161730000000006
        ]
      },
      "properties": {
        "longtitude": 8.334945000000001,
        "depth": 0.989,
        "temperature": 0.0,
        "time": 1782050149000,
        "timestamp": "2026-06-21T13:55:49",
        "water_level": 0.06632876712328767,
        "nearest_tide_timestamp": "2026-06-21T14:00:00",
        "tide_correction": 1.0553287671232876
      }
    },
    {
      "type": "Feature",
      "geometry": {
        "type": "Point",
        "coordinates": [
          8.334946666666667,
          44.161728333333336
        ]
      },
      "properties": {
        "longtitude": 8.334946666666667,
        "depth": 0.885,
        "temperature": 0.0,
        "time": 1782050150000,
        "timestamp": "2026-06-21T13:55:50",
        "water_level": 0.06630365296803653,
        "nearest_tide_timestamp": "2026-06-21T14:00:00",
        "tide_correction": 0.9513036529680365
      }
    },
    {
      "type": "Feature",
      "geometry": {
        "type": "Point",
        "coordinates": [
          8.334948333333333,
          44.16172666666667
        ]
      },
      "properties": {
        "longtitude": 8.334948333333333,
        "depth": 0.947,
        "temperature": 0.0,
        "time": 1782050151000,
        "timestamp": "2026-06-21T13:55:51",
        "water_level": 0.06627853881278538,
        "nearest_tide_timestamp": "2026-06-21T14:00:00",
        "tide_correction": 1.0132785388127854
      }
    },
    {
      "type": "Feature",
      "geometry": {
        "type": "Point",
        "coordinates": [
          8.334946666666667,
          44.161725
        ]
      },
      "properties": {
        "longtitude": 8.334946666666667,
        "depth": 1.103,
        "temperature": 0.0,
        "time": 1782050152000,
        "timestamp": "2026-06-21T13:55:52",
        "water_level": 0.06625342465753424,
        "nearest_tide_timestamp": "2026-06-21T14:00:00",
        "tide_correction": 1.1692534246575341
      }
    },
    {
      "type": "Feature",
      "geometry": {
        "type": "Point",
        "coordinates": [
          8.334948333333333,
          44.161725
        ]
      },
      "properties": {
        "longtitude": 8.334948333333333,
        "depth": 0.999,
        "temperature": 0.0,
        "time": 1782050153000,
        "timestamp": "2026-06-21T13:55:53",
        "water_level": 0.0662283105022831,
        "nearest_tide_timestamp": "2026-06-21T14:00:00",
        "tide_correction": 1.065228310502283
      }
    },
    {
      "type": "Feature",
      "geometry": {
        "type": "Point",
        "coordinates": [
          8.33495,
          44.16172333333334
        ]
      },
      "properties": {
        "longtitude": 8.33495,
        "depth": 0.916,
        "temperature": 0.0,
        "time": 1782050154000,
        "timestamp": "2026-06-21T13:55:54",
        "water_level": 0.06620319634703196,
        "nearest_tide_timestamp": "2026-06-21T14:00:00",
        "tide_correction": 0.982203196347032
      }
    },
    {
      "type": "Feature",
      "geometry": {
        "type": "Point",
        "coordinates": [
          8.334953333333335,
          44.16172166666667
        ]
      },
      "properties": {
        "longtitude": 8.334953333333335,
        "depth": 1.03,
        "temperature": 0.0,
        "time": 1782050155000,
        "timestamp": "2026-06-21T13:55:55",
        "water_level": 0.06617808219178081,
        "nearest_tide_timestamp": "2026-06-21T14:00:00",
        "tide_correction": 1.0961780821917808
      }
    },
    {
      "type": "Feature",
      "geometry": {
        "type": "Point",
        "coordinates": [
          8.334955,
          44.16171666666667
        ]
      },
      "properties": {
        "longtitude": 8.334955,
        "depth": 1.03,
        "temperature": 0.0,
        "time": 1782050156000,
        "timestamp": "2026-06-21T13:55:56",
        "water_level": 0.06615296803652967,
        "nearest_tide_timestamp": "2026-06-21T14:00:00",
        "tide_correction": 1.0961529680365296
      }
    },
    {
      "type": "Feature",
      "geometry": {
        "type": "Point",
        "coordinates": [
          8.334953333333335,
          44.16170833333334
        ]
      },
      "properties": {
        "longtitude": 8.334953333333335,
        "depth": 0.968,
        "temperature": 0.0,
        "time": 1782050157000,
        "timestamp": "2026-06-21T13:55:57",
        "water_level": 0.06612785388127854,
        "nearest_tide_timestamp": "2026-06-21T14:00:00",
        "tide_correction": 1.0341278538812786
      }
    },
    {
      "type": "Feature",
      "geometry": {
        "type": "Point",
        "coordinates": [
          8.334948333333333,
          44.16170333333333
        ]
      },
      "properties": {
        "longtitude": 8.334948333333333,
        "depth": 0.614,
        "temperature": 0.0,
        "time": 1782050158000,
        "timestamp": "2026-06-21T13:55:58",
        "water_level": 0.0661027397260274,
        "nearest_tide_timestamp": "2026-06-21T14:00:00",
        "tide_correction": 0.6801027397260274
      }
    },
    {
      "type": "Feature",
      "geometry": {
        "type": "Point",
        "coordinates": [
          8.334945000000001,
          44.16169666666666
        ]
      },
      "properties": {
        "longtitude": 8.334945000000001,
        "depth": 0.937,
        "temperature": 0.0,
        "time": 1782050159000,
        "timestamp": "2026-06-21T13:55:59",
        "water_level": 0.06607762557077625,
        "nearest_tide_timestamp": "2026-06-21T14:00:00",
        "tide_correction": 1.0030776255707763
      }
    },
    {
      "type": "Feature",
      "geometry": {
        "type": "Point",
        "coordinates": [
          8.334943333333333,
          44.16169333333334
        ]
      },
      "properties": {
        "longtitude": 8.334943333333333,
        "depth": 1.009,
        "temperature": 0.0,
        "time": 1782050160000,
        "timestamp": "2026-06-21T13:56:00",
        "water_level": 0.06605251141552511,
        "nearest_tide_timestamp": "2026-06-21T14:00:00",
        "tide_correction": 1.075052511415525
      }
    },
    {
      "type": "Feature",
      "geometry": {
        "type": "Point",
        "coordinates": [
          8.334935,
          44.16169
        ]
      },
      "properties": {
        "longtitude": 8.334935,
        "depth": 1.124,
        "temperature": 0.0,
        "time": 1782050161000,
        "timestamp": "2026-06-21T13:56:01",
        "water_level": 0.06602739726027397,
        "nearest_tide_timestamp": "2026-06-21T14:00:00",
        "tide_correction": 1.1900273972602742
      }
    },
    {
      "type": "Feature",
      "geometry": {
        "type": "Point",
        "coordinates": [
          8.334931666666668,
          44.16168666666668
        ]
      },
      "properties": {
        "longtitude": 8.334931666666668,
        "depth": 0.656,
        "temperature": 0.0,
        "time": 1782050162000,
        "timestamp": "2026-06-21T13:56:02",
        "water_level": 0.06600228310502283,
        "nearest_tide_timestamp": "2026-06-21T14:00:00",
        "tide_correction": 0.7220022831050229
      }
    },
    {
      "type": "Feature",
      "geometry": {
        "type": "Point",
        "coordinates": [
          8.334928333333332,
          44.161685000000006
        ]
      },
      "properties": {
        "longtitude": 8.334928333333332,
        "depth": 0.604,
        "temperature": 0.0,
        "time": 1782050163000,
        "timestamp": "2026-06-21T13:56:03",
        "water_level": 0.06597716894977168,
        "nearest_tide_timestamp": "2026-06-21T14:00:00",
        "tide_correction": 0.6699771689497717
      }
    },
    {
      "type": "Feature",
      "geometry": {
        "type": "Point",
        "coordinates": [
          8.334930000000002,
          44.16168166666667
        ]
      },
      "properties": {
        "longtitude": 8.334930000000002,
        "depth": 0.645,
        "temperature": 0.0,
        "time": 1782050164000,
        "timestamp": "2026-06-21T13:56:04",
        "water_level": 0.06595205479452054,
        "nearest_tide_timestamp": "2026-06-21T14:00:00",
        "tide_correction": 0.7109520547945205
      }
    },
    {
      "type": "Feature",
      "geometry": {
        "type": "Point",
        "coordinates": [
          8.334933333333334,
          44.16167833333334
        ]
      },
      "properties": {
        "longtitude": 8.334933333333334,
        "depth": 1.384,
        "temperature": 0.0,
        "time": 1782050165000,
        "timestamp": "2026-06-21T13:56:05",
        "water_level": 0.0659269406392694,
        "nearest_tide_timestamp": "2026-06-21T14:00:00",
        "tide_correction": 1.4499269406392692
      }
    },
    {
      "type": "Feature",
      "geometry": {
        "type": "Point",
        "coordinates": [
          8.334936666666666,
          44.161675
        ]
      },
      "properties": {
        "longtitude": 8.334936666666666,
        "depth": 1.218,
        "temperature": 0.0,
        "time": 1782050166000,
        "timestamp": "2026-06-21T13:56:06",
        "water_level": 0.06590182648401827,
        "nearest_tide_timestamp": "2026-06-21T14:00:00",
        "tide_correction": 1.2839018264840183
      }
    },
    {
      "type": "Feature",
      "geometry": {
        "type": "Point",
        "coordinates": [
          8.334941666666667,
          44.16167166666667
        ]
      },
      "properties": {
        "longtitude": 8.334941666666667,
        "depth": 1.311,
        "temperature": 0.0,
        "time": 1782050167000,
        "timestamp": "2026-06-21T13:56:07",
        "water_level": 0.06587671232876711,
        "nearest_tide_timestamp": "2026-06-21T14:00:00",
        "tide_correction": 1.376876712328767
      }
    },
    {
      "type": "Feature",
      "geometry": {
        "type": "Point",
        "coordinates": [
          8.334945000000001,
          44.16166666666666
        ]
      },
      "properties": {
        "longtitude": 8.334945000000001,
        "depth": 1.478,
        "temperature": 0.0,
        "time": 1782050168000,
        "timestamp": "2026-06-21T13:56:08",
        "water_level": 0.06585159817351598,
        "nearest_tide_timestamp": "2026-06-21T14:00:00",
        "tide_correction": 1.543851598173516
      }
    },
    {
      "type": "Feature",
      "geometry": {
        "type": "Point",
        "coordinates": [
          8.334948333333333,
          44.16166333333334
        ]
      },
      "properties": {
        "longtitude": 8.334948333333333,
        "depth": 1.259,
        "temperature": 0.0,
        "time": 1782050169000,
        "timestamp": "2026-06-21T13:56:09",
        "water_level": 0.06582648401826484,
        "nearest_tide_timestamp": "2026-06-21T14:00:00",
        "tide_correction": 1.3248264840182646
      }
    },
    {
      "type": "Feature",
      "geometry": {
        "type": "Point",
        "coordinates": [
          8.33495,
          44.16166
        ]
      },
      "properties": {
        "longtitude": 8.33495,
        "depth": 1.655,
        "temperature": 0.0,
        "time": 1782050170000,
        "timestamp": "2026-06-21T13:56:10",
        "water_level": 0.0658013698630137,
        "nearest_tide_timestamp": "2026-06-21T14:00:00",
        "tide_correction": 1.7208013698630138
      }
    },
    {
      "type": "Feature",
      "geometry": {
        "type": "Point",
        "coordinates": [
          8.334953333333335,
          44.161655
        ]
      },
      "properties": {
        "longtitude": 8.334953333333335,
        "depth": 1.696,
        "temperature": 0.0,
        "time": 1782050171000,
        "timestamp": "2026-06-21T13:56:11",
        "water_level": 0.06577625570776255,
        "nearest_tide_timestamp": "2026-06-21T14:00:00",
        "tide_correction": 1.7617762557077625
      }
    },
    {
      "type": "Feature",
      "geometry": {
        "type": "Point",
        "coordinates": [
          8.334955,
          44.16165166666666
        ]
      },
      "properties": {
        "longtitude": 8.334955,
        "depth": 1.665,
        "temperature": 0.0,
        "time": 1782050172000,
        "timestamp": "2026-06-21T13:56:12",
        "water_level": 0.06575114155251141,
        "nearest_tide_timestamp": "2026-06-21T14:00:00",
        "tide_correction": 1.7307511415525114
      }
    },
    {
      "type": "Feature",
      "geometry": {
        "type": "Point",
        "coordinates": [
          8.334958333333333,
          44.16164666666667
        ]
      },
      "properties": {
        "longtitude": 8.334958333333333,
        "depth": 1.894,
        "temperature": 0.0,
        "time": 1782050173000,
        "timestamp": "2026-06-21T13:56:13",
        "water_level": 0.06572602739726027,
        "nearest_tide_timestamp": "2026-06-21T14:00:00",
        "tide_correction": 1.95972602739726
      }
    },
    {
      "type": "Feature",
      "geometry": {
        "type": "Point",
        "coordinates": [
          8.334963333333333,
          44.16164166666668
        ]
      },
      "properties": {
        "longtitude": 8.334963333333333,
        "depth": 1.852,
        "temperature": 0.0,
        "time": 1782050174000,
        "timestamp": "2026-06-21T13:56:14",
        "water_level": 0.06570091324200913,
        "nearest_tide_timestamp": "2026-06-21T14:00:00",
        "tide_correction": 1.9177009132420093
      }
    },
    {
      "type": "Feature",
      "geometry": {
        "type": "Point",
        "coordinates": [
          8.334966666666666,
          44.161638333333336
        ]
      },
      "properties": {
        "longtitude": 8.334966666666666,
        "depth": 1.686,
        "temperature": 0.0,
        "time": 1782050175000,
        "timestamp": "2026-06-21T13:56:15",
        "water_level": 0.06567579908675798,
        "nearest_tide_timestamp": "2026-06-21T14:00:00",
        "tide_correction": 1.751675799086758
      }
    },
    {
      "type": "Feature",
      "geometry": {
        "type": "Point",
        "coordinates": [
          8.33497,
          44.16163
        ]
      },
      "properties": {
        "longtitude": 8.33497,
        "depth": 2.133,
        "temperature": 0.0,
        "time": 1782050176000,
        "timestamp": "2026-06-21T13:56:16",
        "water_level": 0.06565068493150684,
        "nearest_tide_timestamp": "2026-06-21T14:00:00",
        "tide_correction": 2.198650684931507
      }
    },
    {
      "type": "Feature",
      "geometry": {
        "type": "Point",
        "coordinates": [
          8.334974999999998,
          44.16162333333333
        ]
      },
      "properties": {
        "longtitude": 8.334974999999998,
        "depth": 2.009,
        "temperature": 0.0,
        "time": 1782050177000,
        "timestamp": "2026-06-21T13:56:17",
        "water_level": 0.0656255707762557,
        "nearest_tide_timestamp": "2026-06-21T14:00:00",
        "tide_correction": 2.0746255707762558
      }
    },
    {
      "type": "Feature",
      "geometry": {
        "type": "Point",
        "coordinates": [
          8.33498,
          44.16161833333334
        ]
      },
      "properties": {
        "longtitude": 8.33498,
        "depth": 2.061,
        "temperature": 0.0,
        "time": 1782050178000,
        "timestamp": "2026-06-21T13:56:18",
        "water_level": 0.06560045662100455,
        "nearest_tide_timestamp": "2026-06-21T14:00:00",
        "tide_correction": 2.1266004566210044
      }
    },
    {
      "type": "Feature",
      "geometry": {
        "type": "Point",
        "coordinates": [
          8.334985,
          44.16161333333333
        ]
      },
      "properties": {
        "longtitude": 8.334985,
        "depth": 2.154,
        "temperature": 0.0,
        "time": 1782050179000,
        "timestamp": "2026-06-21T13:56:19",
        "water_level": 0.06557534246575342,
        "nearest_tide_timestamp": "2026-06-21T14:00:00",
        "tide_correction": 2.2195753424657534
      }
    },
    {
      "type": "Feature",
      "geometry": {
        "type": "Point",
        "coordinates": [
          8.334988333333333,
          44.16160833333333
        ]
      },
      "properties": {
        "longtitude": 8.334988333333333,
        "depth": 2.269,
        "temperature": 0.0,
        "time": 1782050180000,
        "timestamp": "2026-06-21T13:56:20",
        "water_level": 0.06555022831050228,
        "nearest_tide_timestamp": "2026-06-21T14:00:00",
        "tide_correction": 2.334550228310502
      }
    },
    {
      "type": "Feature",
      "geometry": {
        "type": "Point",
        "coordinates": [
          8.334991666666667,
          44.16160333333334
        ]
      },
      "properties": {
        "longtitude": 8.334991666666667,
        "depth": 2.518,
        "temperature": 0.0,
        "time": 1782050181000,
        "timestamp": "2026-06-21T13:56:21",
        "water_level": 0.06552511415525114,
        "nearest_tide_timestamp": "2026-06-21T14:00:00",
        "tide_correction": 2.583525114155251
      }
    },
    {
      "type": "Feature",
      "geometry": {
        "type": "Point",
        "coordinates": [
          8.334995,
          44.16159833333333
        ]
      },
      "properties": {
        "longtitude": 8.334995,
        "depth": 2.758,
        "temperature": 0.0,
        "time": 1782050182000,
        "timestamp": "2026-06-21T13:56:22",
        "water_level": 0.0655,
        "nearest_tide_timestamp": "2026-06-21T14:00:00",
        "tide_correction": 2.8235
      }
    },
    {
      "type": "Feature",
      "geometry": {
        "type": "Point",
        "coordinates": [
          8.334998333333335,
          44.161591666666666
        ]
      },
      "properties": {
        "longtitude": 8.334998333333335,
        "depth": 2.831,
        "temperature": 0.0,
        "time": 1782050183000,
        "timestamp": "2026-06-21T13:56:23",
        "water_level": 0.06547488584474885,
        "nearest_tide_timestamp": "2026-06-21T14:00:00",
        "tide_correction": 2.8964748858447487
      }
    },
    {
      "type": "Feature",
      "geometry": {
        "type": "Point",
        "coordinates": [
          8.335,
          44.16158666666667
        ]
      },
      "properties": {
        "longtitude": 8.335,
        "depth": 2.893,
        "temperature": 0.0,
        "time": 1782050184000,
        "timestamp": "2026-06-21T13:56:24",
        "water_level": 0.06544977168949771,
        "nearest_tide_timestamp": "2026-06-21T14:00:00",
        "tide_correction": 2.9584497716894975
      }
    },
    {
      "type": "Feature",
      "geometry": {
        "type": "Point",
        "coordinates": [
          8.335003333333333,
          44.16158
        ]
      },
      "properties": {
        "longtitude": 8.335003333333333,
        "depth": 2.966,
        "temperature": 0.0,
        "time": 1782050185000,
        "timestamp": "2026-06-21T13:56:25",
        "water_level": 0.06542465753424657,
        "nearest_tide_timestamp": "2026-06-21T14:00:00",
        "tide_correction": 3.031424657534247
      }
    },
    {
      "type": "Feature",
      "geometry": {
        "type": "Point",
        "coordinates": [
          8.335004999999999,
          44.16157499999999
        ]
      },
      "properties": {
        "longtitude": 8.335004999999999,
        "depth": 2.987,
        "temperature": 0.0,
        "time": 1782050186000,
        "timestamp": "2026-06-21T13:56:26",
        "water_level": 0.06539954337899542,
        "nearest_tide_timestamp": "2026-06-21T14:00:00",
        "tide_correction": 3.0523995433789954
      }
    },
    {
      "type": "Feature",
      "geometry": {
        "type": "Point",
        "coordinates": [
          8.335008333333333,
          44.16157
        ]
      },
      "properties": {
        "longtitude": 8.335008333333333,
        "depth": 2.987,
        "temperature": 0.0,
        "time": 1782050187000,
        "timestamp": "2026-06-21T13:56:27",
        "water_level": 0.06537442922374428,
        "nearest_tide_timestamp": "2026-06-21T14:00:00",
        "tide_correction": 3.0523744292237445
      }
    },
    {
      "type": "Feature",
      "geometry": {
        "type": "Point",
        "coordinates": [
          8.33501,
          44.161565
        ]
      },
      "properties": {
        "longtitude": 8.33501,
        "depth": 2.956,
        "temperature": 0.0,
        "time": 1782050188000,
        "timestamp": "2026-06-21T13:56:28",
        "water_level": 0.06534931506849315,
        "nearest_tide_timestamp": "2026-06-21T14:00:00",
        "tide_correction": 3.021349315068493
      }
    },
    {
      "type": "Feature",
      "geometry": {
        "type": "Point",
        "coordinates": [
          8.335013333333334,
          44.16156
        ]
      },
      "properties": {
        "longtitude": 8.335013333333334,
        "depth": 2.997,
        "temperature": 0.0,
        "time": 1782050189000,
        "timestamp": "2026-06-21T13:56:29",
        "water_level": 0.06532420091324201,
        "nearest_tide_timestamp": "2026-06-21T14:00:00",
        "tide_correction": 3.062324200913242
      }
    },
    {
      "type": "Feature",
      "geometry": {
        "type": "Point",
        "coordinates": [
          8.335018333333332,
          44.16155333333333
        ]
      },
      "properties": {
        "longtitude": 8.335018333333332,
        "depth": 3.039,
        "temperature": 0.0,
        "time": 1782050190000,
        "timestamp": "2026-06-21T13:56:30",
        "water_level": 0.06529908675799087,
        "nearest_tide_timestamp": "2026-06-21T14:00:00",
        "tide_correction": 3.104299086757991
      }
    },
    {
      "type": "Feature",
      "geometry": {
        "type": "Point",
        "coordinates": [
          8.335021666666668,
          44.161550000000005
        ]
      },
      "properties": {
        "longtitude": 8.335021666666668,
        "depth": 3.028,
        "temperature": 0.0,
        "time": 1782050191000,
        "timestamp": "2026-06-21T13:56:31",
        "water_level": 0.06527397260273972,
        "nearest_tide_timestamp": "2026-06-21T14:00:00",
        "tide_correction": 3.0932739726027396
      }
    },
    {
      "type": "Feature",
      "geometry": {
        "type": "Point",
        "coordinates": [
          8.335023333333334,
          44.161546666666666
        ]
      },
      "properties": {
        "longtitude": 8.335023333333334,
        "depth": 3.028,
        "temperature": 0.0,
        "time": 1782050192000,
        "timestamp": "2026-06-21T13:56:32",
        "water_level": 0.06524885844748858,
        "nearest_tide_timestamp": "2026-06-21T14:00:00",
        "tide_correction": 3.0932488584474886
      }
    },
    {
      "type": "Feature",
      "geometry": {
        "type": "Point",
        "coordinates": [
          8.335026666666666,
          44.16154166666667
        ]
      },
      "properties": {
        "longtitude": 8.335026666666666,
        "depth": 3.06,
        "temperature": 0.0,
        "time": 1782050193000,
        "timestamp": "2026-06-21T13:56:33",
        "water_level": 0.06522374429223744,
        "nearest_tide_timestamp": "2026-06-21T14:00:00",
        "tide_correction": 3.1252237442922377
      }
    },
    {
      "type": "Feature",
      "geometry": {
        "type": "Point",
        "coordinates": [
          8.335028333333334,
          44.16153666666667
        ]
      },
      "properties": {
        "longtitude": 8.335028333333334,
        "depth": 3.07,
        "temperature": 0.0,
        "time": 1782050194000,
        "timestamp": "2026-06-21T13:56:34",
        "water_level": 0.06519863013698629,
        "nearest_tide_timestamp": "2026-06-21T14:00:00",
        "tide_correction": 3.135198630136986
      }
    },
    {
      "type": "Feature",
      "geometry": {
        "type": "Point",
        "coordinates": [
          8.33503,
          44.16153166666666
        ]
      },
      "properties": {
        "longtitude": 8.33503,
        "depth": 3.091,
        "temperature": 0.0,
        "time": 1782050195000,
        "timestamp": "2026-06-21T13:56:35",
        "water_level": 0.06517351598173515,
        "nearest_tide_timestamp": "2026-06-21T14:00:00",
        "tide_correction": 3.1561735159817355
      }
    },
    {
      "type": "Feature",
      "geometry": {
        "type": "Point",
        "coordinates": [
          8.335031666666668,
          44.16152666666667
        ]
      },
      "properties": {
        "longtitude": 8.335031666666668,
        "depth": 3.049,
        "temperature": 0.0,
        "time": 1782050196000,
        "timestamp": "2026-06-21T13:56:36",
        "water_level": 0.06514840182648401,
        "nearest_tide_timestamp": "2026-06-21T14:00:00",
        "tide_correction": 3.114148401826484
      }
    },
    {
      "type": "Feature",
      "geometry": {
        "type": "Point",
        "coordinates": [
          8.335033333333334,
          44.16152166666667
        ]
      },
      "properties": {
        "longtitude": 8.335033333333334,
        "depth": 2.862,
        "temperature": 0.0,
        "time": 1782050197000,
        "timestamp": "2026-06-21T13:56:37",
        "water_level": 0.06512328767123288,
        "nearest_tide_timestamp": "2026-06-21T14:00:00",
        "tide_correction": 2.927123287671233
      }
    },
    {
      "type": "Feature",
      "geometry": {
        "type": "Point",
        "coordinates": [
          8.335035,
          44.16151833333333
        ]
      },
      "properties": {
        "longtitude": 8.335035,
        "depth": 3.195,
        "temperature": 0.0,
        "time": 1782050198000,
        "timestamp": "2026-06-21T13:56:38",
        "water_level": 0.06509817351598172,
        "nearest_tide_timestamp": "2026-06-21T14:00:00",
        "tide_correction": 3.2600981735159817
      }
    },
    {
      "type": "Feature",
      "geometry": {
        "type": "Point",
        "coordinates": [
          8.335036666666667,
          44.16151333333334
        ]
      },
      "properties": {
        "longtitude": 8.335036666666667,
        "depth": 3.122,
        "temperature": 0.0,
        "time": 1782050199000,
        "timestamp": "2026-06-21T13:56:39",
        "water_level": 0.06507305936073059,
        "nearest_tide_timestamp": "2026-06-21T14:00:00",
        "tide_correction": 3.1870730593607304
      }
    },
    {
      "type": "Feature",
      "geometry": {
        "type": "Point",
        "coordinates": [
          8.33504,
          44.16150833333333
        ]
      },
      "properties": {
        "longtitude": 8.33504,
        "depth": 3.205,
        "temperature": 0.0,
        "time": 1782050200000,
        "timestamp": "2026-06-21T13:56:40",
        "water_level": 0.06504794520547945,
        "nearest_tide_timestamp": "2026-06-21T14:00:00",
        "tide_correction": 3.2700479452054796
      }
    },
    {
      "type": "Feature",
      "geometry": {
        "type": "Point",
        "coordinates": [
          8.335043333333335,
          44.161503333333336
        ]
      },
      "properties": {
        "longtitude": 8.335043333333335,
        "depth": 3.289,
        "temperature": 0.0,
        "time": 1782050201000,
        "timestamp": "2026-06-21T13:56:41",
        "water_level": 0.06502283105022831,
        "nearest_tide_timestamp": "2026-06-21T14:00:00",
        "tide_correction": 3.3540228310502282
      }
    },
    {
      "type": "Feature",
      "geometry": {
        "type": "Point",
        "coordinates": [
          8.335046666666667,
          44.16149833333334
        ]
      },
      "properties": {
        "longtitude": 8.335046666666667,
        "depth": 3.32,
        "temperature": 0.0,
        "time": 1782050202000,
        "timestamp": "2026-06-21T13:56:42",
        "water_level": 0.06499771689497716,
        "nearest_tide_timestamp": "2026-06-21T14:00:00",
        "tide_correction": 3.384997716894977
      }
    },
    {
      "type": "Feature",
      "geometry": {
        "type": "Point",
        "coordinates": [
          8.335045000000001,
          44.16149666666667
        ]
      },
      "properties": {
        "longtitude": 8.335045000000001,
        "depth": 3.361,
        "temperature": 0.0,
        "time": 1782050203000,
        "timestamp": "2026-06-21T13:56:43",
        "water_level": 0.06497260273972602,
        "nearest_tide_timestamp": "2026-06-21T14:00:00",
        "tide_correction": 3.4259726027397264
      }
    },
    {
      "type": "Feature",
      "geometry": {
        "type": "Point",
        "coordinates": [
          8.335049999999999,
          44.161495
        ]
      },
      "properties": {
        "longtitude": 8.335049999999999,
        "depth": 3.382,
        "temperature": 0.0,
        "time": 1782050204000,
        "timestamp": "2026-06-21T13:56:44",
        "water_level": 0.06494748858447488,
        "nearest_tide_timestamp": "2026-06-21T14:00:00",
        "tide_correction": 3.446947488584475
      }
    },
    {
      "type": "Feature",
      "geometry": {
        "type": "Point",
        "coordinates": [
          8.335053333333333,
          44.16149166666667
        ]
      },
      "properties": {
        "longtitude": 8.335053333333333,
        "depth": 3.237,
        "temperature": 0.0,
        "time": 1782050205000,
        "timestamp": "2026-06-21T13:56:45",
        "water_level": 0.06492237442922374,
        "nearest_tide_timestamp": "2026-06-21T14:00:00",
        "tide_correction": 3.301922374429224
      }
    },
    {
      "type": "Feature",
      "geometry": {
        "type": "Point",
        "coordinates": [
          8.335056666666667,
          44.16148833333333
        ]
      },
      "properties": {
        "longtitude": 8.335056666666667,
        "depth": 3.133,
        "temperature": 0.0,
        "time": 1782050206000,
        "timestamp": "2026-06-21T13:56:46",
        "water_level": 0.06489726027397259,
        "nearest_tide_timestamp": "2026-06-21T14:00:00",
        "tide_correction": 3.197897260273973
      }
    },
    {
      "type": "Feature",
      "geometry": {
        "type": "Point",
        "coordinates": [
          8.335058333333334,
          44.16148499999999
        ]
      },
      "properties": {
        "longtitude": 8.335058333333334,
        "depth": 3.153,
        "temperature": 0.0,
        "time": 1782050207000,
        "timestamp": "2026-06-21T13:56:47",
        "water_level": 0.06487214611872145,
        "nearest_tide_timestamp": "2026-06-21T14:00:00",
        "tide_correction": 3.2178721461187214
      }
    },
    {
      "type": "Feature",
      "geometry": {
        "type": "Point",
        "coordinates": [
          8.335061666666666,
          44.16148166666667
        ]
      },
      "properties": {
        "longtitude": 8.335061666666666,
        "depth": 3.153,
        "temperature": 0.0,
        "time": 1782050208000,
        "timestamp": "2026-06-21T13:56:48",
        "water_level": 0.06484703196347032,
        "nearest_tide_timestamp": "2026-06-21T14:00:00",
        "tide_correction": 3.2178470319634704
      }
    },
    {
      "type": "Feature",
      "geometry": {
        "type": "Point",
        "coordinates": [
          8.335063333333332,
          44.16148
        ]
      },
      "properties": {
        "longtitude": 8.335063333333332,
        "depth": 2.924,
        "temperature": 0.0,
        "time": 1782050209000,
        "timestamp": "2026-06-21T13:56:49",
        "water_level": 0.06482191780821918,
        "nearest_tide_timestamp": "2026-06-21T14:00:00",
        "tide_correction": 2.988821917808219
      }
    },
    {
      "type": "Feature",
      "geometry": {
        "type": "Point",
        "coordinates": [
          8.335066666666668,
          44.16147833333333
        ]
      },
      "properties": {
        "longtitude": 8.335066666666668,
        "depth": 3.112,
        "temperature": 0.0,
        "time": 1782050210000,
        "timestamp": "2026-06-21T13:56:50",
        "water_level": 0.06479680365296803,
        "nearest_tide_timestamp": "2026-06-21T14:00:00",
        "tide_correction": 3.176796803652968
      }
    },
    {
      "type": "Feature",
      "geometry": {
        "type": "Point",
        "coordinates": [
          8.33507,
          44.16147666666667
        ]
      },
      "properties": {
        "longtitude": 8.33507,
        "depth": 3.112,
        "temperature": 0.0,
        "time": 1782050211000,
        "timestamp": "2026-06-21T13:56:51",
        "water_level": 0.06477168949771689,
        "nearest_tide_timestamp": "2026-06-21T14:00:00",
        "tide_correction": 3.176771689497717
      }
    },
    {
      "type": "Feature",
      "geometry": {
        "type": "Point",
        "coordinates": [
          8.335073333333334,
          44.16147333333333
        ]
      },
      "properties": {
        "longtitude": 8.335073333333334,
        "depth": 3.133,
        "temperature": 0.0,
        "time": 1782050212000,
        "timestamp": "2026-06-21T13:56:52",
        "water_level": 0.06474657534246575,
        "nearest_tide_timestamp": "2026-06-21T14:00:00",
        "tide_correction": 3.1977465753424656
      }
    },
    {
      "type": "Feature",
      "geometry": {
        "type": "Point",
        "coordinates": [
          8.335078333333334,
          44.16147166666666
        ]
      },
      "properties": {
        "longtitude": 8.335078333333334,
        "depth": 3.143,
        "temperature": 0.0,
        "time": 1782050213000,
        "timestamp": "2026-06-21T13:56:53",
        "water_level": 0.06472146118721461,
        "nearest_tide_timestamp": "2026-06-21T14:00:00",
        "tide_correction": 3.2077214611872145
      }
    },
    {
      "type": "Feature",
      "geometry": {
        "type": "Point",
        "coordinates": [
          8.33508,
          44.16146833333334
        ]
      },
      "properties": {
        "longtitude": 8.33508,
        "depth": 3.413,
        "temperature": 0.0,
        "time": 1782050214000,
        "timestamp": "2026-06-21T13:56:54",
        "water_level": 0.06469634703196346,
        "nearest_tide_timestamp": "2026-06-21T14:00:00",
        "tide_correction": 3.477696347031963
      }
    },
    {
      "type": "Feature",
      "geometry": {
        "type": "Point",
        "coordinates": [
          8.335081666666667,
          44.161465
        ]
      },
      "properties": {
        "longtitude": 8.335081666666667,
        "depth": 3.33,
        "temperature": 0.0,
        "time": 1782050215000,
        "timestamp": "2026-06-21T13:56:55",
        "water_level": 0.06467123287671232,
        "nearest_tide_timestamp": "2026-06-21T14:00:00",
        "tide_correction": 3.3946712328767124
      }
    },
    {
      "type": "Feature",
      "geometry": {
        "type": "Point",
        "coordinates": [
          8.335083333333333,
          44.16146166666668
        ]
      },
      "properties": {
        "longtitude": 8.335083333333333,
        "depth": 3.507,
        "temperature": 0.0,
        "time": 1782050216000,
        "timestamp": "2026-06-21T13:56:56",
        "water_level": 0.06464611872146118,
        "nearest_tide_timestamp": "2026-06-21T14:00:00",
        "tide_correction": 3.5716461187214614
      }
    },
    {
      "type": "Feature",
      "geometry": {
        "type": "Point",
        "coordinates": [
          8.335091666666667,
          44.161460000000005
        ]
      },
      "properties": {
        "longtitude": 8.335091666666667,
        "depth": 3.486,
        "temperature": 0.0,
        "time": 1782050217000,
        "timestamp": "2026-06-21T13:56:57",
        "water_level": 0.06462100456621005,
        "nearest_tide_timestamp": "2026-06-21T14:00:00",
        "tide_correction": 3.55062100456621
      }
    },
    {
      "type": "Feature",
      "geometry": {
        "type": "Point",
        "coordinates": [
          8.335096666666667,
          44.161456666666666
        ]
      },
      "properties": {
        "longtitude": 8.335096666666667,
        "depth": 3.497,
        "temperature": 0.0,
        "time": 1782050218000,
        "timestamp": "2026-06-21T13:56:58",
        "water_level": 0.0645958904109589,
        "nearest_tide_timestamp": "2026-06-21T14:00:00",
        "tide_correction": 3.561595890410959
      }
    },
    {
      "type": "Feature",
      "geometry": {
        "type": "Point",
        "coordinates": [
          8.335103333333333,
          44.161458333333336
        ]
      },
      "properties": {
        "longtitude": 8.335103333333333,
        "depth": 3.601,
        "temperature": 0.0,
        "time": 1782050219000,
        "timestamp": "2026-06-21T13:56:59",
        "water_level": 0.06457077625570776,
        "nearest_tide_timestamp": "2026-06-21T14:00:00",
        "tide_correction": 3.665570776255708
      }
    },
    {
      "type": "Feature",
      "geometry": {
        "type": "Point",
        "coordinates": [
          8.335109999999998,
          44.161458333333336
        ]
      },
      "properties": {
        "longtitude": 8.335109999999998,
        "depth": 3.538,
        "temperature": 0.0,
        "time": 1782050220000,
        "timestamp": "2026-06-21T13:57:00",
        "water_level": 0.06454566210045662,
        "nearest_tide_timestamp": "2026-06-21T14:00:00",
        "tide_correction": 3.6025456621004563
      }
    },
    {
      "type": "Feature",
      "geometry": {
        "type": "Point",
        "coordinates": [
          8.335121666666668,
          44.161460000000005
        ]
      },
      "properties": {
        "longtitude": 8.335121666666668,
        "depth": 3.642,
        "temperature": 0.0,
        "time": 1782050221000,
        "timestamp": "2026-06-21T13:57:01",
        "water_level": 0.06452054794520548,
        "nearest_tide_timestamp": "2026-06-21T14:00:00",
        "tide_correction": 3.7065205479452055
      }
    },
    {
      "type": "Feature",
      "geometry": {
        "type": "Point",
        "coordinates": [
          8.335126666666667,
          44.161460000000005
        ]
      },
      "properties": {
        "longtitude": 8.335126666666667,
        "depth": 3.601,
        "temperature": 0.0,
        "time": 1782050222000,
        "timestamp": "2026-06-21T13:57:02",
        "water_level": 0.06449543378995433,
        "nearest_tide_timestamp": "2026-06-21T14:00:00",
        "tide_correction": 3.665495433789954
      }
    },
    {
      "type": "Feature",
      "geometry": {
        "type": "Point",
        "coordinates": [
          8.335135000000001,
          44.161460000000005
        ]
      },
      "properties": {
        "longtitude": 8.335135000000001,
        "depth": 3.413,
        "temperature": 0.0,
        "time": 1782050223000,
        "timestamp": "2026-06-21T13:57:03",
        "water_level": 0.06447031963470319,
        "nearest_tide_timestamp": "2026-06-21T14:00:00",
        "tide_correction": 3.477470319634703
      }
    },
    {
      "type": "Feature",
      "geometry": {
        "type": "Point",
        "coordinates": [
          8.335145,
          44.161458333333336
        ]
      },
      "properties": {
        "longtitude": 8.335145,
        "depth": 3.538,
        "temperature": 0.0,
        "time": 1782050224000,
        "timestamp": "2026-06-21T13:57:04",
        "water_level": 0.06444520547945205,
        "nearest_tide_timestamp": "2026-06-21T14:00:00",
        "tide_correction": 3.602445205479452
      }
    },
    {
      "type": "Feature",
      "geometry": {
        "type": "Point",
        "coordinates": [
          8.335156666666668,
          44.161458333333336
        ]
      },
      "properties": {
        "longtitude": 8.335156666666668,
        "depth": 3.694,
        "temperature": 0.0,
        "time": 1782050225000,
        "timestamp": "2026-06-21T13:57:05",
        "water_level": 0.06442009132420091,
        "nearest_tide_timestamp": "2026-06-21T14:00:00",
        "tide_correction": 3.7584200913242007
      }
    },
    {
      "type": "Feature",
      "geometry": {
        "type": "Point",
        "coordinates": [
          8.335166666666668,
          44.161460000000005
        ]
      },
      "properties": {
        "longtitude": 8.335166666666668,
        "depth": 3.674,
        "temperature": 0.0,
        "time": 1782050226000,
        "timestamp": "2026-06-21T13:57:06",
        "water_level": 0.06439497716894976,
        "nearest_tide_timestamp": "2026-06-21T14:00:00",
        "tide_correction": 3.7383949771689498
      }
    },
    {
      "type": "Feature",
      "geometry": {
        "type": "Point",
        "coordinates": [
          8.335173333333334,
          44.16146333333333
        ]
      },
      "properties": {
        "longtitude": 8.335173333333334,
        "depth": 3.788,
        "temperature": 0.0,
        "time": 1782050227000,
        "timestamp": "2026-06-21T13:57:07",
        "water_level": 0.06436986301369862,
        "nearest_tide_timestamp": "2026-06-21T14:00:00",
        "tide_correction": 3.852369863013698
      }
    },
    {
      "type": "Feature",
      "geometry": {
        "type": "Point",
        "coordinates": [
          8.335178333333333,
          44.16146833333334
        ]
      },
      "properties": {
        "longtitude": 8.335178333333333,
        "depth": 3.476,
        "temperature": 0.0,
        "time": 1782050228000,
        "timestamp": "2026-06-21T13:57:08",
        "water_level": 0.06434474885844749,
        "nearest_tide_timestamp": "2026-06-21T14:00:00",
        "tide_correction": 3.5403447488584474
      }
    },
    {
      "type": "Feature",
      "geometry": {
        "type": "Point",
        "coordinates": [
          8.335188333333333,
          44.161475
        ]
      },
      "properties": {
        "longtitude": 8.335188333333333,
        "depth": 3.622,
        "temperature": 0.0,
        "time": 1782050229000,
        "timestamp": "2026-06-21T13:57:09",
        "water_level": 0.06431963470319635,
        "nearest_tide_timestamp": "2026-06-21T14:00:00",
        "tide_correction": 3.6863196347031963
      }
    },
    {
      "type": "Feature",
      "geometry": {
        "type": "Point",
        "coordinates": [
          8.335195,
          44.16147666666667
        ]
      },
      "properties": {
        "longtitude": 8.335195,
        "depth": 3.538,
        "temperature": 0.0,
        "time": 1782050230000,
        "timestamp": "2026-06-21T13:57:10",
        "water_level": 0.0642945205479452,
        "nearest_tide_timestamp": "2026-06-21T14:00:00",
        "tide_correction": 3.602294520547945
      }
    },
    {
      "type": "Feature",
      "geometry": {
        "type": "Point",
        "coordinates": [
          8.335205,
          44.16148
        ]
      },
      "properties": {
        "longtitude": 8.335205,
        "depth": 3.549,
        "temperature": 0.0,
        "time": 1782050231000,
        "timestamp": "2026-06-21T13:57:11",
        "water_level": 0.06426940639269406,
        "nearest_tide_timestamp": "2026-06-21T14:00:00",
        "tide_correction": 3.613269406392694
      }
    },
    {
      "type": "Feature",
      "geometry": {
        "type": "Point",
        "coordinates": [
          8.335213333333334,
          44.16148333333334
        ]
      },
      "properties": {
        "longtitude": 8.335213333333334,
        "depth": 3.413,
        "temperature": 0.0,
        "time": 1782050232000,
        "timestamp": "2026-06-21T13:57:12",
        "water_level": 0.06424429223744292,
        "nearest_tide_timestamp": "2026-06-21T14:00:00",
        "tide_correction": 3.477244292237443
      }
    },
    {
      "type": "Feature",
      "geometry": {
        "type": "Point",
        "coordinates": [
          8.335223333333333,
          44.16148666666666
        ]
      },
      "properties": {
        "longtitude": 8.335223333333333,
        "depth": 3.476,
        "temperature": 0.0,
        "time": 1782050233000,
        "timestamp": "2026-06-21T13:57:13",
        "water_level": 0.06421917808219178,
        "nearest_tide_timestamp": "2026-06-21T14:00:00",
        "tide_correction": 3.5402191780821917
      }
    },
    {
      "type": "Feature",
      "geometry": {
        "type": "Point",
        "coordinates": [
          8.33523,
          44.16149
        ]
      },
      "properties": {
        "longtitude": 8.33523,
        "depth": 3.455,
        "temperature": 0.0,
        "time": 1782050234000,
        "timestamp": "2026-06-21T13:57:14",
        "water_level": 0.06419406392694063,
        "nearest_tide_timestamp": "2026-06-21T14:00:00",
        "tide_correction": 3.519194063926941
      }
    },
    {
      "type": "Feature",
      "geometry": {
        "type": "Point",
        "coordinates": [
          8.335236666666667,
          44.16149166666667
        ]
      },
      "properties": {
        "longtitude": 8.335236666666667,
        "depth": 3.413,
        "temperature": 0.0,
        "time": 1782050235000,
        "timestamp": "2026-06-21T13:57:15",
        "water_level": 0.06416894977168949,
        "nearest_tide_timestamp": "2026-06-21T14:00:00",
        "tide_correction": 3.477168949771689
      }
    },
    {
      "type": "Feature",
      "geometry": {
        "type": "Point",
        "coordinates": [
          8.335241666666667,
          44.16149166666667
        ]
      },
      "properties": {
        "longtitude": 8.335241666666667,
        "depth": 3.382,
        "temperature": 0.0,
        "time": 1782050236000,
        "timestamp": "2026-06-21T13:57:16",
        "water_level": 0.06414383561643835,
        "nearest_tide_timestamp": "2026-06-21T14:00:00",
        "tide_correction": 3.4461438356164384
      }
    },
    {
      "type": "Feature",
      "geometry": {
        "type": "Point",
        "coordinates": [
          8.33525,
          44.161493333333325
        ]
      },
      "properties": {
        "longtitude": 8.33525,
        "depth": 3.445,
        "temperature": 0.0,
        "time": 1782050237000,
        "timestamp": "2026-06-21T13:57:17",
        "water_level": 0.06411872146118722,
        "nearest_tide_timestamp": "2026-06-21T14:00:00",
        "tide_correction": 3.509118721461187
      }
    },
    {
      "type": "Feature",
      "geometry": {
        "type": "Point",
        "coordinates": [
          8.335256666666668,
          44.161495
        ]
      },
      "properties": {
        "longtitude": 8.335256666666668,
        "depth": 3.434,
        "temperature": 0.0,
        "time": 1782050238000,
        "timestamp": "2026-06-21T13:57:18",
        "water_level": 0.06409360730593607,
        "nearest_tide_timestamp": "2026-06-21T14:00:00",
        "tide_correction": 3.498093607305936
      }
    },
    {
      "type": "Feature",
      "geometry": {
        "type": "Point",
        "coordinates": [
          8.335265,
          44.16149666666667
        ]
      },
      "properties": {
        "longtitude": 8.335265,
        "depth": 3.413,
        "temperature": 0.0,
        "time": 1782050239000,
        "timestamp": "2026-06-21T13:57:19",
        "water_level": 0.06406849315068493,
        "nearest_tide_timestamp": "2026-06-21T14:00:00",
        "tide_correction": 3.477068493150685
      }
    },
    {
      "type": "Feature",
      "geometry": {
        "type": "Point",
        "coordinates": [
          8.335271666666667,
          44.16149833333334
        ]
      },
      "properties": {
        "longtitude": 8.335271666666667,
        "depth": 3.361,
        "temperature": 0.0,
        "time": 1782050240000,
        "timestamp": "2026-06-21T13:57:20",
        "water_level": 0.06404337899543379,
        "nearest_tide_timestamp": "2026-06-21T14:00:00",
        "tide_correction": 3.425043378995434
      }
    },
    {
      "type": "Feature",
      "geometry": {
        "type": "Point",
        "coordinates": [
          8.335280000000001,
          44.161503333333336
        ]
      },
      "properties": {
        "longtitude": 8.335280000000001,
        "depth": 3.205,
        "temperature": 0.0,
        "time": 1782050241000,
        "timestamp": "2026-06-21T13:57:21",
        "water_level": 0.06401826484018265,
        "nearest_tide_timestamp": "2026-06-21T14:00:00",
        "tide_correction": 3.2690182648401827
      }
    },
    {
      "type": "Feature",
      "geometry": {
        "type": "Point",
        "coordinates": [
          8.335288333333333,
          44.161503333333336
        ]
      },
      "properties": {
        "longtitude": 8.335288333333333,
        "depth": 3.289,
        "temperature": 0.0,
        "time": 1782050242000,
        "timestamp": "2026-06-21T13:57:22",
        "water_level": 0.0639931506849315,
        "nearest_tide_timestamp": "2026-06-21T14:00:00",
        "tide_correction": 3.3529931506849318
      }
    },
    {
      "type": "Feature",
      "geometry": {
        "type": "Point",
        "coordinates": [
          8.335298333333332,
          44.16150833333333
        ]
      },
      "properties": {
        "longtitude": 8.335298333333332,
        "depth": 3.33,
        "temperature": 0.0,
        "time": 1782050243000,
        "timestamp": "2026-06-21T13:57:23",
        "water_level": 0.06396803652968036,
        "nearest_tide_timestamp": "2026-06-21T14:00:00",
        "tide_correction": 3.3939680365296803
      }
    },
    {
      "type": "Feature",
      "geometry": {
        "type": "Point",
        "coordinates": [
          8.335308333333334,
          44.16151166666667
        ]
      },
      "properties": {
        "longtitude": 8.335308333333334,
        "depth": 3.372,
        "temperature": 0.0,
        "time": 1782050244000,
        "timestamp": "2026-06-21T13:57:24",
        "water_level": 0.06394292237442922,
        "nearest_tide_timestamp": "2026-06-21T14:00:00",
        "tide_correction": 3.435942922374429
      }
    },
    {
      "type": "Feature",
      "geometry": {
        "type": "Point",
        "coordinates": [
          8.335316666666667,
          44.161515
        ]
      },
      "properties": {
        "longtitude": 8.335316666666667,
        "depth": 3.518,
        "temperature": 0.0,
        "time": 1782050245000,
        "timestamp": "2026-06-21T13:57:25",
        "water_level": 0.06391780821917808,
        "nearest_tide_timestamp": "2026-06-21T14:00:00",
        "tide_correction": 3.581917808219178
      }
    },
    {
      "type": "Feature",
      "geometry": {
        "type": "Point",
        "coordinates": [
          8.335325000000001,
          44.16151833333333
        ]
      },
      "properties": {
        "longtitude": 8.335325000000001,
        "depth": 3.507,
        "temperature": 0.0,
        "time": 1782050246000,
        "timestamp": "2026-06-21T13:57:26",
        "water_level": 0.06389269406392693,
        "nearest_tide_timestamp": "2026-06-21T14:00:00",
        "tide_correction": 3.570892694063927
      }
    },
    {
      "type": "Feature",
      "geometry": {
        "type": "Point",
        "coordinates": [
          8.335331666666667,
          44.16152166666667
        ]
      },
      "properties": {
        "longtitude": 8.335331666666667,
        "depth": 3.559,
        "temperature": 0.0,
        "time": 1782050247000,
        "timestamp": "2026-06-21T13:57:27",
        "water_level": 0.0638675799086758,
        "nearest_tide_timestamp": "2026-06-21T14:00:00",
        "tide_correction": 3.622867579908676
      }
    },
    {
      "type": "Feature",
      "geometry": {
        "type": "Point",
        "coordinates": [
          8.33534,
          44.161525
        ]
      },
      "properties": {
        "longtitude": 8.33534,
        "depth": 3.413,
        "temperature": 0.0,
        "time": 1782050248000,
        "timestamp": "2026-06-21T13:57:28",
        "water_level": 0.06384246575342466,
        "nearest_tide_timestamp": "2026-06-21T14:00:00",
        "tide_correction": 3.4768424657534243
      }
    },
    {
      "type": "Feature",
      "geometry": {
        "type": "Point",
        "coordinates": [
          8.335348333333334,
          44.16152666666667
        ]
      },
      "properties": {
        "longtitude": 8.335348333333334,
        "depth": 3.538,
        "temperature": 0.0,
        "time": 1782050249000,
        "timestamp": "2026-06-21T13:57:29",
        "water_level": 0.0638173515981735,
        "nearest_tide_timestamp": "2026-06-21T14:00:00",
        "tide_correction": 3.6018173515981733
      }
    },
    {
      "type": "Feature",
      "geometry": {
        "type": "Point",
        "coordinates": [
          8.335356666666666,
          44.16152999999999
        ]
      },
      "properties": {
        "longtitude": 8.335356666666666,
        "depth": 3.497,
        "temperature": 0.0,
        "time": 1782050250000,
        "timestamp": "2026-06-21T13:57:30",
        "water_level": 0.06379223744292237,
        "nearest_tide_timestamp": "2026-06-21T14:00:00",
        "tide_correction": 3.5607922374429224
      }
    },
    {
      "type": "Feature",
      "geometry": {
        "type": "Point",
        "coordinates": [
          8.335366666666665,
          44.16153166666666
        ]
      },
      "properties": {
        "longtitude": 8.335366666666665,
        "depth": 3.486,
        "temperature": 0.0,
        "time": 1782050251000,
        "timestamp": "2026-06-21T13:57:31",
        "water_level": 0.06376712328767123,
        "nearest_tide_timestamp": "2026-06-21T14:00:00",
        "tide_correction": 3.5497671232876713
      }
    },
    {
      "type": "Feature",
      "geometry": {
        "type": "Point",
        "coordinates": [
          8.335374999999999,
          44.16153333333333
        ]
      },
      "properties": {
        "longtitude": 8.335374999999999,
        "depth": 3.466,
        "temperature": 0.0,
        "time": 1782050252000,
        "timestamp": "2026-06-21T13:57:32",
        "water_level": 0.06374200913242009,
        "nearest_tide_timestamp": "2026-06-21T14:00:00",
        "tide_correction": 3.5297420091324203
      }
    },
    {
      "type": "Feature",
      "geometry": {
        "type": "Point",
        "coordinates": [
          8.335385,
          44.16153666666667
        ]
      },
      "properties": {
        "longtitude": 8.335385,
        "depth": 3.299,
        "temperature": 0.0,
        "time": 1782050253000,
        "timestamp": "2026-06-21T13:57:33",
        "water_level": 0.06371689497716895,
        "nearest_tide_timestamp": "2026-06-21T14:00:00",
        "tide_correction": 3.362716894977169
      }
    },
    {
      "type": "Feature",
      "geometry": {
        "type": "Point",
        "coordinates": [
          8.335393333333334,
          44.16154
        ]
      },
      "properties": {
        "longtitude": 8.335393333333334,
        "depth": 3.257,
        "temperature": 0.0,
        "time": 1782050254000,
        "timestamp": "2026-06-21T13:57:34",
        "water_level": 0.0636917808219178,
        "nearest_tide_timestamp": "2026-06-21T14:00:00",
        "tide_correction": 3.320691780821918
      }
    },
    {
      "type": "Feature",
      "geometry": {
        "type": "Point",
        "coordinates": [
          8.335401666666666,
          44.16154333333334
        ]
      },
      "properties": {
        "longtitude": 8.335401666666666,
        "depth": 3.351,
        "temperature": 0.0,
        "time": 1782050255000,
        "timestamp": "2026-06-21T13:57:35",
        "water_level": 0.06366666666666666,
        "nearest_tide_timestamp": "2026-06-21T14:00:00",
        "tide_correction": 3.4146666666666667
      }
    },
    {
      "type": "Feature",
      "geometry": {
        "type": "Point",
        "coordinates": [
          8.33541,
          44.16154333333334
        ]
      },
      "properties": {
        "longtitude": 8.33541,
        "depth": 3.372,
        "temperature": 0.0,
        "time": 1782050256000,
        "timestamp": "2026-06-21T13:57:36",
        "water_level": 0.06364155251141553,
        "nearest_tide_timestamp": "2026-06-21T14:00:00",
        "tide_correction": 3.4356415525114152
      }
    },
    {
      "type": "Feature",
      "geometry": {
        "type": "Point",
        "coordinates": [
          8.335418333333333,
          44.161546666666666
        ]
      },
      "properties": {
        "longtitude": 8.335418333333333,
        "depth": 3.351,
        "temperature": 0.0,
        "time": 1782050257000,
        "timestamp": "2026-06-21T13:57:37",
        "water_level": 0.06361643835616437,
        "nearest_tide_timestamp": "2026-06-21T14:00:00",
        "tide_correction": 3.4146164383561644
      }
    },
    {
      "type": "Feature",
      "geometry": {
        "type": "Point",
        "coordinates": [
          8.335424999999999,
          44.161550000000005
        ]
      },
      "properties": {
        "longtitude": 8.335424999999999,
        "depth": 3.226,
        "temperature": 0.0,
        "time": 1782050258000,
        "timestamp": "2026-06-21T13:57:38",
        "water_level": 0.06359132420091324,
        "nearest_tide_timestamp": "2026-06-21T14:00:00",
        "tide_correction": 3.2895913242009134
      }
    },
    {
      "type": "Feature",
      "geometry": {
        "type": "Point",
        "coordinates": [
          8.335433333333333,
          44.16155333333333
        ]
      },
      "properties": {
        "longtitude": 8.335433333333333,
        "depth": 3.164,
        "temperature": 0.0,
        "time": 1782050259000,
        "timestamp": "2026-06-21T13:57:39",
        "water_level": 0.0635662100456621,
        "nearest_tide_timestamp": "2026-06-21T14:00:00",
        "tide_correction": 3.227566210045662
      }
    },
    {
      "type": "Feature",
      "geometry": {
        "type": "Point",
        "coordinates": [
          8.335443333333334,
          44.16155666666667
        ]
      },
      "properties": {
        "longtitude": 8.335443333333334,
        "depth": 3.049,
        "temperature": 0.0,
        "time": 1782050260000,
        "timestamp": "2026-06-21T13:57:40",
        "water_level": 0.06354109589041096,
        "nearest_tide_timestamp": "2026-06-21T14:00:00",
        "tide_correction": 3.112541095890411
      }
    },
    {
      "type": "Feature",
      "geometry": {
        "type": "Point",
        "coordinates": [
          8.33545,
          44.16155833333334
        ]
      },
      "properties": {
        "longtitude": 8.33545,
        "depth": 3.174,
        "temperature": 0.0,
        "time": 1782050261000,
        "timestamp": "2026-06-21T13:57:41",
        "water_level": 0.06351598173515982,
        "nearest_tide_timestamp": "2026-06-21T14:00:00",
        "tide_correction": 3.23751598173516
      }
    },
    {
      "type": "Feature",
      "geometry": {
        "type": "Point",
        "coordinates": [
          8.335456666666666,
          44.16156
        ]
      },
      "properties": {
        "longtitude": 8.335456666666666,
        "depth": 3.06,
        "temperature": 0.0,
        "time": 1782050262000,
        "timestamp": "2026-06-21T13:57:42",
        "water_level": 0.06349086757990867,
        "nearest_tide_timestamp": "2026-06-21T14:00:00",
        "tide_correction": 3.1234908675799087
      }
    },
    {
      "type": "Feature",
      "geometry": {
        "type": "Point",
        "coordinates": [
          8.335461666666667,
          44.16156333333333
        ]
      },
      "properties": {
        "longtitude": 8.335461666666667,
        "depth": 3.257,
        "temperature": 0.0,
        "time": 1782050263000,
        "timestamp": "2026-06-21T13:57:43",
        "water_level": 0.06346575342465753,
        "nearest_tide_timestamp": "2026-06-21T14:00:00",
        "tide_correction": 3.3204657534246578
      }
    },
    {
      "type": "Feature",
      "geometry": {
        "type": "Point",
        "coordinates": [
          8.335468333333333,
          44.16156666666667
        ]
      },
      "properties": {
        "longtitude": 8.335468333333333,
        "depth": 3.247,
        "temperature": 0.0,
        "time": 1782050264000,
        "timestamp": "2026-06-21T13:57:44",
        "water_level": 0.0634406392694064,
        "nearest_tide_timestamp": "2026-06-21T14:00:00",
        "tide_correction": 3.310440639269406
      }
    },
    {
      "type": "Feature",
      "geometry": {
        "type": "Point",
        "coordinates": [
          8.335478333333333,
          44.16156833333333
        ]
      },
      "properties": {
        "longtitude": 8.335478333333333,
        "depth": 3.361,
        "temperature": 0.0,
        "time": 1782050265000,
        "timestamp": "2026-06-21T13:57:45",
        "water_level": 0.06341552511415524,
        "nearest_tide_timestamp": "2026-06-21T14:00:00",
        "tide_correction": 3.4244155251141555
      }
    },
    {
      "type": "Feature",
      "geometry": {
        "type": "Point",
        "coordinates": [
          8.335486666666666,
          44.16157333333334
        ]
      },
      "properties": {
        "longtitude": 8.335486666666666,
        "depth": 3.237,
        "temperature": 0.0,
        "time": 1782050266000,
        "timestamp": "2026-06-21T13:57:46",
        "water_level": 0.0633904109589041,
        "nearest_tide_timestamp": "2026-06-21T14:00:00",
        "tide_correction": 3.3003904109589044
      }
    },
    {
      "type": "Feature",
      "geometry": {
        "type": "Point",
        "coordinates": [
          8.335495,
          44.16157666666666
        ]
      },
      "properties": {
        "longtitude": 8.335495,
        "depth": 3.247,
        "temperature": 0.0,
        "time": 1782050267000,
        "timestamp": "2026-06-21T13:57:47",
        "water_level": 0.06336529680365297,
        "nearest_tide_timestamp": "2026-06-21T14:00:00",
        "tide_correction": 3.3103652968036528
      }
    },
    {
      "type": "Feature",
      "geometry": {
        "type": "Point",
        "coordinates": [
          8.335503333333332,
          44.16157833333333
        ]
      },
      "properties": {
        "longtitude": 8.335503333333332,
        "depth": 3.049,
        "temperature": 0.0,
        "time": 1782050268000,
        "timestamp": "2026-06-21T13:57:48",
        "water_level": 0.06334018264840183,
        "nearest_tide_timestamp": "2026-06-21T14:00:00",
        "tide_correction": 3.112340182648402
      }
    },
    {
      "type": "Feature",
      "geometry": {
        "type": "Point",
        "coordinates": [
          8.33551,
          44.16158
        ]
      },
      "properties": {
        "longtitude": 8.33551,
        "depth": 3.153,
        "temperature": 0.0,
        "time": 1782050269000,
        "timestamp": "2026-06-21T13:57:49",
        "water_level": 0.06331506849315068,
        "nearest_tide_timestamp": "2026-06-21T14:00:00",
        "tide_correction": 3.2163150684931505
      }
    },
    {
      "type": "Feature",
      "geometry": {
        "type": "Point",
        "coordinates": [
          8.335516666666667,
          44.16158166666667
        ]
      },
      "properties": {
        "longtitude": 8.335516666666667,
        "depth": 2.997,
        "temperature": 0.0,
        "time": 1782050270000,
        "timestamp": "2026-06-21T13:57:50",
        "water_level": 0.06328995433789954,
        "nearest_tide_timestamp": "2026-06-21T14:00:00",
        "tide_correction": 3.0602899543378994
      }
    },
    {
      "type": "Feature",
      "geometry": {
        "type": "Point",
        "coordinates": [
          8.335523333333333,
          44.161583333333326
        ]
      },
      "properties": {
        "longtitude": 8.335523333333333,
        "depth": 2.914,
        "temperature": 0.0,
        "time": 1782050271000,
        "timestamp": "2026-06-21T13:57:51",
        "water_level": 0.0632648401826484,
        "nearest_tide_timestamp": "2026-06-21T14:00:00",
        "tide_correction": 2.9772648401826487
      }
    },
    {
      "type": "Feature",
      "geometry": {
        "type": "Point",
        "coordinates": [
          8.33553,
          44.161585
        ]
      },
      "properties": {
        "longtitude": 8.33553,
        "depth": 2.966,
        "temperature": 0.0,
        "time": 1782050272000,
        "timestamp": "2026-06-21T13:57:52",
        "water_level": 0.06323972602739726,
        "nearest_tide_timestamp": "2026-06-21T14:00:00",
        "tide_correction": 3.0292397260273973
      }
    },
    {
      "type": "Feature",
      "geometry": {
        "type": "Point",
        "coordinates": [
          8.335535,
          44.161585
        ]
      },
      "properties": {
        "longtitude": 8.335535,
        "depth": 3.112,
        "temperature": 0.0,
        "time": 1782050273000,
        "timestamp": "2026-06-21T13:57:53",
        "water_level": 0.06321461187214611,
        "nearest_tide_timestamp": "2026-06-21T14:00:00",
        "tide_correction": 3.1752146118721463
      }
    },
    {
      "type": "Feature",
      "geometry": {
        "type": "Point",
        "coordinates": [
          8.33554,
          44.16158666666667
        ]
      },
      "properties": {
        "longtitude": 8.33554,
        "depth": 3.07,
        "temperature": 0.0,
        "time": 1782050274000,
        "timestamp": "2026-06-21T13:57:54",
        "water_level": 0.06318949771689497,
        "nearest_tide_timestamp": "2026-06-21T14:00:00",
        "tide_correction": 3.133189497716895
      }
    },
    {
      "type": "Feature",
      "geometry": {
        "type": "Point",
        "coordinates": [
          8.335545,
          44.16158833333334
        ]
      },
      "properties": {
        "longtitude": 8.335545,
        "depth": 3.216,
        "temperature": 0.0,
        "time": 1782050275000,
        "timestamp": "2026-06-21T13:57:55",
        "water_level": 0.06316438356164383,
        "nearest_tide_timestamp": "2026-06-21T14:00:00",
        "tide_correction": 3.279164383561644
      }
    },
    {
      "type": "Feature",
      "geometry": {
        "type": "Point",
        "coordinates": [
          8.335550000000001,
          44.16158833333334
        ]
      },
      "properties": {
        "longtitude": 8.335550000000001,
        "depth": 3.237,
        "temperature": 0.0,
        "time": 1782050276000,
        "timestamp": "2026-06-21T13:57:56",
        "water_level": 0.0631392694063927,
        "nearest_tide_timestamp": "2026-06-21T14:00:00",
        "tide_correction": 3.300139269406393
      }
    },
    {
      "type": "Feature",
      "geometry": {
        "type": "Point",
        "coordinates": [
          8.335558333333333,
          44.161585
        ]
      },
      "properties": {
        "longtitude": 8.335558333333333,
        "depth": 3.08,
        "temperature": 0.0,
        "time": 1782050277000,
        "timestamp": "2026-06-21T13:57:57",
        "water_level": 0.06311415525114154,
        "nearest_tide_timestamp": "2026-06-21T14:00:00",
        "tide_correction": 3.1431141552511415
      }
    },
    {
      "type": "Feature",
      "geometry": {
        "type": "Point",
        "coordinates": [
          8.335568333333333,
          44.16158
        ]
      },
      "properties": {
        "longtitude": 8.335568333333333,
        "depth": 3.33,
        "temperature": 0.0,
        "time": 1782050278000,
        "timestamp": "2026-06-21T13:57:58",
        "water_level": 0.0630890410958904,
        "nearest_tide_timestamp": "2026-06-21T14:00:00",
        "tide_correction": 3.3930890410958905
      }
    },
    {
      "type": "Feature",
      "geometry": {
        "type": "Point",
        "coordinates": [
          8.335576666666666,
          44.16157666666666
        ]
      },
      "properties": {
        "longtitude": 8.335576666666666,
        "depth": 3.299,
        "temperature": 0.0,
        "time": 1782050279000,
        "timestamp": "2026-06-21T13:57:59",
        "water_level": 0.06306392694063927,
        "nearest_tide_timestamp": "2026-06-21T14:00:00",
        "tide_correction": 3.3620639269406394
      }
    },
    {
      "type": "Feature",
      "geometry": {
        "type": "Point",
        "coordinates": [
          8.335585,
          44.16157166666667
        ]
      },
      "properties": {
        "longtitude": 8.335585,
        "depth": 3.382,
        "temperature": 0.0,
        "time": 1782050280000,
        "timestamp": "2026-06-21T13:58:00",
        "water_level": 0.06303881278538813,
        "nearest_tide_timestamp": "2026-06-21T14:00:00",
        "tide_correction": 3.445038812785388
      }
    },
    {
      "type": "Feature",
      "geometry": {
        "type": "Point",
        "coordinates": [
          8.335593333333332,
          44.16156833333333
        ]
      },
      "properties": {
        "longtitude": 8.335593333333332,
        "depth": 3.424,
        "temperature": 0.0,
        "time": 1782050281000,
        "timestamp": "2026-06-21T13:58:01",
        "water_level": 0.06301369863013698,
        "nearest_tide_timestamp": "2026-06-21T14:00:00",
        "tide_correction": 3.487013698630137
      }
    },
    {
      "type": "Feature",
      "geometry": {
        "type": "Point",
        "coordinates": [
          8.335601666666667,
          44.16156666666667
        ]
      },
      "properties": {
        "longtitude": 8.335601666666667,
        "depth": 3.164,
        "temperature": 0.0,
        "time": 1782050282000,
        "timestamp": "2026-06-21T13:58:02",
        "water_level": 0.06298858447488584,
        "nearest_tide_timestamp": "2026-06-21T14:00:00",
        "tide_correction": 3.226988584474886
      }
    },
    {
      "type": "Feature",
      "geometry": {
        "type": "Point",
        "coordinates": [
          8.335608333333333,
          44.16156333333333
        ]
      },
      "properties": {
        "longtitude": 8.335608333333333,
        "depth": 3.299,
        "temperature": 0.0,
        "time": 1782050283000,
        "timestamp": "2026-06-21T13:58:03",
        "water_level": 0.0629634703196347,
        "nearest_tide_timestamp": "2026-06-21T14:00:00",
        "tide_correction": 3.3619634703196346
      }
    },
    {
      "type": "Feature",
      "geometry": {
        "type": "Point",
        "coordinates": [
          8.335616666666665,
          44.16156
        ]
      },
      "properties": {
        "longtitude": 8.335616666666665,
        "depth": 3.32,
        "temperature": 0.0,
        "time": 1782050284000,
        "timestamp": "2026-06-21T13:58:04",
        "water_level": 0.06293835616438356,
        "nearest_tide_timestamp": "2026-06-21T14:00:00",
        "tide_correction": 3.3829383561643835
      }
    },
    {
      "type": "Feature",
      "geometry": {
        "type": "Point",
        "coordinates": [
          8.335625,
          44.16155666666667
        ]
      },
      "properties": {
        "longtitude": 8.335625,
        "depth": 3.361,
        "temperature": 0.0,
        "time": 1782050285000,
        "timestamp": "2026-06-21T13:58:05",
        "water_level": 0.06291324200913241,
        "nearest_tide_timestamp": "2026-06-21T14:00:00",
        "tide_correction": 3.4239132420091325
      }
    },
    {
      "type": "Feature",
      "geometry": {
        "type": "Point",
        "coordinates": [
          8.335631666666666,
          44.16155333333333
        ]
      },
      "properties": {
        "longtitude": 8.335631666666666,
        "depth": 3.309,
        "temperature": 0.0,
        "time": 1782050286000,
        "timestamp": "2026-06-21T13:58:06",
        "water_level": 0.06288812785388127,
        "nearest_tide_timestamp": "2026-06-21T14:00:00",
        "tide_correction": 3.3718881278538815
      }
    },
    {
      "type": "Feature",
      "geometry": {
        "type": "Point",
        "coordinates": [
          8.335640000000001,
          44.16155166666668
        ]
      },
      "properties": {
        "longtitude": 8.335640000000001,
        "depth": 3.205,
        "temperature": 0.0,
        "time": 1782050287000,
        "timestamp": "2026-06-21T13:58:07",
        "water_level": 0.06286301369863014,
        "nearest_tide_timestamp": "2026-06-21T14:00:00",
        "tide_correction": 3.2678630136986304
      }
    },
    {
      "type": "Feature",
      "geometry": {
        "type": "Point",
        "coordinates": [
          8.335648333333333,
          44.161550000000005
        ]
      },
      "properties": {
        "longtitude": 8.335648333333333,
        "depth": 3.341,
        "temperature": 0.0,
        "time": 1782050288000,
        "timestamp": "2026-06-21T13:58:08",
        "water_level": 0.062837899543379,
        "nearest_tide_timestamp": "2026-06-21T14:00:00",
        "tide_correction": 3.403837899543379
      }
    },
    {
      "type": "Feature",
      "geometry": {
        "type": "Point",
        "coordinates": [
          8.335655000000001,
          44.161548333333336
        ]
      },
      "properties": {
        "longtitude": 8.335655000000001,
        "depth": 3.289,
        "temperature": 0.0,
        "time": 1782050289000,
        "timestamp": "2026-06-21T13:58:09",
        "water_level": 0.06281278538812785,
        "nearest_tide_timestamp": "2026-06-21T14:00:00",
        "tide_correction": 3.351812785388128
      }
    },
    {
      "type": "Feature",
      "geometry": {
        "type": "Point",
        "coordinates": [
          8.335661666666665,
          44.16154333333334
        ]
      },
      "properties": {
        "longtitude": 8.335661666666665,
        "depth": 3.403,
        "temperature": 0.0,
        "time": 1782050290000,
        "timestamp": "2026-06-21T13:58:10",
        "water_level": 0.06278767123287671,
        "nearest_tide_timestamp": "2026-06-21T14:00:00",
        "tide_correction": 3.4657876712328766
      }
    },
    {
      "type": "Feature",
      "geometry": {
        "type": "Point",
        "coordinates": [
          8.33567,
          44.16154
        ]
      },
      "properties": {
        "longtitude": 8.33567,
        "depth": 3.393,
        "temperature": 0.0,
        "time": 1782050291000,
        "timestamp": "2026-06-21T13:58:11",
        "water_level": 0.06276255707762557,
        "nearest_tide_timestamp": "2026-06-21T14:00:00",
        "tide_correction": 3.4557625570776254
      }
    },
    {
      "type": "Feature",
      "geometry": {
        "type": "Point",
        "coordinates": [
          8.335678333333334,
          44.161538333333326
        ]
      },
      "properties": {
        "longtitude": 8.335678333333334,
        "depth": 3.497,
        "temperature": 0.0,
        "time": 1782050292000,
        "timestamp": "2026-06-21T13:58:12",
        "water_level": 0.06273744292237443,
        "nearest_tide_timestamp": "2026-06-21T14:00:00",
        "tide_correction": 3.5597374429223745
      }
    },
    {
      "type": "Feature",
      "geometry": {
        "type": "Point",
        "coordinates": [
          8.335686666666668,
          44.161535
        ]
      },
      "properties": {
        "longtitude": 8.335686666666668,
        "depth": 3.424,
        "temperature": 0.0,
        "time": 1782050293000,
        "timestamp": "2026-06-21T13:58:13",
        "water_level": 0.06271232876712328,
        "nearest_tide_timestamp": "2026-06-21T14:00:00",
        "tide_correction": 3.486712328767123
      }
    },
    {
      "type": "Feature",
      "geometry": {
        "type": "Point",
        "coordinates": [
          8.335696666666667,
          44.16153166666666
        ]
      },
      "properties": {
        "longtitude": 8.335696666666667,
        "depth": 3.455,
        "temperature": 0.0,
        "time": 1782050294000,
        "timestamp": "2026-06-21T13:58:14",
        "water_level": 0.06268721461187214,
        "nearest_tide_timestamp": "2026-06-21T14:00:00",
        "tide_correction": 3.5176872146118723
      }
    },
    {
      "type": "Feature",
      "geometry": {
        "type": "Point",
        "coordinates": [
          8.335704999999999,
          44.16152999999999
        ]
      },
      "properties": {
        "longtitude": 8.335704999999999,
        "depth": 3.413,
        "temperature": 0.0,
        "time": 1782050295000,
        "timestamp": "2026-06-21T13:58:15",
        "water_level": 0.062662100456621,
        "nearest_tide_timestamp": "2026-06-21T14:00:00",
        "tide_correction": 3.4756621004566206
      }
    },
    {
      "type": "Feature",
      "geometry": {
        "type": "Point",
        "coordinates": [
          8.335715,
          44.16152666666667
        ]
      },
      "properties": {
        "longtitude": 8.335715,
        "depth": 3.528,
        "temperature": 0.0,
        "time": 1782050296000,
        "timestamp": "2026-06-21T13:58:16",
        "water_level": 0.06263698630136987,
        "nearest_tide_timestamp": "2026-06-21T14:00:00",
        "tide_correction": 3.59063698630137
      }
    },
    {
      "type": "Feature",
      "geometry": {
        "type": "Point",
        "coordinates": [
          8.335725,
          44.16152333333333
        ]
      },
      "properties": {
        "longtitude": 8.335725,
        "depth": 3.476,
        "temperature": 0.0,
        "time": 1782050297000,
        "timestamp": "2026-06-21T13:58:17",
        "water_level": 0.06261187214611871,
        "nearest_tide_timestamp": "2026-06-21T14:00:00",
        "tide_correction": 3.538611872146119
      }
    },
    {
      "type": "Feature",
      "geometry": {
        "type": "Point",
        "coordinates": [
          8.335731666666668,
          44.16152
        ]
      },
      "properties": {
        "longtitude": 8.335731666666668,
        "depth": 3.403,
        "temperature": 0.0,
        "time": 1782050298000,
        "timestamp": "2026-06-21T13:58:18",
        "water_level": 0.06258675799086758,
        "nearest_tide_timestamp": "2026-06-21T14:00:00",
        "tide_correction": 3.4655867579908675
      }
    },
    {
      "type": "Feature",
      "geometry": {
        "type": "Point",
        "coordinates": [
          8.33574,
          44.16151666666666
        ]
      },
      "properties": {
        "longtitude": 8.33574,
        "depth": 3.622,
        "temperature": 0.0,
        "time": 1782050299000,
        "timestamp": "2026-06-21T13:58:19",
        "water_level": 0.06256164383561644,
        "nearest_tide_timestamp": "2026-06-21T14:00:00",
        "tide_correction": 3.6845616438356164
      }
    },
    {
      "type": "Feature",
      "geometry": {
        "type": "Point",
        "coordinates": [
          8.335748333333333,
          44.16151166666667
        ]
      },
      "properties": {
        "longtitude": 8.335748333333333,
        "depth": 3.528,
        "temperature": 0.0,
        "time": 1782050300000,
        "timestamp": "2026-06-21T13:58:20",
        "water_level": 0.0625365296803653,
        "nearest_tide_timestamp": "2026-06-21T14:00:00",
        "tide_correction": 3.5905365296803655
      }
    },
    {
      "type": "Feature",
      "geometry": {
        "type": "Point",
        "coordinates": [
          8.335758333333333,
          44.16151
        ]
      },
      "properties": {
        "longtitude": 8.335758333333333,
        "depth": 3.611,
        "temperature": 0.0,
        "time": 1782050301000,
        "timestamp": "2026-06-21T13:58:21",
        "water_level": 0.06251141552511415,
        "nearest_tide_timestamp": "2026-06-21T14:00:00",
        "tide_correction": 3.6735114155251143
      }
    },
    {
      "type": "Feature",
      "geometry": {
        "type": "Point",
        "coordinates": [
          8.335768333333334,
          44.16150833333333
        ]
      },
      "properties": {
        "longtitude": 8.335768333333334,
        "depth": 3.57,
        "temperature": 0.0,
        "time": 1782050302000,
        "timestamp": "2026-06-21T13:58:22",
        "water_level": 0.06248630136986301,
        "nearest_tide_timestamp": "2026-06-21T14:00:00",
        "tide_correction": 3.632486301369863
      }
    },
    {
      "type": "Feature",
      "geometry": {
        "type": "Point",
        "coordinates": [
          8.335775,
          44.16150666666668
        ]
      },
      "properties": {
        "longtitude": 8.335775,
        "depth": 3.684,
        "temperature": 0.0,
        "time": 1782050303000,
        "timestamp": "2026-06-21T13:58:23",
        "water_level": 0.06246118721461187,
        "nearest_tide_timestamp": "2026-06-21T14:00:00",
        "tide_correction": 3.746461187214612
      }
    },
    {
      "type": "Feature",
      "geometry": {
        "type": "Point",
        "coordinates": [
          8.335783333333334,
          44.161505000000005
        ]
      },
      "properties": {
        "longtitude": 8.335783333333334,
        "depth": 3.767,
        "temperature": 0.0,
        "time": 1782050304000,
        "timestamp": "2026-06-21T13:58:24",
        "water_level": 0.062436073059360726,
        "nearest_tide_timestamp": "2026-06-21T14:00:00",
        "tide_correction": 3.8294360730593606
      }
    },
    {
      "type": "Feature",
      "geometry": {
        "type": "Point",
        "coordinates": [
          8.335788333333333,
          44.16150833333333
        ]
      },
      "properties": {
        "longtitude": 8.335788333333333,
        "depth": 3.642,
        "temperature": 0.0,
        "time": 1782050305000,
        "timestamp": "2026-06-21T13:58:25",
        "water_level": 0.06241095890410959,
        "nearest_tide_timestamp": "2026-06-21T14:00:00",
        "tide_correction": 3.7044109589041097
      }
    },
    {
      "type": "Feature",
      "geometry": {
        "type": "Point",
        "coordinates": [
          8.335793333333333,
          44.16151
        ]
      },
      "properties": {
        "longtitude": 8.335793333333333,
        "depth": 3.705,
        "temperature": 0.0,
        "time": 1782050306000,
        "timestamp": "2026-06-21T13:58:26",
        "water_level": 0.06238584474885844,
        "nearest_tide_timestamp": "2026-06-21T14:00:00",
        "tide_correction": 3.7673858447488584
      }
    },
    {
      "type": "Feature",
      "geometry": {
        "type": "Point",
        "coordinates": [
          8.3358,
          44.16151
        ]
      },
      "properties": {
        "longtitude": 8.3358,
        "depth": 3.736,
        "temperature": 0.0,
        "time": 1782050307000,
        "timestamp": "2026-06-21T13:58:27",
        "water_level": 0.062360730593607305,
        "nearest_tide_timestamp": "2026-06-21T14:00:00",
        "tide_correction": 3.7983607305936076
      }
    },
    {
      "type": "Feature",
      "geometry": {
        "type": "Point",
        "coordinates": [
          8.335808333333334,
          44.16151166666667
        ]
      },
      "properties": {
        "longtitude": 8.335808333333334,
        "depth": 3.694,
        "temperature": 0.0,
        "time": 1782050308000,
        "timestamp": "2026-06-21T13:58:28",
        "water_level": 0.06233561643835616,
        "nearest_tide_timestamp": "2026-06-21T14:00:00",
        "tide_correction": 3.756335616438356
      }
    },
    {
      "type": "Feature",
      "geometry": {
        "type": "Point",
        "coordinates": [
          8.33582,
          44.16151333333334
        ]
      },
      "properties": {
        "longtitude": 8.33582,
        "depth": 3.497,
        "temperature": 0.0,
        "time": 1782050309000,
        "timestamp": "2026-06-21T13:58:29",
        "water_level": 0.06231050228310502,
        "nearest_tide_timestamp": "2026-06-21T14:00:00",
        "tide_correction": 3.559310502283105
      }
    },
    {
      "type": "Feature",
      "geometry": {
        "type": "Point",
        "coordinates": [
          8.33583,
          44.161515
        ]
      },
      "properties": {
        "longtitude": 8.33583,
        "depth": 3.611,
        "temperature": 0.0,
        "time": 1782050310000,
        "timestamp": "2026-06-21T13:58:30",
        "water_level": 0.06228538812785388,
        "nearest_tide_timestamp": "2026-06-21T14:00:00",
        "tide_correction": 3.673285388127854
      }
    },
    {
      "type": "Feature",
      "geometry": {
        "type": "Point",
        "coordinates": [
          8.33584,
          44.16151666666666
        ]
      },
      "properties": {
        "longtitude": 8.33584,
        "depth": 3.694,
        "temperature": 0.0,
        "time": 1782050311000,
        "timestamp": "2026-06-21T13:58:31",
        "water_level": 0.06226027397260274,
        "nearest_tide_timestamp": "2026-06-21T14:00:00",
        "tide_correction": 3.7562602739726025
      }
    },
    {
      "type": "Feature",
      "geometry": {
        "type": "Point",
        "coordinates": [
          8.335848333333333,
          44.16151666666666
        ]
      },
      "properties": {
        "longtitude": 8.335848333333333,
        "depth": 3.736,
        "temperature": 0.0,
        "time": 1782050312000,
        "timestamp": "2026-06-21T13:58:32",
        "water_level": 0.062235159817351594,
        "nearest_tide_timestamp": "2026-06-21T14:00:00",
        "tide_correction": 3.798235159817352
      }
    },
    {
      "type": "Feature",
      "geometry": {
        "type": "Point",
        "coordinates": [
          8.335858333333334,
          44.16151833333333
        ]
      },
      "properties": {
        "longtitude": 8.335858333333334,
        "depth": 3.653,
        "temperature": 0.0,
        "time": 1782050313000,
        "timestamp": "2026-06-21T13:58:33",
        "water_level": 0.06221004566210045,
        "nearest_tide_timestamp": "2026-06-21T14:00:00",
        "tide_correction": 3.7152100456621007
      }
    },
    {
      "type": "Feature",
      "geometry": {
        "type": "Point",
        "coordinates": [
          8.335866666666668,
          44.16151833333333
        ]
      },
      "properties": {
        "longtitude": 8.335866666666668,
        "depth": 3.757,
        "temperature": 0.0,
        "time": 1782050314000,
        "timestamp": "2026-06-21T13:58:34",
        "water_level": 0.06218493150684931,
        "nearest_tide_timestamp": "2026-06-21T14:00:00",
        "tide_correction": 3.8191849315068493
      }
    },
    {
      "type": "Feature",
      "geometry": {
        "type": "Point",
        "coordinates": [
          8.335878333333334,
          44.16152166666667
        ]
      },
      "properties": {
        "longtitude": 8.335878333333334,
        "depth": 3.851,
        "temperature": 0.0,
        "time": 1782050315000,
        "timestamp": "2026-06-21T13:58:35",
        "water_level": 0.06215981735159817,
        "nearest_tide_timestamp": "2026-06-21T14:00:00",
        "tide_correction": 3.9131598173515982
      }
    },
    {
      "type": "Feature",
      "geometry": {
        "type": "Point",
        "coordinates": [
          8.335890000000001,
          44.16152333333333
        ]
      },
      "properties": {
        "longtitude": 8.335890000000001,
        "depth": 3.851,
        "temperature": 0.0,
        "time": 1782050316000,
        "timestamp": "2026-06-21T13:58:36",
        "water_level": 0.06213470319634703,
        "nearest_tide_timestamp": "2026-06-21T14:00:00",
        "tide_correction": 3.913134703196347
      }
    },
    {
      "type": "Feature",
      "geometry": {
        "type": "Point",
        "coordinates": [
          8.335898333333335,
          44.161525
        ]
      },
      "properties": {
        "longtitude": 8.335898333333335,
        "depth": 3.934,
        "temperature": 0.0,
        "time": 1782050317000,
        "timestamp": "2026-06-21T13:58:37",
        "water_level": 0.06210958904109588,
        "nearest_tide_timestamp": "2026-06-21T14:00:00",
        "tide_correction": 3.996109589041096
      }
    },
    {
      "type": "Feature",
      "geometry": {
        "type": "Point",
        "coordinates": [
          8.335906666666666,
          44.16152833333334
        ]
      },
      "properties": {
        "longtitude": 8.335906666666666,
        "depth": 3.819,
        "temperature": 0.0,
        "time": 1782050318000,
        "timestamp": "2026-06-21T13:58:38",
        "water_level": 0.062084474885844745,
        "nearest_tide_timestamp": "2026-06-21T14:00:00",
        "tide_correction": 3.881084474885845
      }
    },
    {
      "type": "Feature",
      "geometry": {
        "type": "Point",
        "coordinates": [
          8.335915,
          44.16152999999999
        ]
      },
      "properties": {
        "longtitude": 8.335915,
        "depth": 3.83,
        "temperature": 0.0,
        "time": 1782050319000,
        "timestamp": "2026-06-21T13:58:39",
        "water_level": 0.06205936073059361,
        "nearest_tide_timestamp": "2026-06-21T14:00:00",
        "tide_correction": 3.8920593607305936
      }
    },
    {
      "type": "Feature",
      "geometry": {
        "type": "Point",
        "coordinates": [
          8.335921666666668,
          44.16153333333333
        ]
      },
      "properties": {
        "longtitude": 8.335921666666668,
        "depth": 3.726,
        "temperature": 0.0,
        "time": 1782050320000,
        "timestamp": "2026-06-21T13:58:40",
        "water_level": 0.06203424657534246,
        "nearest_tide_timestamp": "2026-06-21T14:00:00",
        "tide_correction": 3.7880342465753425
      }
    },
    {
      "type": "Feature",
      "geometry": {
        "type": "Point",
        "coordinates": [
          8.33593,
          44.16153333333333
        ]
      },
      "properties": {
        "longtitude": 8.33593,
        "depth": 3.715,
        "temperature": 0.0,
        "time": 1782050321000,
        "timestamp": "2026-06-21T13:58:41",
        "water_level": 0.06200913242009132,
        "nearest_tide_timestamp": "2026-06-21T14:00:00",
        "tide_correction": 3.7770091324200914
      }
    },
    {
      "type": "Feature",
      "geometry": {
        "type": "Point",
        "coordinates": [
          8.335938333333333,
          44.16153666666667
        ]
      },
      "properties": {
        "longtitude": 8.335938333333333,
        "depth": 3.559,
        "temperature": 0.0,
        "time": 1782050322000,
        "timestamp": "2026-06-21T13:58:42",
        "water_level": 0.06198401826484018,
        "nearest_tide_timestamp": "2026-06-21T14:00:00",
        "tide_correction": 3.6209840182648403
      }
    },
    {
      "type": "Feature",
      "geometry": {
        "type": "Point",
        "coordinates": [
          8.335943333333335,
          44.161538333333326
        ]
      },
      "properties": {
        "longtitude": 8.335943333333335,
        "depth": 3.799,
        "temperature": 0.0,
        "time": 1782050323000,
        "timestamp": "2026-06-21T13:58:43",
        "water_level": 0.06195890410958904,
        "nearest_tide_timestamp": "2026-06-21T14:00:00",
        "tide_correction": 3.860958904109589
      }
    },
    {
      "type": "Feature",
      "geometry": {
        "type": "Point",
        "coordinates": [
          8.33595,
          44.16154166666667
        ]
      },
      "properties": {
        "longtitude": 8.33595,
        "depth": 3.642,
        "temperature": 0.0,
        "time": 1782050324000,
        "timestamp": "2026-06-21T13:58:44",
        "water_level": 0.061933789954337896,
        "nearest_tide_timestamp": "2026-06-21T14:00:00",
        "tide_correction": 3.7039337899543376
      }
    },
    {
      "type": "Feature",
      "geometry": {
        "type": "Point",
        "coordinates": [
          8.335956666666668,
          44.16154333333334
        ]
      },
      "properties": {
        "longtitude": 8.335956666666668,
        "depth": 3.715,
        "temperature": 0.0,
        "time": 1782050325000,
        "timestamp": "2026-06-21T13:58:45",
        "water_level": 0.06190867579908675,
        "nearest_tide_timestamp": "2026-06-21T14:00:00",
        "tide_correction": 3.7769086757990866
      }
    },
    {
      "type": "Feature",
      "geometry": {
        "type": "Point",
        "coordinates": [
          8.335965,
          44.161548333333336
        ]
      },
      "properties": {
        "longtitude": 8.335965,
        "depth": 3.778,
        "temperature": 0.0,
        "time": 1782050326000,
        "timestamp": "2026-06-21T13:58:46",
        "water_level": 0.06188356164383561,
        "nearest_tide_timestamp": "2026-06-21T14:00:00",
        "tide_correction": 3.839883561643836
      }
    },
    {
      "type": "Feature",
      "geometry": {
        "type": "Point",
        "coordinates": [
          8.335973333333333,
          44.16155166666668
        ]
      },
      "properties": {
        "longtitude": 8.335973333333333,
        "depth": 3.559,
        "temperature": 0.0,
        "time": 1782050327000,
        "timestamp": "2026-06-21T13:58:47",
        "water_level": 0.061858447488584475,
        "nearest_tide_timestamp": "2026-06-21T14:00:00",
        "tide_correction": 3.6208584474885845
      }
    },
    {
      "type": "Feature",
      "geometry": {
        "type": "Point",
        "coordinates": [
          8.335981666666667,
          44.161555
        ]
      },
      "properties": {
        "longtitude": 8.335981666666667,
        "depth": 3.715,
        "temperature": 0.0,
        "time": 1782050328000,
        "timestamp": "2026-06-21T13:58:48",
        "water_level": 0.06183333333333333,
        "nearest_tide_timestamp": "2026-06-21T14:00:00",
        "tide_correction": 3.7768333333333333
      }
    },
    {
      "type": "Feature",
      "geometry": {
        "type": "Point",
        "coordinates": [
          8.335988333333335,
          44.16155833333334
        ]
      },
      "properties": {
        "longtitude": 8.335988333333335,
        "depth": 3.684,
        "temperature": 0.0,
        "time": 1782050329000,
        "timestamp": "2026-06-21T13:58:49",
        "water_level": 0.061808219178082185,
        "nearest_tide_timestamp": "2026-06-21T14:00:00",
        "tide_correction": 3.745808219178082
      }
    },
    {
      "type": "Feature",
      "geometry": {
        "type": "Point",
        "coordinates": [
          8.335998333333333,
          44.16156166666666
        ]
      },
      "properties": {
        "longtitude": 8.335998333333333,
        "depth": 3.674,
        "temperature": 0.0,
        "time": 1782050330000,
        "timestamp": "2026-06-21T13:58:50",
        "water_level": 0.06178310502283105,
        "nearest_tide_timestamp": "2026-06-21T14:00:00",
        "tide_correction": 3.735783105022831
      }
    },
    {
      "type": "Feature",
      "geometry": {
        "type": "Point",
        "coordinates": [
          8.336005,
          44.16156333333333
        ]
      },
      "properties": {
        "longtitude": 8.336005,
        "depth": 3.507,
        "temperature": 0.0,
        "time": 1782050331000,
        "timestamp": "2026-06-21T13:58:51",
        "water_level": 0.06175799086757991,
        "nearest_tide_timestamp": "2026-06-21T14:00:00",
        "tide_correction": 3.56875799086758
      }
    },
    {
      "type": "Feature",
      "geometry": {
        "type": "Point",
        "coordinates": [
          8.336013333333334,
          44.16156666666667
        ]
      },
      "properties": {
        "longtitude": 8.336013333333334,
        "depth": 3.705,
        "temperature": 0.0,
        "time": 1782050332000,
        "timestamp": "2026-06-21T13:58:52",
        "water_level": 0.061732876712328764,
        "nearest_tide_timestamp": "2026-06-21T14:00:00",
        "tide_correction": 3.7667328767123287
      }
    },
    {
      "type": "Feature",
      "geometry": {
        "type": "Point",
        "coordinates": [
          8.33602,
          44.16157
        ]
      },
      "properties": {
        "longtitude": 8.33602,
        "depth": 3.736,
        "temperature": 0.0,
        "time": 1782050333000,
        "timestamp": "2026-06-21T13:58:53",
        "water_level": 0.06170776255707762,
        "nearest_tide_timestamp": "2026-06-21T14:00:00",
        "tide_correction": 3.797707762557078
      }
    },
    {
      "type": "Feature",
      "geometry": {
        "type": "Point",
        "coordinates": [
          8.336028333333333,
          44.16157333333334
        ]
      },
      "properties": {
        "longtitude": 8.336028333333333,
        "depth": 3.757,
        "temperature": 0.0,
        "time": 1782050334000,
        "timestamp": "2026-06-21T13:58:54",
        "water_level": 0.06168264840182648,
        "nearest_tide_timestamp": "2026-06-21T14:00:00",
        "tide_correction": 3.818682648401827
      }
    },
    {
      "type": "Feature",
      "geometry": {
        "type": "Point",
        "coordinates": [
          8.336035,
          44.16157666666666
        ]
      },
      "properties": {
        "longtitude": 8.336035,
        "depth": 3.778,
        "temperature": 0.0,
        "time": 1782050335000,
        "timestamp": "2026-06-21T13:58:55",
        "water_level": 0.06165753424657534,
        "nearest_tide_timestamp": "2026-06-21T14:00:00",
        "tide_correction": 3.8396575342465753
      }
    },
    {
      "type": "Feature",
      "geometry": {
        "type": "Point",
        "coordinates": [
          8.336041666666667,
          44.16157833333333
        ]
      },
      "properties": {
        "longtitude": 8.336041666666667,
        "depth": 3.851,
        "temperature": 0.0,
        "time": 1782050336000,
        "timestamp": "2026-06-21T13:58:56",
        "water_level": 0.0616324200913242,
        "nearest_tide_timestamp": "2026-06-21T14:00:00",
        "tide_correction": 3.9126324200913243
      }
    },
    {
      "type": "Feature",
      "geometry": {
        "type": "Point",
        "coordinates": [
          8.336048333333334,
          44.16158166666667
        ]
      },
      "properties": {
        "longtitude": 8.336048333333334,
        "depth": 3.861,
        "temperature": 0.0,
        "time": 1782050337000,
        "timestamp": "2026-06-21T13:58:57",
        "water_level": 0.061607305936073053,
        "nearest_tide_timestamp": "2026-06-21T14:00:00",
        "tide_correction": 3.922607305936073
      }
    },
    {
      "type": "Feature",
      "geometry": {
        "type": "Point",
        "coordinates": [
          8.336055,
          44.161583333333326
        ]
      },
      "properties": {
        "longtitude": 8.336055,
        "depth": 3.882,
        "temperature": 0.0,
        "time": 1782050338000,
        "timestamp": "2026-06-21T13:58:58",
        "water_level": 0.061582191780821915,
        "nearest_tide_timestamp": "2026-06-21T14:00:00",
        "tide_correction": 3.943582191780822
      }
    },
    {
      "type": "Feature",
      "geometry": {
        "type": "Point",
        "coordinates": [
          8.33606,
          44.161585
        ]
      },
      "properties": {
        "longtitude": 8.33606,
        "depth": 3.892,
        "temperature": 0.0,
        "time": 1782050339000,
        "timestamp": "2026-06-21T13:58:59",
        "water_level": 0.06155707762557078,
        "nearest_tide_timestamp": "2026-06-21T14:00:00",
        "tide_correction": 3.953557077625571
      }
    },
    {
      "type": "Feature",
      "geometry": {
        "type": "Point",
        "coordinates": [
          8.336065,
          44.16158666666667
        ]
      },
      "properties": {
        "longtitude": 8.336065,
        "depth": 3.882,
        "temperature": 0.0,
        "time": 1782050340000,
        "timestamp": "2026-06-21T13:59:00",
        "water_level": 0.06153196347031963,
        "nearest_tide_timestamp": "2026-06-21T14:00:00",
        "tide_correction": 3.9435319634703196
      }
    },
    {
      "type": "Feature",
      "geometry": {
        "type": "Point",
        "coordinates": [
          8.336071666666667,
          44.16159
        ]
      },
      "properties": {
        "longtitude": 8.336071666666667,
        "depth": 3.83,
        "temperature": 0.0,
        "time": 1782050341000,
        "timestamp": "2026-06-21T13:59:01",
        "water_level": 0.06150684931506849,
        "nearest_tide_timestamp": "2026-06-21T14:00:00",
        "tide_correction": 3.8915068493150686
      }
    },
    {
      "type": "Feature",
      "geometry": {
        "type": "Point",
        "coordinates": [
          8.33608,
          44.161593333333336
        ]
      },
      "properties": {
        "longtitude": 8.33608,
        "depth": 3.778,
        "temperature": 0.0,
        "time": 1782050342000,
        "timestamp": "2026-06-21T13:59:02",
        "water_level": 0.06148173515981735,
        "nearest_tide_timestamp": "2026-06-21T14:00:00",
        "tide_correction": 3.839481735159817
      }
    },
    {
      "type": "Feature",
      "geometry": {
        "type": "Point",
        "coordinates": [
          8.336086666666667,
          44.16159833333333
        ]
      },
      "properties": {
        "longtitude": 8.336086666666667,
        "depth": 3.778,
        "temperature": 0.0,
        "time": 1782050343000,
        "timestamp": "2026-06-21T13:59:03",
        "water_level": 0.06145662100456621,
        "nearest_tide_timestamp": "2026-06-21T14:00:00",
        "tide_correction": 3.839456621004566
      }
    },
    {
      "type": "Feature",
      "geometry": {
        "type": "Point",
        "coordinates": [
          8.336091666666666,
          44.161605
        ]
      },
      "properties": {
        "longtitude": 8.336091666666666,
        "depth": 3.861,
        "temperature": 0.0,
        "time": 1782050344000,
        "timestamp": "2026-06-21T13:59:04",
        "water_level": 0.061431506849315066,
        "nearest_tide_timestamp": "2026-06-21T14:00:00",
        "tide_correction": 3.9224315068493154
      }
    },
    {
      "type": "Feature",
      "geometry": {
        "type": "Point",
        "coordinates": [
          8.336098333333332,
          44.16160833333333
        ]
      },
      "properties": {
        "longtitude": 8.336098333333332,
        "depth": 3.747,
        "temperature": 0.0,
        "time": 1782050345000,
        "timestamp": "2026-06-21T13:59:05",
        "water_level": 0.06140639269406392,
        "nearest_tide_timestamp": "2026-06-21T14:00:00",
        "tide_correction": 3.8084063926940637
      }
    },
    {
      "type": "Feature",
      "geometry": {
        "type": "Point",
        "coordinates": [
          8.336106666666666,
          44.161615
        ]
      },
      "properties": {
        "longtitude": 8.336106666666666,
        "depth": 3.622,
        "temperature": 0.0,
        "time": 1782050346000,
        "timestamp": "2026-06-21T13:59:06",
        "water_level": 0.061381278538812784,
        "nearest_tide_timestamp": "2026-06-21T14:00:00",
        "tide_correction": 3.6833812785388127
      }
    },
    {
      "type": "Feature",
      "geometry": {
        "type": "Point",
        "coordinates": [
          8.336111666666666,
          44.16161833333334
        ]
      },
      "properties": {
        "longtitude": 8.336111666666666,
        "depth": 3.33,
        "temperature": 0.0,
        "time": 1782050347000,
        "timestamp": "2026-06-21T13:59:07",
        "water_level": 0.061356164383561645,
        "nearest_tide_timestamp": "2026-06-21T14:00:00",
        "tide_correction": 3.391356164383562
      }
    },
    {
      "type": "Feature",
      "geometry": {
        "type": "Point",
        "coordinates": [
          8.336116666666667,
          44.16162333333333
        ]
      },
      "properties": {
        "longtitude": 8.336116666666667,
        "depth": 3.476,
        "temperature": 0.0,
        "time": 1782050348000,
        "timestamp": "2026-06-21T13:59:08",
        "water_level": 0.0613310502283105,
        "nearest_tide_timestamp": "2026-06-21T14:00:00",
        "tide_correction": 3.5373310502283104
      }
    },
    {
      "type": "Feature",
      "geometry": {
        "type": "Point",
        "coordinates": [
          8.336125000000001,
          44.16163
        ]
      },
      "properties": {
        "longtitude": 8.336125000000001,
        "depth": 3.424,
        "temperature": 0.0,
        "time": 1782050349000,
        "timestamp": "2026-06-21T13:59:09",
        "water_level": 0.061305936073059356,
        "nearest_tide_timestamp": "2026-06-21T14:00:00",
        "tide_correction": 3.4853059360730594
      }
    },
    {
      "type": "Feature",
      "geometry": {
        "type": "Point",
        "coordinates": [
          8.33613,
          44.161635
        ]
      },
      "properties": {
        "longtitude": 8.33613,
        "depth": 3.538,
        "temperature": 0.0,
        "time": 1782050350000,
        "timestamp": "2026-06-21T13:59:10",
        "water_level": 0.06128082191780822,
        "nearest_tide_timestamp": "2026-06-21T14:00:00",
        "tide_correction": 3.599280821917808
      }
    },
    {
      "type": "Feature",
      "geometry": {
        "type": "Point",
        "coordinates": [
          8.336135,
          44.161640000000006
        ]
      },
      "properties": {
        "longtitude": 8.336135,
        "depth": 3.632,
        "temperature": 0.0,
        "time": 1782050351000,
        "timestamp": "2026-06-21T13:59:11",
        "water_level": 0.06125570776255707,
        "nearest_tide_timestamp": "2026-06-21T14:00:00",
        "tide_correction": 3.693255707762557
      }
    },
    {
      "type": "Feature",
      "geometry": {
        "type": "Point",
        "coordinates": [
          8.336141666666666,
          44.161645
        ]
      },
      "properties": {
        "longtitude": 8.336141666666666,
        "depth": 3.518,
        "temperature": 0.0,
        "time": 1782050352000,
        "timestamp": "2026-06-21T13:59:12",
        "water_level": 0.061230593607305935,
        "nearest_tide_timestamp": "2026-06-21T14:00:00",
        "tide_correction": 3.579230593607306
      }
    },
    {
      "type": "Feature",
      "geometry": {
        "type": "Point",
        "coordinates": [
          8.336148333333334,
          44.16165166666666
        ]
      },
      "properties": {
        "longtitude": 8.336148333333334,
        "depth": 3.622,
        "temperature": 0.0,
        "time": 1782050353000,
        "timestamp": "2026-06-21T13:59:13",
        "water_level": 0.06120547945205479,
        "nearest_tide_timestamp": "2026-06-21T14:00:00",
        "tide_correction": 3.6832054794520546
      }
    },
    {
      "type": "Feature",
      "geometry": {
        "type": "Point",
        "coordinates": [
          8.336155,
          44.16165833333333
        ]
      },
      "properties": {
        "longtitude": 8.336155,
        "depth": 3.705,
        "temperature": 0.0,
        "time": 1782050354000,
        "timestamp": "2026-06-21T13:59:14",
        "water_level": 0.06118036529680365,
        "nearest_tide_timestamp": "2026-06-21T14:00:00",
        "tide_correction": 3.766180365296804
      }
    },
    {
      "type": "Feature",
      "geometry": {
        "type": "Point",
        "coordinates": [
          8.336161666666667,
          44.16166333333334
        ]
      },
      "properties": {
        "longtitude": 8.336161666666667,
        "depth": 3.642,
        "temperature": 0.0,
        "time": 1782050355000,
        "timestamp": "2026-06-21T13:59:15",
        "water_level": 0.06115525114155251,
        "nearest_tide_timestamp": "2026-06-21T14:00:00",
        "tide_correction": 3.703155251141552
      }
    },
    {
      "type": "Feature",
      "geometry": {
        "type": "Point",
        "coordinates": [
          8.336170000000001,
          44.16166833333333
        ]
      },
      "properties": {
        "longtitude": 8.336170000000001,
        "depth": 3.715,
        "temperature": 0.0,
        "time": 1782050356000,
        "timestamp": "2026-06-21T13:59:16",
        "water_level": 0.06113013698630137,
        "nearest_tide_timestamp": "2026-06-21T14:00:00",
        "tide_correction": 3.776130136986301
      }
    },
    {
      "type": "Feature",
      "geometry": {
        "type": "Point",
        "coordinates": [
          8.336176666666667,
          44.161675
        ]
      },
      "properties": {
        "longtitude": 8.336176666666667,
        "depth": 3.767,
        "temperature": 0.0,
        "time": 1782050357000,
        "timestamp": "2026-06-21T13:59:17",
        "water_level": 0.061105022831050224,
        "nearest_tide_timestamp": "2026-06-21T14:00:00",
        "tide_correction": 3.8281050228310503
      }
    },
    {
      "type": "Feature",
      "geometry": {
        "type": "Point",
        "coordinates": [
          8.336183333333334,
          44.16168
        ]
      },
      "properties": {
        "longtitude": 8.336183333333334,
        "depth": 3.778,
        "temperature": 0.0,
        "time": 1782050358000,
        "timestamp": "2026-06-21T13:59:18",
        "water_level": 0.061079908675799086,
        "nearest_tide_timestamp": "2026-06-21T14:00:00",
        "tide_correction": 3.839079908675799
      }
    },
    {
      "type": "Feature",
      "geometry": {
        "type": "Point",
        "coordinates": [
          8.336189999999998,
          44.16168666666668
        ]
      },
      "properties": {
        "longtitude": 8.336189999999998,
        "depth": 3.372,
        "temperature": 0.0,
        "time": 1782050359000,
        "timestamp": "2026-06-21T13:59:19",
        "water_level": 0.06105479452054794,
        "nearest_tide_timestamp": "2026-06-21T14:00:00",
        "tide_correction": 3.433054794520548
      }
    },
    {
      "type": "Feature",
      "geometry": {
        "type": "Point",
        "coordinates": [
          8.336195,
          44.16169166666667
        ]
      },
      "properties": {
        "longtitude": 8.336195,
        "depth": 3.434,
        "temperature": 0.0,
        "time": 1782050360000,
        "timestamp": "2026-06-21T13:59:20",
        "water_level": 0.0610296803652968,
        "nearest_tide_timestamp": "2026-06-21T14:00:00",
        "tide_correction": 3.495029680365297
      }
    },
    {
      "type": "Feature",
      "geometry": {
        "type": "Point",
        "coordinates": [
          8.336201666666666,
          44.16169833333333
        ]
      },
      "properties": {
        "longtitude": 8.336201666666666,
        "depth": 3.351,
        "temperature": 0.0,
        "time": 1782050361000,
        "timestamp": "2026-06-21T13:59:21",
        "water_level": 0.06100456621004566,
        "nearest_tide_timestamp": "2026-06-21T14:00:00",
        "tide_correction": 3.4120045662100456
      }
    },
    {
      "type": "Feature",
      "geometry": {
        "type": "Point",
        "coordinates": [
          8.33621,
          44.16170333333333
        ]
      },
      "properties": {
        "longtitude": 8.33621,
        "depth": 3.466,
        "temperature": 0.0,
        "time": 1782050362000,
        "timestamp": "2026-06-21T13:59:22",
        "water_level": 0.06097945205479452,
        "nearest_tide_timestamp": "2026-06-21T14:00:00",
        "tide_correction": 3.526979452054795
      }
    },
    {
      "type": "Feature",
      "geometry": {
        "type": "Point",
        "coordinates": [
          8.336218333333333,
          44.16170833333334
        ]
      },
      "properties": {
        "longtitude": 8.336218333333333,
        "depth": 3.611,
        "temperature": 0.0,
        "time": 1782050363000,
        "timestamp": "2026-06-21T13:59:23",
        "water_level": 0.060954337899543375,
        "nearest_tide_timestamp": "2026-06-21T14:00:00",
        "tide_correction": 3.6719543378995434
      }
    },
    {
      "type": "Feature",
      "geometry": {
        "type": "Point",
        "coordinates": [
          8.336226666666667,
          44.161715
        ]
      },
      "properties": {
        "longtitude": 8.336226666666667,
        "depth": 3.549,
        "temperature": 0.0,
        "time": 1782050364000,
        "timestamp": "2026-06-21T13:59:24",
        "water_level": 0.06092922374429224,
        "nearest_tide_timestamp": "2026-06-21T14:00:00",
        "tide_correction": 3.609929223744292
      }
    },
    {
      "type": "Feature",
      "geometry": {
        "type": "Point",
        "coordinates": [
          8.336231666666666,
          44.161718333333326
        ]
      },
      "properties": {
        "longtitude": 8.336231666666666,
        "depth": 3.58,
        "temperature": 0.0,
        "time": 1782050365000,
        "timestamp": "2026-06-21T13:59:25",
        "water_level": 0.06090410958904109,
        "nearest_tide_timestamp": "2026-06-21T14:00:00",
        "tide_correction": 3.6409041095890413
      }
    },
    {
      "type": "Feature",
      "geometry": {
        "type": "Point",
        "coordinates": [
          8.336236666666668,
          44.16172
        ]
      },
      "properties": {
        "longtitude": 8.336236666666668,
        "depth": 3.611,
        "temperature": 0.0,
        "time": 1782050366000,
        "timestamp": "2026-06-21T13:59:26",
        "water_level": 0.060878995433789954,
        "nearest_tide_timestamp": "2026-06-21T14:00:00",
        "tide_correction": 3.67187899543379
      }
    },
    {
      "type": "Feature",
      "geometry": {
        "type": "Point",
        "coordinates": [
          8.336243333333334,
          44.161725
        ]
      },
      "properties": {
        "longtitude": 8.336243333333334,
        "depth": 3.57,
        "temperature": 0.0,
        "time": 1782050367000,
        "timestamp": "2026-06-21T13:59:27",
        "water_level": 0.06085388127853881,
        "nearest_tide_timestamp": "2026-06-21T14:00:00",
        "tide_correction": 3.6308538812785387
      }
    },
    {
      "type": "Feature",
      "geometry": {
        "type": "Point",
        "coordinates": [
          8.336248333333334,
          44.161728333333336
        ]
      },
      "properties": {
        "longtitude": 8.336248333333334,
        "depth": 3.413,
        "temperature": 0.0,
        "time": 1782050368000,
        "timestamp": "2026-06-21T13:59:28",
        "water_level": 0.06082876712328767,
        "nearest_tide_timestamp": "2026-06-21T14:00:00",
        "tide_correction": 3.4738287671232877
      }
    },
    {
      "type": "Feature",
      "geometry": {
        "type": "Point",
        "coordinates": [
          8.336255,
          44.16173333333333
        ]
      },
      "properties": {
        "longtitude": 8.336255,
        "depth": 3.341,
        "temperature": 0.0,
        "time": 1782050369000,
        "timestamp": "2026-06-21T13:59:29",
        "water_level": 0.060803652968036526,
        "nearest_tide_timestamp": "2026-06-21T14:00:00",
        "tide_correction": 3.4018036529680367
      }
    },
    {
      "type": "Feature",
      "geometry": {
        "type": "Point",
        "coordinates": [
          8.336261666666667,
          44.16173666666667
        ]
      },
      "properties": {
        "longtitude": 8.336261666666667,
        "depth": 3.237,
        "temperature": 0.0,
        "time": 1782050370000,
        "timestamp": "2026-06-21T13:59:30",
        "water_level": 0.06077853881278539,
        "nearest_tide_timestamp": "2026-06-21T14:00:00",
        "tide_correction": 3.2977785388127856
      }
    },
    {
      "type": "Feature",
      "geometry": {
        "type": "Point",
        "coordinates": [
          8.336268333333333,
          44.16173833333334
        ]
      },
      "properties": {
        "longtitude": 8.336268333333333,
        "depth": 3.361,
        "temperature": 0.0,
        "time": 1782050371000,
        "timestamp": "2026-06-21T13:59:31",
        "water_level": 0.06075342465753424,
        "nearest_tide_timestamp": "2026-06-21T14:00:00",
        "tide_correction": 3.4217534246575343
      }
    },
    {
      "type": "Feature",
      "geometry": {
        "type": "Point",
        "coordinates": [
          8.336271666666667,
          44.16174166666666
        ]
      },
      "properties": {
        "longtitude": 8.336271666666667,
        "depth": 3.497,
        "temperature": 0.0,
        "time": 1782050372000,
        "timestamp": "2026-06-21T13:59:32",
        "water_level": 0.060728310502283105,
        "nearest_tide_timestamp": "2026-06-21T14:00:00",
        "tide_correction": 3.557728310502283
      }
    },
    {
      "type": "Feature",
      "geometry": {
        "type": "Point",
        "coordinates": [
          8.336278333333333,
          44.16174333333333
        ]
      },
      "properties": {
        "longtitude": 8.336278333333333,
        "depth": 3.413,
        "temperature": 0.0,
        "time": 1782050373000,
        "timestamp": "2026-06-21T13:59:33",
        "water_level": 0.06070319634703196,
        "nearest_tide_timestamp": "2026-06-21T14:00:00",
        "tide_correction": 3.473703196347032
      }
    },
    {
      "type": "Feature",
      "geometry": {
        "type": "Point",
        "coordinates": [
          8.336285,
          44.161745
        ]
      },
      "properties": {
        "longtitude": 8.336285,
        "depth": 3.528,
        "temperature": 0.0,
        "time": 1782050374000,
        "timestamp": "2026-06-21T13:59:34",
        "water_level": 0.06067808219178082,
        "nearest_tide_timestamp": "2026-06-21T14:00:00",
        "tide_correction": 3.5886780821917807
      }
    },
    {
      "type": "Feature",
      "geometry": {
        "type": "Point",
        "coordinates": [
          8.336291666666666,
          44.16174666666667
        ]
      },
      "properties": {
        "longtitude": 8.336291666666666,
        "depth": 3.528,
        "temperature": 0.0,
        "time": 1782050375000,
        "timestamp": "2026-06-21T13:59:35",
        "water_level": 0.06065296803652968,
        "nearest_tide_timestamp": "2026-06-21T14:00:00",
        "tide_correction": 3.5886529680365298
      }
    },
    {
      "type": "Feature",
      "geometry": {
        "type": "Point",
        "coordinates": [
          8.336296666666668,
          44.16174666666667
        ]
      },
      "properties": {
        "longtitude": 8.336296666666668,
        "depth": 3.611,
        "temperature": 0.0,
        "time": 1782050376000,
        "timestamp": "2026-06-21T13:59:36",
        "water_level": 0.06062785388127854,
        "nearest_tide_timestamp": "2026-06-21T14:00:00",
        "tide_correction": 3.6716278538812785
      }
    },
    {
      "type": "Feature",
      "geometry": {
        "type": "Point",
        "coordinates": [
          8.3363,
          44.16174833333333
        ]
      },
      "properties": {
        "longtitude": 8.3363,
        "depth": 3.674,
        "temperature": 0.0,
        "time": 1782050377000,
        "timestamp": "2026-06-21T13:59:37",
        "water_level": 0.060602739726027394,
        "nearest_tide_timestamp": "2026-06-21T14:00:00",
        "tide_correction": 3.7346027397260273
      }
    },
    {
      "type": "Feature",
      "geometry": {
        "type": "Point",
        "coordinates": [
          8.336305000000001,
          44.16175
        ]
      },
      "properties": {
        "longtitude": 8.336305000000001,
        "depth": 3.59,
        "temperature": 0.0,
        "time": 1782050378000,
        "timestamp": "2026-06-21T13:59:38",
        "water_level": 0.060577625570776256,
        "nearest_tide_timestamp": "2026-06-21T14:00:00",
        "tide_correction": 3.6505776255707763
      }
    },
    {
      "type": "Feature",
      "geometry": {
        "type": "Point",
        "coordinates": [
          8.336313333333333,
          44.16175166666667
        ]
      },
      "properties": {
        "longtitude": 8.336313333333333,
        "depth": 3.674,
        "temperature": 0.0,
        "time": 1782050379000,
        "timestamp": "2026-06-21T13:59:39",
        "water_level": 0.06055251141552511,
        "nearest_tide_timestamp": "2026-06-21T14:00:00",
        "tide_correction": 3.734552511415525
      }
    },
    {
      "type": "Feature",
      "geometry": {
        "type": "Point",
        "coordinates": [
          8.33632,
          44.16175333333334
        ]
      },
      "properties": {
        "longtitude": 8.33632,
        "depth": 3.57,
        "temperature": 0.0,
        "time": 1782050380000,
        "timestamp": "2026-06-21T13:59:40",
        "water_level": 0.06052739726027397,
        "nearest_tide_timestamp": "2026-06-21T14:00:00",
        "tide_correction": 3.630527397260274
      }
    },
    {
      "type": "Feature",
      "geometry": {
        "type": "Point",
        "coordinates": [
          8.336326666666668,
          44.16175666666666
        ]
      },
      "properties": {
        "longtitude": 8.336326666666668,
        "depth": 3.445,
        "temperature": 0.0,
        "time": 1782050381000,
        "timestamp": "2026-06-21T13:59:41",
        "water_level": 0.06050228310502283,
        "nearest_tide_timestamp": "2026-06-21T14:00:00",
        "tide_correction": 3.505502283105023
      }
    },
    {
      "type": "Feature",
      "geometry": {
        "type": "Point",
        "coordinates": [
          8.336333333333332,
          44.16176166666667
        ]
      },
      "properties": {
        "longtitude": 8.336333333333332,
        "depth": 3.341,
        "temperature": 0.0,
        "time": 1782050382000,
        "timestamp": "2026-06-21T13:59:42",
        "water_level": 0.06047716894977169,
        "nearest_tide_timestamp": "2026-06-21T14:00:00",
        "tide_correction": 3.401477168949772
      }
    },
    {
      "type": "Feature",
      "geometry": {
        "type": "Point",
        "coordinates": [
          8.336338333333334,
          44.16176666666667
        ]
      },
      "properties": {
        "longtitude": 8.336338333333334,
        "depth": 3.466,
        "temperature": 0.0,
        "time": 1782050383000,
        "timestamp": "2026-06-21T13:59:43",
        "water_level": 0.060452054794520545,
        "nearest_tide_timestamp": "2026-06-21T14:00:00",
        "tide_correction": 3.526452054794521
      }
    },
    {
      "type": "Feature",
      "geometry": {
        "type": "Point",
        "coordinates": [
          8.336341666666668,
          44.161773333333336
        ]
      },
      "properties": {
        "longtitude": 8.336341666666668,
        "depth": 3.622,
        "temperature": 0.0,
        "time": 1782050384000,
        "timestamp": "2026-06-21T13:59:44",
        "water_level": 0.0604269406392694,
        "nearest_tide_timestamp": "2026-06-21T14:00:00",
        "tide_correction": 3.682426940639269
      }
    },
    {
      "type": "Feature",
      "geometry": {
        "type": "Point",
        "coordinates": [
          8.336343333333334,
          44.16177833333333
        ]
      },
      "properties": {
        "longtitude": 8.336343333333334,
        "depth": 3.559,
        "temperature": 0.0,
        "time": 1782050385000,
        "timestamp": "2026-06-21T13:59:45",
        "water_level": 0.06040182648401826,
        "nearest_tide_timestamp": "2026-06-21T14:00:00",
        "tide_correction": 3.6194018264840184
      }
    },
    {
      "type": "Feature",
      "geometry": {
        "type": "Point",
        "coordinates": [
          8.336345,
          44.16178333333334
        ]
      },
      "properties": {
        "longtitude": 8.336345,
        "depth": 3.632,
        "temperature": 0.0,
        "time": 1782050386000,
        "timestamp": "2026-06-21T13:59:46",
        "water_level": 0.060376712328767124,
        "nearest_tide_timestamp": "2026-06-21T14:00:00",
        "tide_correction": 3.6923767123287674
      }
    },
    {
      "type": "Feature",
      "geometry": {
        "type": "Point",
        "coordinates": [
          8.336348333333332,
          44.16178666666666
        ]
      },
      "properties": {
        "longtitude": 8.336348333333332,
        "depth": 3.653,
        "temperature": 0.0,
        "time": 1782050387000,
        "timestamp": "2026-06-21T13:59:47",
        "water_level": 0.06035159817351598,
        "nearest_tide_timestamp": "2026-06-21T14:00:00",
        "tide_correction": 3.713351598173516
      }
    },
    {
      "type": "Feature",
      "geometry": {
        "type": "Point",
        "coordinates": [
          8.336350000000001,
          44.16179166666667
        ]
      },
      "properties": {
        "longtitude": 8.336350000000001,
        "depth": 3.57,
        "temperature": 0.0,
        "time": 1782050388000,
        "timestamp": "2026-06-21T13:59:48",
        "water_level": 0.060326484018264834,
        "nearest_tide_timestamp": "2026-06-21T14:00:00",
        "tide_correction": 3.6303264840182647
      }
    },
    {
      "type": "Feature",
      "geometry": {
        "type": "Point",
        "coordinates": [
          8.336353333333333,
          44.161795
        ]
      },
      "properties": {
        "longtitude": 8.336353333333333,
        "depth": 3.351,
        "temperature": 0.0,
        "time": 1782050389000,
        "timestamp": "2026-06-21T13:59:49",
        "water_level": 0.060301369863013696,
        "nearest_tide_timestamp": "2026-06-21T14:00:00",
        "tide_correction": 3.4113013698630135
      }
    },
    {
      "type": "Feature",
      "geometry": {
        "type": "Point",
        "coordinates": [
          8.336356666666667,
          44.16180166666666
        ]
      },
      "properties": {
        "longtitude": 8.336356666666667,
        "depth": 3.143,
        "temperature": 0.0,
        "time": 1782050390000,
        "timestamp": "2026-06-21T13:59:50",
        "water_level": 0.06027625570776256,
        "nearest_tide_timestamp": "2026-06-21T14:00:00",
        "tide_correction": 3.2032762557077623
      }
    },
    {
      "type": "Feature",
      "geometry": {
        "type": "Point",
        "coordinates": [
          8.33636,
          44.161808333333326
        ]
      },
      "properties": {
        "longtitude": 8.33636,
        "depth": 3.351,
        "temperature": 0.0,
        "time": 1782050391000,
        "timestamp": "2026-06-21T13:59:51",
        "water_level": 0.06025114155251141,
        "nearest_tide_timestamp": "2026-06-21T14:00:00",
        "tide_correction": 3.4112511415525115
      }
    },
    {
      "type": "Feature",
      "geometry": {
        "type": "Point",
        "coordinates": [
          8.336365,
          44.161815
        ]
      },
      "properties": {
        "longtitude": 8.336365,
        "depth": 3.278,
        "temperature": 0.0,
        "time": 1782050392000,
        "timestamp": "2026-06-21T13:59:52",
        "water_level": 0.06022602739726027,
        "nearest_tide_timestamp": "2026-06-21T14:00:00",
        "tide_correction": 3.33822602739726
      }
    },
    {
      "type": "Feature",
      "geometry": {
        "type": "Point",
        "coordinates": [
          8.336369999999999,
          44.161820000000006
        ]
      },
      "properties": {
        "longtitude": 8.336369999999999,
        "depth": 3.32,
        "temperature": 0.0,
        "time": 1782050393000,
        "timestamp": "2026-06-21T13:59:53",
        "water_level": 0.06020091324200913,
        "nearest_tide_timestamp": "2026-06-21T14:00:00",
        "tide_correction": 3.380200913242009
      }
    },
    {
      "type": "Feature",
      "geometry": {
        "type": "Point",
        "coordinates": [
          8.336375,
          44.16182666666667
        ]
      },
      "properties": {
        "longtitude": 8.336375,
        "depth": 3.237,
        "temperature": 0.0,
        "time": 1782050394000,
        "timestamp": "2026-06-21T13:59:54",
        "water_level": 0.06017579908675799,
        "nearest_tide_timestamp": "2026-06-21T14:00:00",
        "tide_correction": 3.2971757990867583
      }
    },
    {
      "type": "Feature",
      "geometry": {
        "type": "Point",
        "coordinates": [
          8.33638,
          44.16183333333333
        ]
      },
      "properties": {
        "longtitude": 8.33638,
        "depth": 3.268,
        "temperature": 0.0,
        "time": 1782050395000,
        "timestamp": "2026-06-21T13:59:55",
        "water_level": 0.06015068493150685,
        "nearest_tide_timestamp": "2026-06-21T14:00:00",
        "tide_correction": 3.3281506849315066
      }
    },
    {
      "type": "Feature",
      "geometry": {
        "type": "Point",
        "coordinates": [
          8.336383333333334,
          44.16183833333333
        ]
      },
      "properties": {
        "longtitude": 8.336383333333334,
        "depth": 3.309,
        "temperature": 0.0,
        "time": 1782050396000,
        "timestamp": "2026-06-21T13:59:56",
        "water_level": 0.0601255707762557,
        "nearest_tide_timestamp": "2026-06-21T14:00:00",
        "tide_correction": 3.369125570776256
      }
    },
    {
      "type": "Feature",
      "geometry": {
        "type": "Point",
        "coordinates": [
          8.336388333333334,
          44.16184333333334
        ]
      },
      "properties": {
        "longtitude": 8.336388333333334,
        "depth": 3.247,
        "temperature": 0.0,
        "time": 1782050397000,
        "timestamp": "2026-06-21T13:59:57",
        "water_level": 0.060100456621004564,
        "nearest_tide_timestamp": "2026-06-21T14:00:00",
        "tide_correction": 3.3071004566210043
      }
    },
    {
      "type": "Feature",
      "geometry": {
        "type": "Point",
        "coordinates": [
          8.336395000000001,
          44.16184833333333
        ]
      },
      "properties": {
        "longtitude": 8.336395000000001,
        "depth": 3.205,
        "temperature": 0.0,
        "time": 1782050398000,
        "timestamp": "2026-06-21T13:59:58",
        "water_level": 0.060075342465753426,
        "nearest_tide_timestamp": "2026-06-21T14:00:00",
        "tide_correction": 3.2650753424657535
      }
    },
    {
      "type": "Feature",
      "geometry": {
        "type": "Point",
        "coordinates": [
          8.336398333333333,
          44.161853333333326
        ]
      },
      "properties": {
        "longtitude": 8.336398333333333,
        "depth": 3.153,
        "temperature": 0.0,
        "time": 1782050399000,
        "timestamp": "2026-06-21T13:59:59",
        "water_level": 0.06005022831050228,
        "nearest_tide_timestamp": "2026-06-21T14:00:00",
        "tide_correction": 3.2130502283105025
      }
    },
    {
      "type": "Feature",
      "geometry": {
        "type": "Point",
        "coordinates": [
          8.336403333333333,
          44.16185833333334
        ]
      },
      "properties": {
        "longtitude": 8.336403333333333,
        "depth": 3.382,
        "temperature": 0.0,
        "time": 1782050400000,
        "timestamp": "2026-06-21T14:00:00",
        "water_level": 0.060025114155251136,
        "nearest_tide_timestamp": "2026-06-21T14:00:00",
        "tide_correction": 3.442025114155251
      }
    },
    {
      "type": "Feature",
      "geometry": {
        "type": "Point",
        "coordinates": [
          8.336408333333333,
          44.161865000000006
        ]
      },
      "properties": {
        "longtitude": 8.336408333333333,
        "depth": 3.434,
        "temperature": 0.0,
        "time": 1782050401000,
        "timestamp": "2026-06-21T14:00:01",
        "water_level": 0.06,
        "nearest_tide_timestamp": "2026-06-21T14:00:00",
        "tide_correction": 3.494
      }
    },
    {
      "type": "Feature",
      "geometry": {
        "type": "Point",
        "coordinates": [
          8.336416666666667,
          44.16187
        ]
      },
      "properties": {
        "longtitude": 8.336416666666667,
        "depth": 3.289,
        "temperature": 0.0,
        "time": 1782050402000,
        "timestamp": "2026-06-21T14:00:02",
        "water_level": 0.06,
        "nearest_tide_timestamp": "2026-06-21T14:00:00",
        "tide_correction": 3.349
      }
    },
    {
      "type": "Feature",
      "geometry": {
        "type": "Point",
        "coordinates": [
          8.336423333333332,
          44.161875
        ]
      },
      "properties": {
        "longtitude": 8.336423333333332,
        "depth": 3.403,
        "temperature": 0.0,
        "time": 1782050403000,
        "timestamp": "2026-06-21T14:00:03",
        "water_level": 0.06,
        "nearest_tide_timestamp": "2026-06-21T14:00:00",
        "tide_correction": 3.463
      }
    },
    {
      "type": "Feature",
      "geometry": {
        "type": "Point",
        "coordinates": [
          8.336433333333334,
          44.16187833333333
        ]
      },
      "properties": {
        "longtitude": 8.336433333333334,
        "depth": 3.341,
        "temperature": 0.0,
        "time": 1782050404000,
        "timestamp": "2026-06-21T14:00:04",
        "water_level": 0.06,
        "nearest_tide_timestamp": "2026-06-21T14:00:00",
        "tide_correction": 3.4010000000000002
      }
    },
    {
      "type": "Feature",
      "geometry": {
        "type": "Point",
        "coordinates": [
          8.336440000000001,
          44.16188333333333
        ]
      },
      "properties": {
        "longtitude": 8.336440000000001,
        "depth": 3.278,
        "temperature": 0.0,
        "time": 1782050405000,
        "timestamp": "2026-06-21T14:00:05",
        "water_level": 0.06,
        "nearest_tide_timestamp": "2026-06-21T14:00:00",
        "tide_correction": 3.338
      }
    },
    {
      "type": "Feature",
      "geometry": {
        "type": "Point",
        "coordinates": [
          8.336445,
          44.16188999999999
        ]
      },
      "properties": {
        "longtitude": 8.336445,
        "depth": 2.976,
        "temperature": 0.0,
        "time": 1782050406000,
        "timestamp": "2026-06-21T14:00:06",
        "water_level": 0.06,
        "nearest_tide_timestamp": "2026-06-21T14:00:00",
        "tide_correction": 3.036
      }
    },
    {
      "type": "Feature",
      "geometry": {
        "type": "Point",
        "coordinates": [
          8.336451666666667,
          44.16189166666666
        ]
      },
      "properties": {
        "longtitude": 8.336451666666667,
        "depth": 3.185,
        "temperature": 0.0,
        "time": 1782050407000,
        "timestamp": "2026-06-21T14:00:07",
        "water_level": 0.06,
        "nearest_tide_timestamp": "2026-06-21T14:00:00",
        "tide_correction": 3.245
      }
    },
    {
      "type": "Feature",
      "geometry": {
        "type": "Point",
        "coordinates": [
          8.336458333333333,
          44.16189666666667
        ]
      },
      "properties": {
        "longtitude": 8.336458333333333,
        "depth": 3.174,
        "temperature": 0.0,
        "time": 1782050408000,
        "timestamp": "2026-06-21T14:00:08",
        "water_level": 0.06,
        "nearest_tide_timestamp": "2026-06-21T14:00:00",
        "tide_correction": 3.234
      }
    },
    {
      "type": "Feature",
      "geometry": {
        "type": "Point",
        "coordinates": [
          8.336465,
          44.16190166666667
        ]
      },
      "properties": {
        "longtitude": 8.336465,
        "depth": 3.278,
        "temperature": 0.0,
        "time": 1782050409000,
        "timestamp": "2026-06-21T14:00:09",
        "water_level": 0.06,
        "nearest_tide_timestamp": "2026-06-21T14:00:00",
        "tide_correction": 3.338
      }
    },
    {
      "type": "Feature",
      "geometry": {
        "type": "Point",
        "coordinates": [
          8.33647,
          44.161905
        ]
      },
      "properties": {
        "longtitude": 8.33647,
        "depth": 3.08,
        "temperature": 0.0,
        "time": 1782050410000,
        "timestamp": "2026-06-21T14:00:10",
        "water_level": 0.06,
        "nearest_tide_timestamp": "2026-06-21T14:00:00",
        "tide_correction": 3.14
      }
    },
    {
      "type": "Feature",
      "geometry": {
        "type": "Point",
        "coordinates": [
          8.336475,
          44.161910000000006
        ]
      },
      "properties": {
        "longtitude": 8.336475,
        "depth": 3.174,
        "temperature": 0.0,
        "time": 1782050411000,
        "timestamp": "2026-06-21T14:00:11",
        "water_level": 0.06,
        "nearest_tide_timestamp": "2026-06-21T14:00:00",
        "tide_correction": 3.234
      }
    },
    {
      "type": "Feature",
      "geometry": {
        "type": "Point",
        "coordinates": [
          8.336478333333334,
          44.161915
        ]
      },
      "properties": {
        "longtitude": 8.336478333333334,
        "depth": 3.049,
        "temperature": 0.0,
        "time": 1782050412000,
        "timestamp": "2026-06-21T14:00:12",
        "water_level": 0.06,
        "nearest_tide_timestamp": "2026-06-21T14:00:00",
        "tide_correction": 3.109
      }
    },
    {
      "type": "Feature",
      "geometry": {
        "type": "Point",
        "coordinates": [
          8.336483333333332,
          44.16191833333334
        ]
      },
      "properties": {
        "longtitude": 8.336483333333332,
        "depth": 3.133,
        "temperature": 0.0,
        "time": 1782050413000,
        "timestamp": "2026-06-21T14:00:13",
        "water_level": 0.06,
        "nearest_tide_timestamp": "2026-06-21T14:00:00",
        "tide_correction": 3.193
      }
    },
    {
      "type": "Feature",
      "geometry": {
        "type": "Point",
        "coordinates": [
          8.336488333333334,
          44.16192333333333
        ]
      },
      "properties": {
        "longtitude": 8.336488333333334,
        "depth": 3.174,
        "temperature": 0.0,
        "time": 1782050414000,
        "timestamp": "2026-06-21T14:00:14",
        "water_level": 0.06,
        "nearest_tide_timestamp": "2026-06-21T14:00:00",
        "tide_correction": 3.234
      }
    },
    {
      "type": "Feature",
      "geometry": {
        "type": "Point",
        "coordinates": [
          8.336493333333333,
          44.16192666666667
        ]
      },
      "properties": {
        "longtitude": 8.336493333333333,
        "depth": 3.226,
        "temperature": 0.0,
        "time": 1782050415000,
        "timestamp": "2026-06-21T14:00:15",
        "water_level": 0.06,
        "nearest_tide_timestamp": "2026-06-21T14:00:00",
        "tide_correction": 3.286
      }
    },
    {
      "type": "Feature",
      "geometry": {
        "type": "Point",
        "coordinates": [
          8.336496666666667,
          44.16192833333333
        ]
      },
      "properties": {
        "longtitude": 8.336496666666667,
        "depth": 3.237,
        "temperature": 0.0,
        "time": 1782050416000,
        "timestamp": "2026-06-21T14:00:16",
        "water_level": 0.06,
        "nearest_tide_timestamp": "2026-06-21T14:00:00",
        "tide_correction": 3.297
      }
    },
    {
      "type": "Feature",
      "geometry": {
        "type": "Point",
        "coordinates": [
          8.336500000000001,
          44.16193
        ]
      },
      "properties": {
        "longtitude": 8.336500000000001,
        "depth": 3.216,
        "temperature": 0.0,
        "time": 1782050417000,
        "timestamp": "2026-06-21T14:00:17",
        "water_level": 0.06,
        "nearest_tide_timestamp": "2026-06-21T14:00:00",
        "tide_correction": 3.2760000000000002
      }
    },
    {
      "type": "Feature",
      "geometry": {
        "type": "Point",
        "coordinates": [
          8.336503333333333,
          44.16193333333334
        ]
      },
      "properties": {
        "longtitude": 8.336503333333333,
        "depth": 3.205,
        "temperature": 0.0,
        "time": 1782050418000,
        "timestamp": "2026-06-21T14:00:18",
        "water_level": 0.06,
        "nearest_tide_timestamp": "2026-06-21T14:00:00",
        "tide_correction": 3.265
      }
    },
    {
      "type": "Feature",
      "geometry": {
        "type": "Point",
        "coordinates": [
          8.336508333333335,
          44.16193499999999
        ]
      },
      "properties": {
        "longtitude": 8.336508333333335,
        "depth": 3.309,
        "temperature": 0.0,
        "time": 1782050419000,
        "timestamp": "2026-06-21T14:00:19",
        "water_level": 0.06,
        "nearest_tide_timestamp": "2026-06-21T14:00:00",
        "tide_correction": 3.369
      }
    },
    {
      "type": "Feature",
      "geometry": {
        "type": "Point",
        "coordinates": [
          8.336511666666667,
          44.16193833333333
        ]
      },
      "properties": {
        "longtitude": 8.336511666666667,
        "depth": 3.205,
        "temperature": 0.0,
        "time": 1782050420000,
        "timestamp": "2026-06-21T14:00:20",
        "water_level": 0.06,
        "nearest_tide_timestamp": "2026-06-21T14:00:00",
        "tide_correction": 3.265
      }
    },
    {
      "type": "Feature",
      "geometry": {
        "type": "Point",
        "coordinates": [
          8.336515,
          44.16194
        ]
      },
      "properties": {
        "longtitude": 8.336515,
        "depth": 3.278,
        "temperature": 0.0,
        "time": 1782050421000,
        "timestamp": "2026-06-21T14:00:21",
        "water_level": 0.06,
        "nearest_tide_timestamp": "2026-06-21T14:00:00",
        "tide_correction": 3.338
      }
    },
    {
      "type": "Feature",
      "geometry": {
        "type": "Point",
        "coordinates": [
          8.336521666666666,
          44.16194166666667
        ]
      },
      "properties": {
        "longtitude": 8.336521666666666,
        "depth": 3.237,
        "temperature": 0.0,
        "time": 1782050422000,
        "timestamp": "2026-06-21T14:00:22",
        "water_level": 0.06,
        "nearest_tide_timestamp": "2026-06-21T14:00:00",
        "tide_correction": 3.297
      }
    },
    {
      "type": "Feature",
      "geometry": {
        "type": "Point",
        "coordinates": [
          8.336525,
          44.161943333333326
        ]
      },
      "properties": {
        "longtitude": 8.336525,
        "depth": 3.143,
        "temperature": 0.0,
        "time": 1782050423000,
        "timestamp": "2026-06-21T14:00:23",
        "water_level": 0.06,
        "nearest_tide_timestamp": "2026-06-21T14:00:00",
        "tide_correction": 3.203
      }
    },
    {
      "type": "Feature",
      "geometry": {
        "type": "Point",
        "coordinates": [
          8.33653,
          44.16194666666667
        ]
      },
      "properties": {
        "longtitude": 8.33653,
        "depth": 3.06,
        "temperature": 0.0,
        "time": 1782050424000,
        "timestamp": "2026-06-21T14:00:24",
        "water_level": 0.06,
        "nearest_tide_timestamp": "2026-06-21T14:00:00",
        "tide_correction": 3.12
      }
    },
    {
      "type": "Feature",
      "geometry": {
        "type": "Point",
        "coordinates": [
          8.336535,
          44.16194833333334
        ]
      },
      "properties": {
        "longtitude": 8.336535,
        "depth": 2.945,
        "temperature": 0.0,
        "time": 1782050425000,
        "timestamp": "2026-06-21T14:00:25",
        "water_level": 0.06,
        "nearest_tide_timestamp": "2026-06-21T14:00:00",
        "tide_correction": 3.005
      }
    },
    {
      "type": "Feature",
      "geometry": {
        "type": "Point",
        "coordinates": [
          8.336540000000001,
          44.16195166666667
        ]
      },
      "properties": {
        "longtitude": 8.336540000000001,
        "depth": 3.195,
        "temperature": 0.0,
        "time": 1782050426000,
        "timestamp": "2026-06-21T14:00:26",
        "water_level": 0.06,
        "nearest_tide_timestamp": "2026-06-21T14:00:00",
        "tide_correction": 3.255
      }
    },
    {
      "type": "Feature",
      "geometry": {
        "type": "Point",
        "coordinates": [
          8.336546666666667,
          44.161955000000006
        ]
      },
      "properties": {
        "longtitude": 8.336546666666667,
        "depth": 3.237,
        "temperature": 0.0,
        "time": 1782050427000,
        "timestamp": "2026-06-21T14:00:27",
        "water_level": 0.06,
        "nearest_tide_timestamp": "2026-06-21T14:00:00",
        "tide_correction": 3.297
      }
    },
    {
      "type": "Feature",
      "geometry": {
        "type": "Point",
        "coordinates": [
          8.336553333333335,
          44.16195666666668
        ]
      },
      "properties": {
        "longtitude": 8.336553333333335,
        "depth": 3.299,
        "temperature": 0.0,
        "time": 1782050428000,
        "timestamp": "2026-06-21T14:00:28",
        "water_level": 0.06,
        "nearest_tide_timestamp": "2026-06-21T14:00:00",
        "tide_correction": 3.359
      }
    },
    {
      "type": "Feature",
      "geometry": {
        "type": "Point",
        "coordinates": [
          8.336558333333333,
          44.16195833333333
        ]
      },
      "properties": {
        "longtitude": 8.336558333333333,
        "depth": 3.133,
        "temperature": 0.0,
        "time": 1782050429000,
        "timestamp": "2026-06-21T14:00:29",
        "water_level": 0.06,
        "nearest_tide_timestamp": "2026-06-21T14:00:00",
        "tide_correction": 3.193
      }
    },
    {
      "type": "Feature",
      "geometry": {
        "type": "Point",
        "coordinates": [
          8.336561666666666,
          44.16196166666667
        ]
      },
      "properties": {
        "longtitude": 8.336561666666666,
        "depth": 3.205,
        "temperature": 0.0,
        "time": 1782050430000,
        "timestamp": "2026-06-21T14:00:30",
        "water_level": 0.06,
        "nearest_tide_timestamp": "2026-06-21T14:00:00",
        "tide_correction": 3.265
      }
    },
    {
      "type": "Feature",
      "geometry": {
        "type": "Point",
        "coordinates": [
          8.336563333333334,
          44.161966666666665
        ]
      },
      "properties": {
        "longtitude": 8.336563333333334,
        "depth": 3.185,
        "temperature": 0.0,
        "time": 1782050431000,
        "timestamp": "2026-06-21T14:00:31",
        "water_level": 0.06,
        "nearest_tide_timestamp": "2026-06-21T14:00:00",
        "tide_correction": 3.245
      }
    },
    {
      "type": "Feature",
      "geometry": {
        "type": "Point",
        "coordinates": [
          8.336566666666666,
          44.16197166666667
        ]
      },
      "properties": {
        "longtitude": 8.336566666666666,
        "depth": 3.216,
        "temperature": 0.0,
        "time": 1782050432000,
        "timestamp": "2026-06-21T14:00:32",
        "water_level": 0.06,
        "nearest_tide_timestamp": "2026-06-21T14:00:00",
        "tide_correction": 3.2760000000000002
      }
    },
    {
      "type": "Feature",
      "geometry": {
        "type": "Point",
        "coordinates": [
          8.336568333333334,
          44.161975
        ]
      },
      "properties": {
        "longtitude": 8.336568333333334,
        "depth": 3.268,
        "temperature": 0.0,
        "time": 1782050433000,
        "timestamp": "2026-06-21T14:00:33",
        "water_level": 0.06,
        "nearest_tide_timestamp": "2026-06-21T14:00:00",
        "tide_correction": 3.328
      }
    },
    {
      "type": "Feature",
      "geometry": {
        "type": "Point",
        "coordinates": [
          8.336571666666666,
          44.16197833333334
        ]
      },
      "properties": {
        "longtitude": 8.336571666666666,
        "depth": 3.216,
        "temperature": 0.0,
        "time": 1782050434000,
        "timestamp": "2026-06-21T14:00:34",
        "water_level": 0.06,
        "nearest_tide_timestamp": "2026-06-21T14:00:00",
        "tide_correction": 3.2760000000000002
      }
    },
    {
      "type": "Feature",
      "geometry": {
        "type": "Point",
        "coordinates": [
          8.336576666666668,
          44.16198166666666
        ]
      },
      "properties": {
        "longtitude": 8.336576666666668,
        "depth": 3.361,
        "temperature": 0.0,
        "time": 1782050435000,
        "timestamp": "2026-06-21T14:00:35",
        "water_level": 0.06,
        "nearest_tide_timestamp": "2026-06-21T14:00:00",
        "tide_correction": 3.4210000000000003
      }
    },
    {
      "type": "Feature",
      "geometry": {
        "type": "Point",
        "coordinates": [
          8.336583333333333,
          44.16198333333333
        ]
      },
      "properties": {
        "longtitude": 8.336583333333333,
        "depth": 3.091,
        "temperature": 0.0,
        "time": 1782050436000,
        "timestamp": "2026-06-21T14:00:36",
        "water_level": 0.06,
        "nearest_tide_timestamp": "2026-06-21T14:00:00",
        "tide_correction": 3.1510000000000002
      }
    },
    {
      "type": "Feature",
      "geometry": {
        "type": "Point",
        "coordinates": [
          8.336588333333333,
          44.16198666666666
        ]
      },
      "properties": {
        "longtitude": 8.336588333333333,
        "depth": 3.185,
        "temperature": 0.0,
        "time": 1782050437000,
        "timestamp": "2026-06-21T14:00:37",
        "water_level": 0.06,
        "nearest_tide_timestamp": "2026-06-21T14:00:00",
        "tide_correction": 3.245
      }
    },
    {
      "type": "Feature",
      "geometry": {
        "type": "Point",
        "coordinates": [
          8.336594999999999,
          44.16199333333334
        ]
      },
      "properties": {
        "longtitude": 8.336594999999999,
        "depth": 3.237,
        "temperature": 0.0,
        "time": 1782050438000,
        "timestamp": "2026-06-21T14:00:38",
        "water_level": 0.06,
        "nearest_tide_timestamp": "2026-06-21T14:00:00",
        "tide_correction": 3.297
      }
    },
    {
      "type": "Feature",
      "geometry": {
        "type": "Point",
        "coordinates": [
          8.3366,
          44.16199833333334
        ]
      },
      "properties": {
        "longtitude": 8.3366,
        "depth": 3.133,
        "temperature": 0.0,
        "time": 1782050439000,
        "timestamp": "2026-06-21T14:00:39",
        "water_level": 0.06,
        "nearest_tide_timestamp": "2026-06-21T14:00:00",
        "tide_correction": 3.193
      }
    },
    {
      "type": "Feature",
      "geometry": {
        "type": "Point",
        "coordinates": [
          8.336604999999999,
          44.162005
        ]
      },
      "properties": {
        "longtitude": 8.336604999999999,
        "depth": 3.008,
        "temperature": 0.0,
        "time": 1782050440000,
        "timestamp": "2026-06-21T14:00:40",
        "water_level": 0.06,
        "nearest_tide_timestamp": "2026-06-21T14:00:00",
        "tide_correction": 3.068
      }
    },
    {
      "type": "Feature",
      "geometry": {
        "type": "Point",
        "coordinates": [
          8.336611666666666,
          44.162011666666665
        ]
      },
      "properties": {
        "longtitude": 8.336611666666666,
        "depth": 3.32,
        "temperature": 0.0,
        "time": 1782050441000,
        "timestamp": "2026-06-21T14:00:41",
        "water_level": 0.06,
        "nearest_tide_timestamp": "2026-06-21T14:00:00",
        "tide_correction": 3.38
      }
    },
    {
      "type": "Feature",
      "geometry": {
        "type": "Point",
        "coordinates": [
          8.336616666666666,
          44.162015
        ]
      },
      "properties": {
        "longtitude": 8.336616666666666,
        "depth": 3.08,
        "temperature": 0.0,
        "time": 1782050442000,
        "timestamp": "2026-06-21T14:00:42",
        "water_level": 0.06,
        "nearest_tide_timestamp": "2026-06-21T14:00:00",
        "tide_correction": 3.14
      }
    },
    {
      "type": "Feature",
      "geometry": {
        "type": "Point",
        "coordinates": [
          8.336621666666668,
          44.16201833333333
        ]
      },
      "properties": {
        "longtitude": 8.336621666666668,
        "depth": 3.205,
        "temperature": 0.0,
        "time": 1782050443000,
        "timestamp": "2026-06-21T14:00:43",
        "water_level": 0.06,
        "nearest_tide_timestamp": "2026-06-21T14:00:00",
        "tide_correction": 3.265
      }
    },
    {
      "type": "Feature",
      "geometry": {
        "type": "Point",
        "coordinates": [
          8.336625,
          44.16202499999999
        ]
      },
      "properties": {
        "longtitude": 8.336625,
        "depth": 3.309,
        "temperature": 0.0,
        "time": 1782050444000,
        "timestamp": "2026-06-21T14:00:44",
        "water_level": 0.06,
        "nearest_tide_timestamp": "2026-06-21T14:00:00",
        "tide_correction": 3.369
      }
    },
    {
      "type": "Feature",
      "geometry": {
        "type": "Point",
        "coordinates": [
          8.336628333333334,
          44.16203
        ]
      },
      "properties": {
        "longtitude": 8.336628333333334,
        "depth": 3.33,
        "temperature": 0.0,
        "time": 1782050445000,
        "timestamp": "2026-06-21T14:00:45",
        "water_level": 0.06,
        "nearest_tide_timestamp": "2026-06-21T14:00:00",
        "tide_correction": 3.39
      }
    },
    {
      "type": "Feature",
      "geometry": {
        "type": "Point",
        "coordinates": [
          8.336633333333333,
          44.16203666666667
        ]
      },
      "properties": {
        "longtitude": 8.336633333333333,
        "depth": 3.413,
        "temperature": 0.0,
        "time": 1782050446000,
        "timestamp": "2026-06-21T14:00:46",
        "water_level": 0.06,
        "nearest_tide_timestamp": "2026-06-21T14:00:00",
        "tide_correction": 3.473
      }
    },
    {
      "type": "Feature",
      "geometry": {
        "type": "Point",
        "coordinates": [
          8.33664,
          44.162045000000006
        ]
      },
      "properties": {
        "longtitude": 8.33664,
        "depth": 3.361,
        "temperature": 0.0,
        "time": 1782050447000,
        "timestamp": "2026-06-21T14:00:47",
        "water_level": 0.06,
        "nearest_tide_timestamp": "2026-06-21T14:00:00",
        "tide_correction": 3.4210000000000003
      }
    },
    {
      "type": "Feature",
      "geometry": {
        "type": "Point",
        "coordinates": [
          8.336641666666667,
          44.16205333333334
        ]
      },
      "properties": {
        "longtitude": 8.336641666666667,
        "depth": 3.393,
        "temperature": 0.0,
        "time": 1782050448000,
        "timestamp": "2026-06-21T14:00:48",
        "water_level": 0.06,
        "nearest_tide_timestamp": "2026-06-21T14:00:00",
        "tide_correction": 3.453
      }
    },
    {
      "type": "Feature",
      "geometry": {
        "type": "Point",
        "coordinates": [
          8.336645,
          44.16206166666666
        ]
      },
      "properties": {
        "longtitude": 8.336645,
        "depth": 3.351,
        "temperature": 0.0,
        "time": 1782050449000,
        "timestamp": "2026-06-21T14:00:49",
        "water_level": 0.06,
        "nearest_tide_timestamp": "2026-06-21T14:00:00",
        "tide_correction": 3.411
      }
    },
    {
      "type": "Feature",
      "geometry": {
        "type": "Point",
        "coordinates": [
          8.336649999999999,
          44.16206666666667
        ]
      },
      "properties": {
        "longtitude": 8.336649999999999,
        "depth": 3.382,
        "temperature": 0.0,
        "time": 1782050450000,
        "timestamp": "2026-06-21T14:00:50",
        "water_level": 0.06,
        "nearest_tide_timestamp": "2026-06-21T14:00:00",
        "tide_correction": 3.442
      }
    },
    {
      "type": "Feature",
      "geometry": {
        "type": "Point",
        "coordinates": [
          8.336651666666667,
          44.162075
        ]
      },
      "properties": {
        "longtitude": 8.336651666666667,
        "depth": 3.268,
        "temperature": 0.0,
        "time": 1782050451000,
        "timestamp": "2026-06-21T14:00:51",
        "water_level": 0.06,
        "nearest_tide_timestamp": "2026-06-21T14:00:00",
        "tide_correction": 3.328
      }
    },
    {
      "type": "Feature",
      "geometry": {
        "type": "Point",
        "coordinates": [
          8.336653333333334,
          44.16208
        ]
      },
      "properties": {
        "longtitude": 8.336653333333334,
        "depth": 3.247,
        "temperature": 0.0,
        "time": 1782050452000,
        "timestamp": "2026-06-21T14:00:52",
        "water_level": 0.06,
        "nearest_tide_timestamp": "2026-06-21T14:00:00",
        "tide_correction": 3.307
      }
    },
    {
      "type": "Feature",
      "geometry": {
        "type": "Point",
        "coordinates": [
          8.336655,
          44.16208833333334
        ]
      },
      "properties": {
        "longtitude": 8.336655,
        "depth": 3.018,
        "temperature": 0.0,
        "time": 1782050453000,
        "timestamp": "2026-06-21T14:00:53",
        "water_level": 0.06,
        "nearest_tide_timestamp": "2026-06-21T14:00:00",
        "tide_correction": 3.078
      }
    },
    {
      "type": "Feature",
      "geometry": {
        "type": "Point",
        "coordinates": [
          8.336658333333332,
          44.16209333333333
        ]
      },
      "properties": {
        "longtitude": 8.336658333333332,
        "depth": 3.06,
        "temperature": 0.0,
        "time": 1782050454000,
        "timestamp": "2026-06-21T14:00:54",
        "water_level": 0.06,
        "nearest_tide_timestamp": "2026-06-21T14:00:00",
        "tide_correction": 3.12
      }
    },
    {
      "type": "Feature",
      "geometry": {
        "type": "Point",
        "coordinates": [
          8.336656666666666,
          44.162095
        ]
      },
      "properties": {
        "longtitude": 8.336656666666666,
        "depth": 3.247,
        "temperature": 0.0,
        "time": 1782050455000,
        "timestamp": "2026-06-21T14:00:55",
        "water_level": 0.06,
        "nearest_tide_timestamp": "2026-06-21T14:00:00",
        "tide_correction": 3.307
      }
    },
    {
      "type": "Feature",
      "geometry": {
        "type": "Point",
        "coordinates": [
          8.336661666666666,
          44.16209666666667
        ]
      },
      "properties": {
        "longtitude": 8.336661666666666,
        "depth": 3.257,
        "temperature": 0.0,
        "time": 1782050456000,
        "timestamp": "2026-06-21T14:00:56",
        "water_level": 0.06,
        "nearest_tide_timestamp": "2026-06-21T14:00:00",
        "tide_correction": 3.317
      }
    },
    {
      "type": "Feature",
      "geometry": {
        "type": "Point",
        "coordinates": [
          8.33666,
          44.16209833333334
        ]
      },
      "properties": {
        "longtitude": 8.33666,
        "depth": 3.351,
        "temperature": 0.0,
        "time": 1782050457000,
        "timestamp": "2026-06-21T14:00:57",
        "water_level": 0.06,
        "nearest_tide_timestamp": "2026-06-21T14:00:00",
        "tide_correction": 3.411
      }
    },
    {
      "type": "Feature",
      "geometry": {
        "type": "Point",
        "coordinates": [
          8.336663333333332,
          44.162101666666665
        ]
      },
      "properties": {
        "longtitude": 8.336663333333332,
        "depth": 3.309,
        "temperature": 0.0,
        "time": 1782050458000,
        "timestamp": "2026-06-21T14:00:58",
        "water_level": 0.06,
        "nearest_tide_timestamp": "2026-06-21T14:00:00",
        "tide_correction": 3.369
      }
    },
    {
      "type": "Feature",
      "geometry": {
        "type": "Point",
        "coordinates": [
          8.336666666666668,
          44.16210666666666
        ]
      },
      "properties": {
        "longtitude": 8.336666666666668,
        "depth": 3.101,
        "temperature": 0.0,
        "time": 1782050459000,
        "timestamp": "2026-06-21T14:00:59",
        "water_level": 0.06,
        "nearest_tide_timestamp": "2026-06-21T14:00:00",
        "tide_correction": 3.161
      }
    },
    {
      "type": "Feature",
      "geometry": {
        "type": "Point",
        "coordinates": [
          8.336673333333332,
          44.16210833333333
        ]
      },
      "properties": {
        "longtitude": 8.336673333333332,
        "depth": 3.06,
        "temperature": 0.0,
        "time": 1782050460000,
        "timestamp": "2026-06-21T14:01:00",
        "water_level": 0.06,
        "nearest_tide_timestamp": "2026-06-21T14:00:00",
        "tide_correction": 3.12
      }
    },
    {
      "type": "Feature",
      "geometry": {
        "type": "Point",
        "coordinates": [
          8.336678333333333,
          44.16211
        ]
      },
      "properties": {
        "longtitude": 8.336678333333333,
        "depth": 3.101,
        "temperature": 0.0,
        "time": 1782050461000,
        "timestamp": "2026-06-21T14:01:01",
        "water_level": 0.06,
        "nearest_tide_timestamp": "2026-06-21T14:00:00",
        "tide_correction": 3.161
      }
    },
    {
      "type": "Feature",
      "geometry": {
        "type": "Point",
        "coordinates": [
          8.336681666666667,
          44.16211333333334
        ]
      },
      "properties": {
        "longtitude": 8.336681666666667,
        "depth": 3.351,
        "temperature": 0.0,
        "time": 1782050462000,
        "timestamp": "2026-06-21T14:01:02",
        "water_level": 0.06,
        "nearest_tide_timestamp": "2026-06-21T14:00:00",
        "tide_correction": 3.411
      }
    },
    {
      "type": "Feature",
      "geometry": {
        "type": "Point",
        "coordinates": [
          8.336688333333333,
          44.16211166666667
        ]
      },
      "properties": {
        "longtitude": 8.336688333333333,
        "depth": 3.257,
        "temperature": 0.0,
        "time": 1782050463000,
        "timestamp": "2026-06-21T14:01:03",
        "water_level": 0.06,
        "nearest_tide_timestamp": "2026-06-21T14:00:00",
        "tide_correction": 3.317
      }
    },
    {
      "type": "Feature",
      "geometry": {
        "type": "Point",
        "coordinates": [
          8.336696666666667,
          44.16210833333333
        ]
      },
      "properties": {
        "longtitude": 8.336696666666667,
        "depth": 3.133,
        "temperature": 0.0,
        "time": 1782050464000,
        "timestamp": "2026-06-21T14:01:04",
        "water_level": 0.06,
        "nearest_tide_timestamp": "2026-06-21T14:00:00",
        "tide_correction": 3.193
      }
    },
    {
      "type": "Feature",
      "geometry": {
        "type": "Point",
        "coordinates": [
          8.336701666666666,
          44.1621
        ]
      },
      "properties": {
        "longtitude": 8.336701666666666,
        "depth": 2.966,
        "temperature": 0.0,
        "time": 1782050465000,
        "timestamp": "2026-06-21T14:01:05",
        "water_level": 0.06,
        "nearest_tide_timestamp": "2026-06-21T14:00:00",
        "tide_correction": 3.0260000000000002
      }
    },
    {
      "type": "Feature",
      "geometry": {
        "type": "Point",
        "coordinates": [
          8.336703333333332,
          44.16210333333333
        ]
      },
      "properties": {
        "longtitude": 8.336703333333332,
        "depth": 2.893,
        "temperature": 0.0,
        "time": 1782050466000,
        "timestamp": "2026-06-21T14:01:06",
        "water_level": 0.06,
        "nearest_tide_timestamp": "2026-06-21T14:00:00",
        "tide_correction": 2.953
      }
    },
    {
      "type": "Feature",
      "geometry": {
        "type": "Point",
        "coordinates": [
          8.336708333333332,
          44.1621
        ]
      },
      "properties": {
        "longtitude": 8.336708333333332,
        "depth": 3.07,
        "temperature": 0.0,
        "time": 1782050467000,
        "timestamp": "2026-06-21T14:01:07",
        "water_level": 0.06,
        "nearest_tide_timestamp": "2026-06-21T14:00:00",
        "tide_correction": 3.13
      }
    },
    {
      "type": "Feature",
      "geometry": {
        "type": "Point",
        "coordinates": [
          8.336705,
          44.16209333333333
        ]
      },
      "properties": {
        "longtitude": 8.336705,
        "depth": 2.914,
        "temperature": 0.0,
        "time": 1782050468000,
        "timestamp": "2026-06-21T14:01:08",
        "water_level": 0.06,
        "nearest_tide_timestamp": "2026-06-21T14:00:00",
        "tide_correction": 2.974
      }
    },
    {
      "type": "Feature",
      "geometry": {
        "type": "Point",
        "coordinates": [
          8.336698333333334,
          44.16208833333334
        ]
      },
      "properties": {
        "longtitude": 8.336698333333334,
        "depth": 3.049,
        "temperature": 0.0,
        "time": 1782050469000,
        "timestamp": "2026-06-21T14:01:09",
        "water_level": 0.06,
        "nearest_tide_timestamp": "2026-06-21T14:00:00",
        "tide_correction": 3.109
      }
    },
    {
      "type": "Feature",
      "geometry": {
        "type": "Point",
        "coordinates": [
          8.336693333333333,
          44.162085
        ]
      },
      "properties": {
        "longtitude": 8.336693333333333,
        "depth": 2.852,
        "temperature": 0.0,
        "time": 1782050470000,
        "timestamp": "2026-06-21T14:01:10",
        "water_level": 0.06,
        "nearest_tide_timestamp": "2026-06-21T14:00:00",
        "tide_correction": 2.912
      }
    },
    {
      "type": "Feature",
      "geometry": {
        "type": "Point",
        "coordinates": [
          8.336686666666667,
          44.16208
        ]
      },
      "properties": {
        "longtitude": 8.336686666666667,
        "depth": 3.164,
        "temperature": 0.0,
        "time": 1782050471000,
        "timestamp": "2026-06-21T14:01:11",
        "water_level": 0.06,
        "nearest_tide_timestamp": "2026-06-21T14:00:00",
        "tide_correction": 3.224
      }
    },
    {
      "type": "Feature",
      "geometry": {
        "type": "Point",
        "coordinates": [
          8.336678333333333,
          44.162078333333326
        ]
      },
      "properties": {
        "longtitude": 8.336678333333333,
        "depth": 3.185,
        "temperature": 0.0,
        "time": 1782050472000,
        "timestamp": "2026-06-21T14:01:12",
        "water_level": 0.06,
        "nearest_tide_timestamp": "2026-06-21T14:00:00",
        "tide_correction": 3.245
      }
    },
    {
      "type": "Feature",
      "geometry": {
        "type": "Point",
        "coordinates": [
          8.336666666666668,
          44.16207666666666
        ]
      },
      "properties": {
        "longtitude": 8.336666666666668,
        "depth": 3.112,
        "temperature": 0.0,
        "time": 1782050473000,
        "timestamp": "2026-06-21T14:01:13",
        "water_level": 0.06,
        "nearest_tide_timestamp": "2026-06-21T14:00:00",
        "tide_correction": 3.172
      }
    },
    {
      "type": "Feature",
      "geometry": {
        "type": "Point",
        "coordinates": [
          8.33666,
          44.16207666666666
        ]
      },
      "properties": {
        "longtitude": 8.33666,
        "depth": 3.164,
        "temperature": 0.0,
        "time": 1782050474000,
        "timestamp": "2026-06-21T14:01:14",
        "water_level": 0.06,
        "nearest_tide_timestamp": "2026-06-21T14:00:00",
        "tide_correction": 3.224
      }
    },
    {
      "type": "Feature",
      "geometry": {
        "type": "Point",
        "coordinates": [
          8.336651666666667,
          44.16207166666666
        ]
      },
      "properties": {
        "longtitude": 8.336651666666667,
        "depth": 3.122,
        "temperature": 0.0,
        "time": 1782050475000,
        "timestamp": "2026-06-21T14:01:15",
        "water_level": 0.06,
        "nearest_tide_timestamp": "2026-06-21T14:00:00",
        "tide_correction": 3.182
      }
    },
    {
      "type": "Feature",
      "geometry": {
        "type": "Point",
        "coordinates": [
          8.336645,
          44.16207166666666
        ]
      },
      "properties": {
        "longtitude": 8.336645,
        "depth": 3.028,
        "temperature": 0.0,
        "time": 1782050476000,
        "timestamp": "2026-06-21T14:01:16",
        "water_level": 0.06,
        "nearest_tide_timestamp": "2026-06-21T14:00:00",
        "tide_correction": 3.088
      }
    },
    {
      "type": "Feature",
      "geometry": {
        "type": "Point",
        "coordinates": [
          8.336638333333333,
          44.16207333333333
        ]
      },
      "properties": {
        "longtitude": 8.336638333333333,
        "depth": 3.153,
        "temperature": 0.0,
        "time": 1782050477000,
        "timestamp": "2026-06-21T14:01:17",
        "water_level": 0.06,
        "nearest_tide_timestamp": "2026-06-21T14:00:00",
        "tide_correction": 3.213
      }
    },
    {
      "type": "Feature",
      "geometry": {
        "type": "Point",
        "coordinates": [
          8.336633333333333,
          44.16207333333333
        ]
      },
      "properties": {
        "longtitude": 8.336633333333333,
        "depth": 3.237,
        "temperature": 0.0,
        "time": 1782050478000,
        "timestamp": "2026-06-21T14:01:18",
        "water_level": 0.06,
        "nearest_tide_timestamp": "2026-06-21T14:00:00",
        "tide_correction": 3.297
      }
    },
    {
      "type": "Feature",
      "geometry": {
        "type": "Point",
        "coordinates": [
          8.336631666666667,
          44.16207333333333
        ]
      },
      "properties": {
        "longtitude": 8.336631666666667,
        "depth": 3.226,
        "temperature": 0.0,
        "time": 1782050479000,
        "timestamp": "2026-06-21T14:01:19",
        "water_level": 0.06,
        "nearest_tide_timestamp": "2026-06-21T14:00:00",
        "tide_correction": 3.286
      }
    },
    {
      "type": "Feature",
      "geometry": {
        "type": "Point",
        "coordinates": [
          8.336630000000001,
          44.16207166666666
        ]
      },
      "properties": {
        "longtitude": 8.336630000000001,
        "depth": 3.268,
        "temperature": 0.0,
        "time": 1782050480000,
        "timestamp": "2026-06-21T14:01:20",
        "water_level": 0.06,
        "nearest_tide_timestamp": "2026-06-21T14:00:00",
        "tide_correction": 3.328
      }
    },
    {
      "type": "Feature",
      "geometry": {
        "type": "Point",
        "coordinates": [
          8.336626666666666,
          44.16206999999999
        ]
      },
      "properties": {
        "longtitude": 8.336626666666666,
        "depth": 3.164,
        "temperature": 0.0,
        "time": 1782050481000,
        "timestamp": "2026-06-21T14:01:21",
        "water_level": 0.06,
        "nearest_tide_timestamp": "2026-06-21T14:00:00",
        "tide_correction": 3.224
      }
    },
    {
      "type": "Feature",
      "geometry": {
        "type": "Point",
        "coordinates": [
          8.336623333333334,
          44.16206999999999
        ]
      },
      "properties": {
        "longtitude": 8.336623333333334,
        "depth": 3.08,
        "temperature": 0.0,
        "time": 1782050482000,
        "timestamp": "2026-06-21T14:01:22",
        "water_level": 0.06,
        "nearest_tide_timestamp": "2026-06-21T14:00:00",
        "tide_correction": 3.14
      }
    },
    {
      "type": "Feature",
      "geometry": {
        "type": "Point",
        "coordinates": [
          8.336616666666666,
          44.16206833333334
        ]
      },
      "properties": {
        "longtitude": 8.336616666666666,
        "depth": 3.174,
        "temperature": 0.0,
        "time": 1782050483000,
        "timestamp": "2026-06-21T14:01:23",
        "water_level": 0.06,
        "nearest_tide_timestamp": "2026-06-21T14:00:00",
        "tide_correction": 3.234
      }
    },
    {
      "type": "Feature",
      "geometry": {
        "type": "Point",
        "coordinates": [
          8.336611666666666,
          44.16206666666667
        ]
      },
      "properties": {
        "longtitude": 8.336611666666666,
        "depth": 3.195,
        "temperature": 0.0,
        "time": 1782050484000,
        "timestamp": "2026-06-21T14:01:24",
        "water_level": 0.06,
        "nearest_tide_timestamp": "2026-06-21T14:00:00",
        "tide_correction": 3.255
      }
    },
    {
      "type": "Feature",
      "geometry": {
        "type": "Point",
        "coordinates": [
          8.336603333333333,
          44.16206666666667
        ]
      },
      "properties": {
        "longtitude": 8.336603333333333,
        "depth": 3.195,
        "temperature": 0.0,
        "time": 1782050485000,
        "timestamp": "2026-06-21T14:01:25",
        "water_level": 0.06,
        "nearest_tide_timestamp": "2026-06-21T14:00:00",
        "tide_correction": 3.255
      }
    },
    {
      "type": "Feature",
      "geometry": {
        "type": "Point",
        "coordinates": [
          8.336594999999999,
          44.16206666666667
        ]
      },
      "properties": {
        "longtitude": 8.336594999999999,
        "depth": 3.122,
        "temperature": 0.0,
        "time": 1782050486000,
        "timestamp": "2026-06-21T14:01:26",
        "water_level": 0.06,
        "nearest_tide_timestamp": "2026-06-21T14:00:00",
        "tide_correction": 3.182
      }
    },
    {
      "type": "Feature",
      "geometry": {
        "type": "Point",
        "coordinates": [
          8.336586666666667,
          44.162065
        ]
      },
      "properties": {
        "longtitude": 8.336586666666667,
        "depth": 3.133,
        "temperature": 0.0,
        "time": 1782050487000,
        "timestamp": "2026-06-21T14:01:27",
        "water_level": 0.06,
        "nearest_tide_timestamp": "2026-06-21T14:00:00",
        "tide_correction": 3.193
      }
    },
    {
      "type": "Feature",
      "geometry": {
        "type": "Point",
        "coordinates": [
          8.336578333333334,
          44.16206333333333
        ]
      },
      "properties": {
        "longtitude": 8.336578333333334,
        "depth": 2.966,
        "temperature": 0.0,
        "time": 1782050488000,
        "timestamp": "2026-06-21T14:01:28",
        "water_level": 0.06,
        "nearest_tide_timestamp": "2026-06-21T14:00:00",
        "tide_correction": 3.0260000000000002
      }
    },
    {
      "type": "Feature",
      "geometry": {
        "type": "Point",
        "coordinates": [
          8.336568333333334,
          44.16206333333333
        ]
      },
      "properties": {
        "longtitude": 8.336568333333334,
        "depth": 3.008,
        "temperature": 0.0,
        "time": 1782050489000,
        "timestamp": "2026-06-21T14:01:29",
        "water_level": 0.06,
        "nearest_tide_timestamp": "2026-06-21T14:00:00",
        "tide_correction": 3.068
      }
    },
    {
      "type": "Feature",
      "geometry": {
        "type": "Point",
        "coordinates": [
          8.336558333333333,
          44.16206166666666
        ]
      },
      "properties": {
        "longtitude": 8.336558333333333,
        "depth": 3.133,
        "temperature": 0.0,
        "time": 1782050490000,
        "timestamp": "2026-06-21T14:01:30",
        "water_level": 0.06,
        "nearest_tide_timestamp": "2026-06-21T14:00:00",
        "tide_correction": 3.193
      }
    },
    {
      "type": "Feature",
      "geometry": {
        "type": "Point",
        "coordinates": [
          8.336549999999999,
          44.16206
        ]
      },
      "properties": {
        "longtitude": 8.336549999999999,
        "depth": 3.07,
        "temperature": 0.0,
        "time": 1782050491000,
        "timestamp": "2026-06-21T14:01:31",
        "water_level": 0.06,
        "nearest_tide_timestamp": "2026-06-21T14:00:00",
        "tide_correction": 3.13
      }
    },
    {
      "type": "Feature",
      "geometry": {
        "type": "Point",
        "coordinates": [
          8.336540000000001,
          44.16206
        ]
      },
      "properties": {
        "longtitude": 8.336540000000001,
        "depth": 3.049,
        "temperature": 0.0,
        "time": 1782050492000,
        "timestamp": "2026-06-21T14:01:32",
        "water_level": 0.06,
        "nearest_tide_timestamp": "2026-06-21T14:00:00",
        "tide_correction": 3.109
      }
    },
    {
      "type": "Feature",
      "geometry": {
        "type": "Point",
        "coordinates": [
          8.33653,
          44.16205833333333
        ]
      },
      "properties": {
        "longtitude": 8.33653,
        "depth": 2.935,
        "temperature": 0.0,
        "time": 1782050493000,
        "timestamp": "2026-06-21T14:01:33",
        "water_level": 0.06,
        "nearest_tide_timestamp": "2026-06-21T14:00:00",
        "tide_correction": 2.995
      }
    },
    {
      "type": "Feature",
      "geometry": {
        "type": "Point",
        "coordinates": [
          8.336521666666666,
          44.16205833333333
        ]
      },
      "properties": {
        "longtitude": 8.336521666666666,
        "depth": 3.018,
        "temperature": 0.0,
        "time": 1782050494000,
        "timestamp": "2026-06-21T14:01:34",
        "water_level": 0.06,
        "nearest_tide_timestamp": "2026-06-21T14:00:00",
        "tide_correction": 3.078
      }
    },
    {
      "type": "Feature",
      "geometry": {
        "type": "Point",
        "coordinates": [
          8.336511666666667,
          44.162055
        ]
      },
      "properties": {
        "longtitude": 8.336511666666667,
        "depth": 2.935,
        "temperature": 0.0,
        "time": 1782050495000,
        "timestamp": "2026-06-21T14:01:35",
        "water_level": 0.06,
        "nearest_tide_timestamp": "2026-06-21T14:00:00",
        "tide_correction": 2.995
      }
    },
    {
      "type": "Feature",
      "geometry": {
        "type": "Point",
        "coordinates": [
          8.336504999999999,
          44.16205333333334
        ]
      },
      "properties": {
        "longtitude": 8.336504999999999,
        "depth": 3.049,
        "temperature": 0.0,
        "time": 1782050496000,
        "timestamp": "2026-06-21T14:01:36",
        "water_level": 0.06,
        "nearest_tide_timestamp": "2026-06-21T14:00:00",
        "tide_correction": 3.109
      }
    },
    {
      "type": "Feature",
      "geometry": {
        "type": "Point",
        "coordinates": [
          8.336495000000001,
          44.16205333333334
        ]
      },
      "properties": {
        "longtitude": 8.336495000000001,
        "depth": 2.966,
        "temperature": 0.0,
        "time": 1782050497000,
        "timestamp": "2026-06-21T14:01:37",
        "water_level": 0.06,
        "nearest_tide_timestamp": "2026-06-21T14:00:00",
        "tide_correction": 3.0260000000000002
      }
    },
    {
      "type": "Feature",
      "geometry": {
        "type": "Point",
        "coordinates": [
          8.336486666666667,
          44.16205166666667
        ]
      },
      "properties": {
        "longtitude": 8.336486666666667,
        "depth": 3.039,
        "temperature": 0.0,
        "time": 1782050498000,
        "timestamp": "2026-06-21T14:01:38",
        "water_level": 0.06,
        "nearest_tide_timestamp": "2026-06-21T14:00:00",
        "tide_correction": 3.099
      }
    },
    {
      "type": "Feature",
      "geometry": {
        "type": "Point",
        "coordinates": [
          8.33648,
          44.16205
        ]
      },
      "properties": {
        "longtitude": 8.33648,
        "depth": 3.06,
        "temperature": 0.0,
        "time": 1782050499000,
        "timestamp": "2026-06-21T14:01:39",
        "water_level": 0.06,
        "nearest_tide_timestamp": "2026-06-21T14:00:00",
        "tide_correction": 3.12
      }
    },
    {
      "type": "Feature",
      "geometry": {
        "type": "Point",
        "coordinates": [
          8.336471666666666,
          44.16204833333333
        ]
      },
      "properties": {
        "longtitude": 8.336471666666666,
        "depth": 3.028,
        "temperature": 0.0,
        "time": 1782050500000,
        "timestamp": "2026-06-21T14:01:40",
        "water_level": 0.06,
        "nearest_tide_timestamp": "2026-06-21T14:00:00",
        "tide_correction": 3.088
      }
    },
    {
      "type": "Feature",
      "geometry": {
        "type": "Point",
        "coordinates": [
          8.336465,
          44.16205166666667
        ]
      },
      "properties": {
        "longtitude": 8.336465,
        "depth": 2.862,
        "temperature": 0.0,
        "time": 1782050501000,
        "timestamp": "2026-06-21T14:01:41",
        "water_level": 0.06,
        "nearest_tide_timestamp": "2026-06-21T14:00:00",
        "tide_correction": 2.922
      }
    },
    {
      "type": "Feature",
      "geometry": {
        "type": "Point",
        "coordinates": [
          8.336456666666667,
          44.16205
        ]
      },
      "properties": {
        "longtitude": 8.336456666666667,
        "depth": 2.914,
        "temperature": 0.0,
        "time": 1782050502000,
        "timestamp": "2026-06-21T14:01:42",
        "water_level": 0.06,
        "nearest_tide_timestamp": "2026-06-21T14:00:00",
        "tide_correction": 2.974
      }
    },
    {
      "type": "Feature",
      "geometry": {
        "type": "Point",
        "coordinates": [
          8.336448333333333,
          44.16205333333334
        ]
      },
      "properties": {
        "longtitude": 8.336448333333333,
        "depth": 2.799,
        "temperature": 0.0,
        "time": 1782050503000,
        "timestamp": "2026-06-21T14:01:43",
        "water_level": 0.06,
        "nearest_tide_timestamp": "2026-06-21T14:00:00",
        "tide_correction": 2.859
      }
    },
    {
      "type": "Feature",
      "geometry": {
        "type": "Point",
        "coordinates": [
          8.336440000000001,
          44.16205333333334
        ]
      },
      "properties": {
        "longtitude": 8.336440000000001,
        "depth": 2.789,
        "temperature": 0.0,
        "time": 1782050504000,
        "timestamp": "2026-06-21T14:01:44",
        "water_level": 0.06,
        "nearest_tide_timestamp": "2026-06-21T14:00:00",
        "tide_correction": 2.849
      }
    },
    {
      "type": "Feature",
      "geometry": {
        "type": "Point",
        "coordinates": [
          8.336431666666666,
          44.16205333333334
        ]
      },
      "properties": {
        "longtitude": 8.336431666666666,
        "depth": 2.831,
        "temperature": 0.0,
        "time": 1782050505000,
        "timestamp": "2026-06-21T14:01:45",
        "water_level": 0.06,
        "nearest_tide_timestamp": "2026-06-21T14:00:00",
        "tide_correction": 2.891
      }
    },
    {
      "type": "Feature",
      "geometry": {
        "type": "Point",
        "coordinates": [
          8.336425,
          44.16205333333334
        ]
      },
      "properties": {
        "longtitude": 8.336425,
        "depth": 2.779,
        "temperature": 0.0,
        "time": 1782050506000,
        "timestamp": "2026-06-21T14:01:46",
        "water_level": 0.06,
        "nearest_tide_timestamp": "2026-06-21T14:00:00",
        "tide_correction": 2.839
      }
    },
    {
      "type": "Feature",
      "geometry": {
        "type": "Point",
        "coordinates": [
          8.336418333333334,
          44.16205333333334
        ]
      },
      "properties": {
        "longtitude": 8.336418333333334,
        "depth": 2.675,
        "temperature": 0.0,
        "time": 1782050507000,
        "timestamp": "2026-06-21T14:01:47",
        "water_level": 0.06,
        "nearest_tide_timestamp": "2026-06-21T14:00:00",
        "tide_correction": 2.735
      }
    },
    {
      "type": "Feature",
      "geometry": {
        "type": "Point",
        "coordinates": [
          8.336413333333333,
          44.16205166666667
        ]
      },
      "properties": {
        "longtitude": 8.336413333333333,
        "depth": 2.727,
        "temperature": 0.0,
        "time": 1782050508000,
        "timestamp": "2026-06-21T14:01:48",
        "water_level": 0.06,
        "nearest_tide_timestamp": "2026-06-21T14:00:00",
        "tide_correction": 2.787
      }
    },
    {
      "type": "Feature",
      "geometry": {
        "type": "Point",
        "coordinates": [
          8.336403333333333,
          44.16205166666667
        ]
      },
      "properties": {
        "longtitude": 8.336403333333333,
        "depth": 2.487,
        "temperature": 0.0,
        "time": 1782050509000,
        "timestamp": "2026-06-21T14:01:49",
        "water_level": 0.06,
        "nearest_tide_timestamp": "2026-06-21T14:00:00",
        "tide_correction": 2.547
      }
    },
    {
      "type": "Feature",
      "geometry": {
        "type": "Point",
        "coordinates": [
          8.336396666666667,
          44.16205333333334
        ]
      },
      "properties": {
        "longtitude": 8.336396666666667,
        "depth": 2.675,
        "temperature": 0.0,
        "time": 1782050510000,
        "timestamp": "2026-06-21T14:01:50",
        "water_level": 0.06,
        "nearest_tide_timestamp": "2026-06-21T14:00:00",
        "tide_correction": 2.735
      }
    },
    {
      "type": "Feature",
      "geometry": {
        "type": "Point",
        "coordinates": [
          8.336388333333334,
          44.16205166666667
        ]
      },
      "properties": {
        "longtitude": 8.336388333333334,
        "depth": 2.508,
        "temperature": 0.0,
        "time": 1782050511000,
        "timestamp": "2026-06-21T14:01:51",
        "water_level": 0.06,
        "nearest_tide_timestamp": "2026-06-21T14:00:00",
        "tide_correction": 2.568
      }
    },
    {
      "type": "Feature",
      "geometry": {
        "type": "Point",
        "coordinates": [
          8.33638,
          44.16205166666667
        ]
      },
      "properties": {
        "longtitude": 8.33638,
        "depth": 2.539,
        "temperature": 0.0,
        "time": 1782050512000,
        "timestamp": "2026-06-21T14:01:52",
        "water_level": 0.06,
        "nearest_tide_timestamp": "2026-06-21T14:00:00",
        "tide_correction": 2.599
      }
    },
    {
      "type": "Feature",
      "geometry": {
        "type": "Point",
        "coordinates": [
          8.336375,
          44.16204833333333
        ]
      },
      "properties": {
        "longtitude": 8.336375,
        "depth": 2.571,
        "temperature": 0.0,
        "time": 1782050513000,
        "timestamp": "2026-06-21T14:01:53",
        "water_level": 0.06,
        "nearest_tide_timestamp": "2026-06-21T14:00:00",
        "tide_correction": 2.6310000000000002
      }
    },
    {
      "type": "Feature",
      "geometry": {
        "type": "Point",
        "coordinates": [
          8.336368333333333,
          44.162045000000006
        ]
      },
      "properties": {
        "longtitude": 8.336368333333333,
        "depth": 2.716,
        "temperature": 0.0,
        "time": 1782050514000,
        "timestamp": "2026-06-21T14:01:54",
        "water_level": 0.06,
        "nearest_tide_timestamp": "2026-06-21T14:00:00",
        "tide_correction": 2.7760000000000002
      }
    },
    {
      "type": "Feature",
      "geometry": {
        "type": "Point",
        "coordinates": [
          8.336361666666667,
          44.162045000000006
        ]
      },
      "properties": {
        "longtitude": 8.336361666666667,
        "depth": 2.675,
        "temperature": 0.0,
        "time": 1782050515000,
        "timestamp": "2026-06-21T14:01:55",
        "water_level": 0.06,
        "nearest_tide_timestamp": "2026-06-21T14:00:00",
        "tide_correction": 2.735
      }
    },
    {
      "type": "Feature",
      "geometry": {
        "type": "Point",
        "coordinates": [
          8.336355,
          44.16204333333334
        ]
      },
      "properties": {
        "longtitude": 8.336355,
        "depth": 2.695,
        "temperature": 0.0,
        "time": 1782050516000,
        "timestamp": "2026-06-21T14:01:56",
        "water_level": 0.06,
        "nearest_tide_timestamp": "2026-06-21T14:00:00",
        "tide_correction": 2.755
      }
    },
    {
      "type": "Feature",
      "geometry": {
        "type": "Point",
        "coordinates": [
          8.336350000000001,
          44.16204166666667
        ]
      },
      "properties": {
        "longtitude": 8.336350000000001,
        "depth": 2.831,
        "temperature": 0.0,
        "time": 1782050517000,
        "timestamp": "2026-06-21T14:01:57",
        "water_level": 0.06,
        "nearest_tide_timestamp": "2026-06-21T14:00:00",
        "tide_correction": 2.891
      }
    },
    {
      "type": "Feature",
      "geometry": {
        "type": "Point",
        "coordinates": [
          8.33634,
          44.16204333333334
        ]
      },
      "properties": {
        "longtitude": 8.33634,
        "depth": 2.768,
        "temperature": 0.0,
        "time": 1782050518000,
        "timestamp": "2026-06-21T14:01:58",
        "water_level": 0.06,
        "nearest_tide_timestamp": "2026-06-21T14:00:00",
        "tide_correction": 2.828
      }
    },
    {
      "type": "Feature",
      "geometry": {
        "type": "Point",
        "coordinates": [
          8.336335,
          44.16204166666667
        ]
      },
      "properties": {
        "longtitude": 8.336335,
        "depth": 2.82,
        "temperature": 0.0,
        "time": 1782050519000,
        "timestamp": "2026-06-21T14:01:59",
        "water_level": 0.06,
        "nearest_tide_timestamp": "2026-06-21T14:00:00",
        "tide_correction": 2.88
      }
    },
    {
      "type": "Feature",
      "geometry": {
        "type": "Point",
        "coordinates": [
          8.336328333333334,
          44.16204166666667
        ]
      },
      "properties": {
        "longtitude": 8.336328333333334,
        "depth": 2.727,
        "temperature": 0.0,
        "time": 1782050520000,
        "timestamp": "2026-06-21T14:02:00",
        "water_level": 0.06,
        "nearest_tide_timestamp": "2026-06-21T14:00:00",
        "tide_correction": 2.787
      }
    },
    {
      "type": "Feature",
      "geometry": {
        "type": "Point",
        "coordinates": [
          8.336323333333333,
          44.16204166666667
        ]
      },
      "properties": {
        "longtitude": 8.336323333333333,
        "depth": 2.571,
        "temperature": 0.0,
        "time": 1782050521000,
        "timestamp": "2026-06-21T14:02:01",
        "water_level": 0.06,
        "nearest_tide_timestamp": "2026-06-21T14:00:00",
        "tide_correction": 2.6310000000000002
      }
    },
    {
      "type": "Feature",
      "geometry": {
        "type": "Point",
        "coordinates": [
          8.336316666666667,
          44.16204
        ]
      },
      "properties": {
        "longtitude": 8.336316666666667,
        "depth": 2.425,
        "temperature": 0.0,
        "time": 1782050522000,
        "timestamp": "2026-06-21T14:02:02",
        "water_level": 0.06,
        "nearest_tide_timestamp": "2026-06-21T14:00:00",
        "tide_correction": 2.485
      }
    },
    {
      "type": "Feature",
      "geometry": {
        "type": "Point",
        "coordinates": [
          8.336311666666667,
          44.16203666666667
        ]
      },
      "properties": {
        "longtitude": 8.336311666666667,
        "depth": 2.342,
        "temperature": 0.0,
        "time": 1782050523000,
        "timestamp": "2026-06-21T14:02:03",
        "water_level": 0.06,
        "nearest_tide_timestamp": "2026-06-21T14:00:00",
        "tide_correction": 2.402
      }
    },
    {
      "type": "Feature",
      "geometry": {
        "type": "Point",
        "coordinates": [
          8.336303333333332,
          44.16203666666667
        ]
      },
      "properties": {
        "longtitude": 8.336303333333332,
        "depth": 2.643,
        "temperature": 0.0,
        "time": 1782050524000,
        "timestamp": "2026-06-21T14:02:04",
        "water_level": 0.06,
        "nearest_tide_timestamp": "2026-06-21T14:00:00",
        "tide_correction": 2.703
      }
    },
    {
      "type": "Feature",
      "geometry": {
        "type": "Point",
        "coordinates": [
          8.336296666666668,
          44.162035
        ]
      },
      "properties": {
        "longtitude": 8.336296666666668,
        "depth": 2.466,
        "temperature": 0.0,
        "time": 1782050525000,
        "timestamp": "2026-06-21T14:02:05",
        "water_level": 0.06,
        "nearest_tide_timestamp": "2026-06-21T14:00:00",
        "tide_correction": 2.5260000000000002
      }
    },
    {
      "type": "Feature",
      "geometry": {
        "type": "Point",
        "coordinates": [
          8.33629,
          44.162033333333326
        ]
      },
      "properties": {
        "longtitude": 8.33629,
        "depth": 2.31,
        "temperature": 0.0,
        "time": 1782050526000,
        "timestamp": "2026-06-21T14:02:06",
        "water_level": 0.06,
        "nearest_tide_timestamp": "2026-06-21T14:00:00",
        "tide_correction": 2.37
      }
    },
    {
      "type": "Feature",
      "geometry": {
        "type": "Point",
        "coordinates": [
          8.336285,
          44.16203
        ]
      },
      "properties": {
        "longtitude": 8.336285,
        "depth": 2.383,
        "temperature": 0.0,
        "time": 1782050527000,
        "timestamp": "2026-06-21T14:02:07",
        "water_level": 0.06,
        "nearest_tide_timestamp": "2026-06-21T14:00:00",
        "tide_correction": 2.443
      }
    },
    {
      "type": "Feature",
      "geometry": {
        "type": "Point",
        "coordinates": [
          8.336279999999999,
          44.16202833333333
        ]
      },
      "properties": {
        "longtitude": 8.336279999999999,
        "depth": 2.144,
        "temperature": 0.0,
        "time": 1782050528000,
        "timestamp": "2026-06-21T14:02:08",
        "water_level": 0.06,
        "nearest_tide_timestamp": "2026-06-21T14:00:00",
        "tide_correction": 2.204
      }
    },
    {
      "type": "Feature",
      "geometry": {
        "type": "Point",
        "coordinates": [
          8.336273333333333,
          44.16202499999999
        ]
      },
      "properties": {
        "longtitude": 8.336273333333333,
        "depth": 2.009,
        "temperature": 0.0,
        "time": 1782050529000,
        "timestamp": "2026-06-21T14:02:09",
        "water_level": 0.06,
        "nearest_tide_timestamp": "2026-06-21T14:00:00",
        "tide_correction": 2.069
      }
    },
    {
      "type": "Feature",
      "geometry": {
        "type": "Point",
        "coordinates": [
          8.336266666666667,
          44.16202166666667
        ]
      },
      "properties": {
        "longtitude": 8.336266666666667,
        "depth": 1.998,
        "temperature": 0.0,
        "time": 1782050530000,
        "timestamp": "2026-06-21T14:02:10",
        "water_level": 0.06,
        "nearest_tide_timestamp": "2026-06-21T14:00:00",
        "tide_correction": 2.058
      }
    },
    {
      "type": "Feature",
      "geometry": {
        "type": "Point",
        "coordinates": [
          8.336260000000001,
          44.16201833333333
        ]
      },
      "properties": {
        "longtitude": 8.336260000000001,
        "depth": 1.946,
        "temperature": 0.0,
        "time": 1782050531000,
        "timestamp": "2026-06-21T14:02:11",
        "water_level": 0.06,
        "nearest_tide_timestamp": "2026-06-21T14:00:00",
        "tide_correction": 2.006
      }
    },
    {
      "type": "Feature",
      "geometry": {
        "type": "Point",
        "coordinates": [
          8.336253333333334,
          44.16201666666666
        ]
      },
      "properties": {
        "longtitude": 8.336253333333334,
        "depth": 1.957,
        "temperature": 0.0,
        "time": 1782050532000,
        "timestamp": "2026-06-21T14:02:12",
        "water_level": 0.06,
        "nearest_tide_timestamp": "2026-06-21T14:00:00",
        "tide_correction": 2.017
      }
    },
    {
      "type": "Feature",
      "geometry": {
        "type": "Point",
        "coordinates": [
          8.336246666666666,
          44.162011666666665
        ]
      },
      "properties": {
        "longtitude": 8.336246666666666,
        "depth": 2.238,
        "temperature": 0.0,
        "time": 1782050533000,
        "timestamp": "2026-06-21T14:02:13",
        "water_level": 0.06,
        "nearest_tide_timestamp": "2026-06-21T14:00:00",
        "tide_correction": 2.298
      }
    },
    {
      "type": "Feature",
      "geometry": {
        "type": "Point",
        "coordinates": [
          8.33624,
          44.16201
        ]
      },
      "properties": {
        "longtitude": 8.33624,
        "depth": 2.3,
        "temperature": 0.0,
        "time": 1782050534000,
        "timestamp": "2026-06-21T14:02:14",
        "water_level": 0.06,
        "nearest_tide_timestamp": "2026-06-21T14:00:00",
        "tide_correction": 2.36
      }
    },
    {
      "type": "Feature",
      "geometry": {
        "type": "Point",
        "coordinates": [
          8.336233333333332,
          44.16200666666667
        ]
      },
      "properties": {
        "longtitude": 8.336233333333332,
        "depth": 2.217,
        "temperature": 0.0,
        "time": 1782050535000,
        "timestamp": "2026-06-21T14:02:15",
        "water_level": 0.06,
        "nearest_tide_timestamp": "2026-06-21T14:00:00",
        "tide_correction": 2.277
      }
    },
    {
      "type": "Feature",
      "geometry": {
        "type": "Point",
        "coordinates": [
          8.336228333333334,
          44.16200166666666
        ]
      },
      "properties": {
        "longtitude": 8.336228333333334,
        "depth": 2.29,
        "temperature": 0.0,
        "time": 1782050536000,
        "timestamp": "2026-06-21T14:02:16",
        "water_level": 0.06,
        "nearest_tide_timestamp": "2026-06-21T14:00:00",
        "tide_correction": 2.35
      }
    },
    {
      "type": "Feature",
      "geometry": {
        "type": "Point",
        "coordinates": [
          8.336225,
          44.16199666666667
        ]
      },
      "properties": {
        "longtitude": 8.336225,
        "depth": 2.04,
        "temperature": 0.0,
        "time": 1782050537000,
        "timestamp": "2026-06-21T14:02:17",
        "water_level": 0.06,
        "nearest_tide_timestamp": "2026-06-21T14:00:00",
        "tide_correction": 2.1
      }
    },
    {
      "type": "Feature",
      "geometry": {
        "type": "Point",
        "coordinates": [
          8.336216666666667,
          44.16199333333334
        ]
      },
      "properties": {
        "longtitude": 8.336216666666667,
        "depth": 1.977,
        "temperature": 0.0,
        "time": 1782050538000,
        "timestamp": "2026-06-21T14:02:18",
        "water_level": 0.06,
        "nearest_tide_timestamp": "2026-06-21T14:00:00",
        "tide_correction": 2.037
      }
    },
    {
      "type": "Feature",
      "geometry": {
        "type": "Point",
        "coordinates": [
          8.336211666666665,
          44.16199
        ]
      },
      "properties": {
        "longtitude": 8.336211666666665,
        "depth": 2.185,
        "temperature": 0.0,
        "time": 1782050539000,
        "timestamp": "2026-06-21T14:02:19",
        "water_level": 0.06,
        "nearest_tide_timestamp": "2026-06-21T14:00:00",
        "tide_correction": 2.245
      }
    },
    {
      "type": "Feature",
      "geometry": {
        "type": "Point",
        "coordinates": [
          8.336205,
          44.161985
        ]
      },
      "properties": {
        "longtitude": 8.336205,
        "depth": 2.081,
        "temperature": 0.0,
        "time": 1782050540000,
        "timestamp": "2026-06-21T14:02:20",
        "water_level": 0.06,
        "nearest_tide_timestamp": "2026-06-21T14:00:00",
        "tide_correction": 2.141
      }
    },
    {
      "type": "Feature",
      "geometry": {
        "type": "Point",
        "coordinates": [
          8.336198333333334,
          44.16198333333333
        ]
      },
      "properties": {
        "longtitude": 8.336198333333334,
        "depth": 2.009,
        "temperature": 0.0,
        "time": 1782050541000,
        "timestamp": "2026-06-21T14:02:21",
        "water_level": 0.06,
        "nearest_tide_timestamp": "2026-06-21T14:00:00",
        "tide_correction": 2.069
      }
    },
    {
      "type": "Feature",
      "geometry": {
        "type": "Point",
        "coordinates": [
          8.336195,
          44.16197999999999
        ]
      },
      "properties": {
        "longtitude": 8.336195,
        "depth": 2.154,
        "temperature": 0.0,
        "time": 1782050542000,
        "timestamp": "2026-06-21T14:02:22",
        "water_level": 0.06,
        "nearest_tide_timestamp": "2026-06-21T14:00:00",
        "tide_correction": 2.214
      }
    },
    {
      "type": "Feature",
      "geometry": {
        "type": "Point",
        "coordinates": [
          8.336188333333332,
          44.16197666666667
        ]
      },
      "properties": {
        "longtitude": 8.336188333333332,
        "depth": 2.123,
        "temperature": 0.0,
        "time": 1782050543000,
        "timestamp": "2026-06-21T14:02:23",
        "water_level": 0.06,
        "nearest_tide_timestamp": "2026-06-21T14:00:00",
        "tide_correction": 2.1830000000000003
      }
    },
    {
      "type": "Feature",
      "geometry": {
        "type": "Point",
        "coordinates": [
          8.336181666666667,
          44.161975
        ]
      },
      "properties": {
        "longtitude": 8.336181666666667,
        "depth": 2.061,
        "temperature": 0.0,
        "time": 1782050544000,
        "timestamp": "2026-06-21T14:02:24",
        "water_level": 0.06,
        "nearest_tide_timestamp": "2026-06-21T14:00:00",
        "tide_correction": 2.121
      }
    },
    {
      "type": "Feature",
      "geometry": {
        "type": "Point",
        "coordinates": [
          8.336176666666667,
          44.16197333333333
        ]
      },
      "properties": {
        "longtitude": 8.336176666666667,
        "depth": 1.832,
        "temperature": 0.0,
        "time": 1782050545000,
        "timestamp": "2026-06-21T14:02:25",
        "water_level": 0.06,
        "nearest_tide_timestamp": "2026-06-21T14:00:00",
        "tide_correction": 1.8920000000000001
      }
    },
    {
      "type": "Feature",
      "geometry": {
        "type": "Point",
        "coordinates": [
          8.336170000000001,
          44.16197
        ]
      },
      "properties": {
        "longtitude": 8.336170000000001,
        "depth": 2.009,
        "temperature": 0.0,
        "time": 1782050546000,
        "timestamp": "2026-06-21T14:02:26",
        "water_level": 0.06,
        "nearest_tide_timestamp": "2026-06-21T14:00:00",
        "tide_correction": 2.069
      }
    },
    {
      "type": "Feature",
      "geometry": {
        "type": "Point",
        "coordinates": [
          8.336163333333333,
          44.16196833333333
        ]
      },
      "properties": {
        "longtitude": 8.336163333333333,
        "depth": 1.988,
        "temperature": 0.0,
        "time": 1782050547000,
        "timestamp": "2026-06-21T14:02:27",
        "water_level": 0.06,
        "nearest_tide_timestamp": "2026-06-21T14:00:00",
        "tide_correction": 2.048
      }
    },
    {
      "type": "Feature",
      "geometry": {
        "type": "Point",
        "coordinates": [
          8.336156666666666,
          44.161966666666665
        ]
      },
      "properties": {
        "longtitude": 8.336156666666666,
        "depth": 1.988,
        "temperature": 0.0,
        "time": 1782050548000,
        "timestamp": "2026-06-21T14:02:28",
        "water_level": 0.06,
        "nearest_tide_timestamp": "2026-06-21T14:00:00",
        "tide_correction": 2.048
      }
    },
    {
      "type": "Feature",
      "geometry": {
        "type": "Point",
        "coordinates": [
          8.336148333333334,
          44.16196333333334
        ]
      },
      "properties": {
        "longtitude": 8.336148333333334,
        "depth": 2.217,
        "temperature": 0.0,
        "time": 1782050549000,
        "timestamp": "2026-06-21T14:02:29",
        "water_level": 0.06,
        "nearest_tide_timestamp": "2026-06-21T14:00:00",
        "tide_correction": 2.277
      }
    },
    {
      "type": "Feature",
      "geometry": {
        "type": "Point",
        "coordinates": [
          8.336143333333332,
          44.16196166666667
        ]
      },
      "properties": {
        "longtitude": 8.336143333333332,
        "depth": 2.123,
        "temperature": 0.0,
        "time": 1782050550000,
        "timestamp": "2026-06-21T14:02:30",
        "water_level": 0.06,
        "nearest_tide_timestamp": "2026-06-21T14:00:00",
        "tide_correction": 2.1830000000000003
      }
    },
    {
      "type": "Feature",
      "geometry": {
        "type": "Point",
        "coordinates": [
          8.336138333333334,
          44.16195666666668
        ]
      },
      "properties": {
        "longtitude": 8.336138333333334,
        "depth": 2.123,
        "temperature": 0.0,
        "time": 1782050551000,
        "timestamp": "2026-06-21T14:02:31",
        "water_level": 0.06,
        "nearest_tide_timestamp": "2026-06-21T14:00:00",
        "tide_correction": 2.1830000000000003
      }
    },
    {
      "type": "Feature",
      "geometry": {
        "type": "Point",
        "coordinates": [
          8.336131666666667,
          44.161955000000006
        ]
      },
      "properties": {
        "longtitude": 8.336131666666667,
        "depth": 1.873,
        "temperature": 0.0,
        "time": 1782050552000,
        "timestamp": "2026-06-21T14:02:32",
        "water_level": 0.06,
        "nearest_tide_timestamp": "2026-06-21T14:00:00",
        "tide_correction": 1.933
      }
    },
    {
      "type": "Feature",
      "geometry": {
        "type": "Point",
        "coordinates": [
          8.336125000000001,
          44.16195333333334
        ]
      },
      "properties": {
        "longtitude": 8.336125000000001,
        "depth": 2.019,
        "temperature": 0.0,
        "time": 1782050553000,
        "timestamp": "2026-06-21T14:02:33",
        "water_level": 0.06,
        "nearest_tide_timestamp": "2026-06-21T14:00:00",
        "tide_correction": 2.079
      }
    },
    {
      "type": "Feature",
      "geometry": {
        "type": "Point",
        "coordinates": [
          8.33612,
          44.16195
        ]
      },
      "properties": {
        "longtitude": 8.33612,
        "depth": 2.133,
        "temperature": 0.0,
        "time": 1782050554000,
        "timestamp": "2026-06-21T14:02:34",
        "water_level": 0.06,
        "nearest_tide_timestamp": "2026-06-21T14:00:00",
        "tide_correction": 2.193
      }
    },
    {
      "type": "Feature",
      "geometry": {
        "type": "Point",
        "coordinates": [
          8.336113333333333,
          44.16194833333334
        ]
      },
      "properties": {
        "longtitude": 8.336113333333333,
        "depth": 2.154,
        "temperature": 0.0,
        "time": 1782050555000,
        "timestamp": "2026-06-21T14:02:35",
        "water_level": 0.06,
        "nearest_tide_timestamp": "2026-06-21T14:00:00",
        "tide_correction": 2.214
      }
    },
    {
      "type": "Feature",
      "geometry": {
        "type": "Point",
        "coordinates": [
          8.336105,
          44.161945
        ]
      },
      "properties": {
        "longtitude": 8.336105,
        "depth": 2.227,
        "temperature": 0.0,
        "time": 1782050556000,
        "timestamp": "2026-06-21T14:02:36",
        "water_level": 0.06,
        "nearest_tide_timestamp": "2026-06-21T14:00:00",
        "tide_correction": 2.287
      }
    },
    {
      "type": "Feature",
      "geometry": {
        "type": "Point",
        "coordinates": [
          8.336096666666666,
          44.16194166666667
        ]
      },
      "properties": {
        "longtitude": 8.336096666666666,
        "depth": 2.133,
        "temperature": 0.0,
        "time": 1782050557000,
        "timestamp": "2026-06-21T14:02:37",
        "water_level": 0.06,
        "nearest_tide_timestamp": "2026-06-21T14:00:00",
        "tide_correction": 2.193
      }
    },
    {
      "type": "Feature",
      "geometry": {
        "type": "Point",
        "coordinates": [
          8.336088333333333,
          44.16194
        ]
      },
      "properties": {
        "longtitude": 8.336088333333333,
        "depth": 2.123,
        "temperature": 0.0,
        "time": 1782050558000,
        "timestamp": "2026-06-21T14:02:38",
        "water_level": 0.06,
        "nearest_tide_timestamp": "2026-06-21T14:00:00",
        "tide_correction": 2.1830000000000003
      }
    },
    {
      "type": "Feature",
      "geometry": {
        "type": "Point",
        "coordinates": [
          8.33608,
          44.16193666666666
        ]
      },
      "properties": {
        "longtitude": 8.33608,
        "depth": 2.3,
        "temperature": 0.0,
        "time": 1782050559000,
        "timestamp": "2026-06-21T14:02:39",
        "water_level": 0.06,
        "nearest_tide_timestamp": "2026-06-21T14:00:00",
        "tide_correction": 2.36
      }
    },
    {
      "type": "Feature",
      "geometry": {
        "type": "Point",
        "coordinates": [
          8.336073333333333,
          44.16193333333334
        ]
      },
      "properties": {
        "longtitude": 8.336073333333333,
        "depth": 2.123,
        "temperature": 0.0,
        "time": 1782050560000,
        "timestamp": "2026-06-21T14:02:40",
        "water_level": 0.06,
        "nearest_tide_timestamp": "2026-06-21T14:00:00",
        "tide_correction": 2.1830000000000003
      }
    },
    {
      "type": "Feature",
      "geometry": {
        "type": "Point",
        "coordinates": [
          8.336063333333334,
          44.16193166666667
        ]
      },
      "properties": {
        "longtitude": 8.336063333333334,
        "depth": 2.206,
        "temperature": 0.0,
        "time": 1782050561000,
        "timestamp": "2026-06-21T14:02:41",
        "water_level": 0.06,
        "nearest_tide_timestamp": "2026-06-21T14:00:00",
        "tide_correction": 2.266
      }
    },
    {
      "type": "Feature",
      "geometry": {
        "type": "Point",
        "coordinates": [
          8.336055,
          44.16192833333333
        ]
      },
      "properties": {
        "longtitude": 8.336055,
        "depth": 2.248,
        "temperature": 0.0,
        "time": 1782050562000,
        "timestamp": "2026-06-21T14:02:42",
        "water_level": 0.06,
        "nearest_tide_timestamp": "2026-06-21T14:00:00",
        "tide_correction": 2.3080000000000003
      }
    },
    {
      "type": "Feature",
      "geometry": {
        "type": "Point",
        "coordinates": [
          8.336051666666666,
          44.161925
        ]
      },
      "properties": {
        "longtitude": 8.336051666666666,
        "depth": 1.998,
        "temperature": 0.0,
        "time": 1782050563000,
        "timestamp": "2026-06-21T14:02:43",
        "water_level": 0.06,
        "nearest_tide_timestamp": "2026-06-21T14:00:00",
        "tide_correction": 2.058
      }
    },
    {
      "type": "Feature",
      "geometry": {
        "type": "Point",
        "coordinates": [
          8.336046666666666,
          44.16192333333333
        ]
      },
      "properties": {
        "longtitude": 8.336046666666666,
        "depth": 2.113,
        "temperature": 0.0,
        "time": 1782050564000,
        "timestamp": "2026-06-21T14:02:44",
        "water_level": 0.06,
        "nearest_tide_timestamp": "2026-06-21T14:00:00",
        "tide_correction": 2.173
      }
    },
    {
      "type": "Feature",
      "geometry": {
        "type": "Point",
        "coordinates": [
          8.336041666666667,
          44.16192
        ]
      },
      "properties": {
        "longtitude": 8.336041666666667,
        "depth": 2.144,
        "temperature": 0.0,
        "time": 1782050565000,
        "timestamp": "2026-06-21T14:02:45",
        "water_level": 0.06,
        "nearest_tide_timestamp": "2026-06-21T14:00:00",
        "tide_correction": 2.204
      }
    },
    {
      "type": "Feature",
      "geometry": {
        "type": "Point",
        "coordinates": [
          8.336033333333335,
          44.16191666666667
        ]
      },
      "properties": {
        "longtitude": 8.336033333333335,
        "depth": 2.133,
        "temperature": 0.0,
        "time": 1782050566000,
        "timestamp": "2026-06-21T14:02:46",
        "water_level": 0.06,
        "nearest_tide_timestamp": "2026-06-21T14:00:00",
        "tide_correction": 2.193
      }
    },
    {
      "type": "Feature",
      "geometry": {
        "type": "Point",
        "coordinates": [
          8.336026666666667,
          44.16191166666668
        ]
      },
      "properties": {
        "longtitude": 8.336026666666667,
        "depth": 2.154,
        "temperature": 0.0,
        "time": 1782050567000,
        "timestamp": "2026-06-21T14:02:47",
        "water_level": 0.06,
        "nearest_tide_timestamp": "2026-06-21T14:00:00",
        "tide_correction": 2.214
      }
    },
    {
      "type": "Feature",
      "geometry": {
        "type": "Point",
        "coordinates": [
          8.336021666666666,
          44.161910000000006
        ]
      },
      "properties": {
        "longtitude": 8.336021666666666,
        "depth": 2.165,
        "temperature": 0.0,
        "time": 1782050568000,
        "timestamp": "2026-06-21T14:02:48",
        "water_level": 0.06,
        "nearest_tide_timestamp": "2026-06-21T14:00:00",
        "tide_correction": 2.225
      }
    },
    {
      "type": "Feature",
      "geometry": {
        "type": "Point",
        "coordinates": [
          8.336015,
          44.161905
        ]
      },
      "properties": {
        "longtitude": 8.336015,
        "depth": 1.946,
        "temperature": 0.0,
        "time": 1782050569000,
        "timestamp": "2026-06-21T14:02:49",
        "water_level": 0.06,
        "nearest_tide_timestamp": "2026-06-21T14:00:00",
        "tide_correction": 2.006
      }
    },
    {
      "type": "Feature",
      "geometry": {
        "type": "Point",
        "coordinates": [
          8.336008333333332,
          44.16190166666667
        ]
      },
      "properties": {
        "longtitude": 8.336008333333332,
        "depth": 2.331,
        "temperature": 0.0,
        "time": 1782050570000,
        "timestamp": "2026-06-21T14:02:50",
        "water_level": 0.06,
        "nearest_tide_timestamp": "2026-06-21T14:00:00",
        "tide_correction": 2.391
      }
    },
    {
      "type": "Feature",
      "geometry": {
        "type": "Point",
        "coordinates": [
          8.336003333333334,
          44.161898333333326
        ]
      },
      "properties": {
        "longtitude": 8.336003333333334,
        "depth": 2.331,
        "temperature": 0.0,
        "time": 1782050571000,
        "timestamp": "2026-06-21T14:02:51",
        "water_level": 0.06,
        "nearest_tide_timestamp": "2026-06-21T14:00:00",
        "tide_correction": 2.391
      }
    },
    {
      "type": "Feature",
      "geometry": {
        "type": "Point",
        "coordinates": [
          8.335998333333333,
          44.161895
        ]
      },
      "properties": {
        "longtitude": 8.335998333333333,
        "depth": 2.487,
        "temperature": 0.0,
        "time": 1782050572000,
        "timestamp": "2026-06-21T14:02:52",
        "water_level": 0.06,
        "nearest_tide_timestamp": "2026-06-21T14:00:00",
        "tide_correction": 2.547
      }
    },
    {
      "type": "Feature",
      "geometry": {
        "type": "Point",
        "coordinates": [
          8.335991666666667,
          44.16189166666666
        ]
      },
      "properties": {
        "longtitude": 8.335991666666667,
        "depth": 2.373,
        "temperature": 0.0,
        "time": 1782050573000,
        "timestamp": "2026-06-21T14:02:53",
        "water_level": 0.06,
        "nearest_tide_timestamp": "2026-06-21T14:00:00",
        "tide_correction": 2.4330000000000003
      }
    },
    {
      "type": "Feature",
      "geometry": {
        "type": "Point",
        "coordinates": [
          8.335984999999999,
          44.16188999999999
        ]
      },
      "properties": {
        "longtitude": 8.335984999999999,
        "depth": 2.477,
        "temperature": 0.0,
        "time": 1782050574000,
        "timestamp": "2026-06-21T14:02:54",
        "water_level": 0.06,
        "nearest_tide_timestamp": "2026-06-21T14:00:00",
        "tide_correction": 2.537
      }
    },
    {
      "type": "Feature",
      "geometry": {
        "type": "Point",
        "coordinates": [
          8.335978333333333,
          44.161885
        ]
      },
      "properties": {
        "longtitude": 8.335978333333333,
        "depth": 2.331,
        "temperature": 0.0,
        "time": 1782050575000,
        "timestamp": "2026-06-21T14:02:55",
        "water_level": 0.06,
        "nearest_tide_timestamp": "2026-06-21T14:00:00",
        "tide_correction": 2.391
      }
    },
    {
      "type": "Feature",
      "geometry": {
        "type": "Point",
        "coordinates": [
          8.335971666666667,
          44.16188166666667
        ]
      },
      "properties": {
        "longtitude": 8.335971666666667,
        "depth": 2.206,
        "temperature": 0.0,
        "time": 1782050576000,
        "timestamp": "2026-06-21T14:02:56",
        "water_level": 0.06,
        "nearest_tide_timestamp": "2026-06-21T14:00:00",
        "tide_correction": 2.266
      }
    },
    {
      "type": "Feature",
      "geometry": {
        "type": "Point",
        "coordinates": [
          8.335966666666668,
          44.16188
        ]
      },
      "properties": {
        "longtitude": 8.335966666666668,
        "depth": 2.227,
        "temperature": 0.0,
        "time": 1782050577000,
        "timestamp": "2026-06-21T14:02:57",
        "water_level": 0.06,
        "nearest_tide_timestamp": "2026-06-21T14:00:00",
        "tide_correction": 2.287
      }
    },
    {
      "type": "Feature",
      "geometry": {
        "type": "Point",
        "coordinates": [
          8.335961666666666,
          44.16187666666666
        ]
      },
      "properties": {
        "longtitude": 8.335961666666666,
        "depth": 2.071,
        "temperature": 0.0,
        "time": 1782050578000,
        "timestamp": "2026-06-21T14:02:58",
        "water_level": 0.06,
        "nearest_tide_timestamp": "2026-06-21T14:00:00",
        "tide_correction": 2.1310000000000002
      }
    },
    {
      "type": "Feature",
      "geometry": {
        "type": "Point",
        "coordinates": [
          8.335956666666668,
          44.161875
        ]
      },
      "properties": {
        "longtitude": 8.335956666666668,
        "depth": 2.05,
        "temperature": 0.0,
        "time": 1782050579000,
        "timestamp": "2026-06-21T14:02:59",
        "water_level": 0.06,
        "nearest_tide_timestamp": "2026-06-21T14:00:00",
        "tide_correction": 2.11
      }
    },
    {
      "type": "Feature",
      "geometry": {
        "type": "Point",
        "coordinates": [
          8.33595,
          44.16187166666667
        ]
      },
      "properties": {
        "longtitude": 8.33595,
        "depth": 1.717,
        "temperature": 0.0,
        "time": 1782050580000,
        "timestamp": "2026-06-21T14:03:00",
        "water_level": 0.06,
        "nearest_tide_timestamp": "2026-06-21T14:00:00",
        "tide_correction": 1.7770000000000001
      }
    },
    {
      "type": "Feature",
      "geometry": {
        "type": "Point",
        "coordinates": [
          8.335945,
          44.16186833333333
        ]
      },
      "properties": {
        "longtitude": 8.335945,
        "depth": 1.832,
        "temperature": 0.0,
        "time": 1782050581000,
        "timestamp": "2026-06-21T14:03:01",
        "water_level": 0.06,
        "nearest_tide_timestamp": "2026-06-21T14:00:00",
        "tide_correction": 1.8920000000000001
      }
    },
    {
      "type": "Feature",
      "geometry": {
        "type": "Point",
        "coordinates": [
          8.335938333333333,
          44.161863333333336
        ]
      },
      "properties": {
        "longtitude": 8.335938333333333,
        "depth": 1.998,
        "temperature": 0.0,
        "time": 1782050582000,
        "timestamp": "2026-06-21T14:03:02",
        "water_level": 0.06,
        "nearest_tide_timestamp": "2026-06-21T14:00:00",
        "tide_correction": 2.058
      }
    },
    {
      "type": "Feature",
      "geometry": {
        "type": "Point",
        "coordinates": [
          8.335935000000001,
          44.16186
        ]
      },
      "properties": {
        "longtitude": 8.335935000000001,
        "depth": 2.331,
        "temperature": 0.0,
        "time": 1782050583000,
        "timestamp": "2026-06-21T14:03:03",
        "water_level": 0.06,
        "nearest_tide_timestamp": "2026-06-21T14:00:00",
        "tide_correction": 2.391
      }
    },
    {
      "type": "Feature",
      "geometry": {
        "type": "Point",
        "coordinates": [
          8.33593,
          44.161855
        ]
      },
      "properties": {
        "longtitude": 8.33593,
        "depth": 2.321,
        "temperature": 0.0,
        "time": 1782050584000,
        "timestamp": "2026-06-21T14:03:04",
        "water_level": 0.06,
        "nearest_tide_timestamp": "2026-06-21T14:00:00",
        "tide_correction": 2.3810000000000002
      }
    },
    {
      "type": "Feature",
      "geometry": {
        "type": "Point",
        "coordinates": [
          8.335925,
          44.161853333333326
        ]
      },
      "properties": {
        "longtitude": 8.335925,
        "depth": 2.113,
        "temperature": 0.0,
        "time": 1782050585000,
        "timestamp": "2026-06-21T14:03:05",
        "water_level": 0.06,
        "nearest_tide_timestamp": "2026-06-21T14:00:00",
        "tide_correction": 2.173
      }
    },
    {
      "type": "Feature",
      "geometry": {
        "type": "Point",
        "coordinates": [
          8.335921666666668,
          44.16185
        ]
      },
      "properties": {
        "longtitude": 8.335921666666668,
        "depth": 2.227,
        "temperature": 0.0,
        "time": 1782050586000,
        "timestamp": "2026-06-21T14:03:06",
        "water_level": 0.06,
        "nearest_tide_timestamp": "2026-06-21T14:00:00",
        "tide_correction": 2.287
      }
    },
    {
      "type": "Feature",
      "geometry": {
        "type": "Point",
        "coordinates": [
          8.335921666666668,
          44.16184833333333
        ]
      },
      "properties": {
        "longtitude": 8.335921666666668,
        "depth": 2.217,
        "temperature": 0.0,
        "time": 1782050587000,
        "timestamp": "2026-06-21T14:03:07",
        "water_level": 0.06,
        "nearest_tide_timestamp": "2026-06-21T14:00:00",
        "tide_correction": 2.277
      }
    },
    {
      "type": "Feature",
      "geometry": {
        "type": "Point",
        "coordinates": [
          8.33592,
          44.16184666666666
        ]
      },
      "properties": {
        "longtitude": 8.33592,
        "depth": 2.269,
        "temperature": 0.0,
        "time": 1782050588000,
        "timestamp": "2026-06-21T14:03:08",
        "water_level": 0.06,
        "nearest_tide_timestamp": "2026-06-21T14:00:00",
        "tide_correction": 2.329
      }
    },
    {
      "type": "Feature",
      "geometry": {
        "type": "Point",
        "coordinates": [
          8.335915,
          44.16184499999999
        ]
      },
      "properties": {
        "longtitude": 8.335915,
        "depth": 2.321,
        "temperature": 0.0,
        "time": 1782050589000,
        "timestamp": "2026-06-21T14:03:09",
        "water_level": 0.06,
        "nearest_tide_timestamp": "2026-06-21T14:00:00",
        "tide_correction": 2.3810000000000002
      }
    },
    {
      "type": "Feature",
      "geometry": {
        "type": "Point",
        "coordinates": [
          8.33591,
          44.16184499999999
        ]
      },
      "properties": {
        "longtitude": 8.33591,
        "depth": 2.321,
        "temperature": 0.0,
        "time": 1782050590000,
        "timestamp": "2026-06-21T14:03:10",
        "water_level": 0.06,
        "nearest_tide_timestamp": "2026-06-21T14:00:00",
        "tide_correction": 2.3810000000000002
      }
    },
    {
      "type": "Feature",
      "geometry": {
        "type": "Point",
        "coordinates": [
          8.335903333333333,
          44.16184166666667
        ]
      },
      "properties": {
        "longtitude": 8.335903333333333,
        "depth": 2.227,
        "temperature": 0.0,
        "time": 1782050591000,
        "timestamp": "2026-06-21T14:03:11",
        "water_level": 0.06,
        "nearest_tide_timestamp": "2026-06-21T14:00:00",
        "tide_correction": 2.287
      }
    },
    {
      "type": "Feature",
      "geometry": {
        "type": "Point",
        "coordinates": [
          8.335898333333335,
          44.16184166666667
        ]
      },
      "properties": {
        "longtitude": 8.335898333333335,
        "depth": 2.248,
        "temperature": 0.0,
        "time": 1782050592000,
        "timestamp": "2026-06-21T14:03:12",
        "water_level": 0.06,
        "nearest_tide_timestamp": "2026-06-21T14:00:00",
        "tide_correction": 2.3080000000000003
      }
    },
    {
      "type": "Feature",
      "geometry": {
        "type": "Point",
        "coordinates": [
          8.335890000000001,
          44.16183833333333
        ]
      },
      "properties": {
        "longtitude": 8.335890000000001,
        "depth": 2.258,
        "temperature": 0.0,
        "time": 1782050593000,
        "timestamp": "2026-06-21T14:03:13",
        "water_level": 0.06,
        "nearest_tide_timestamp": "2026-06-21T14:00:00",
        "tide_correction": 2.318
      }
    },
    {
      "type": "Feature",
      "geometry": {
        "type": "Point",
        "coordinates": [
          8.335885,
          44.161835
        ]
      },
      "properties": {
        "longtitude": 8.335885,
        "depth": 2.362,
        "temperature": 0.0,
        "time": 1782050594000,
        "timestamp": "2026-06-21T14:03:14",
        "water_level": 0.06,
        "nearest_tide_timestamp": "2026-06-21T14:00:00",
        "tide_correction": 2.422
      }
    },
    {
      "type": "Feature",
      "geometry": {
        "type": "Point",
        "coordinates": [
          8.335876666666667,
          44.16183333333333
        ]
      },
      "properties": {
        "longtitude": 8.335876666666667,
        "depth": 2.508,
        "temperature": 0.0,
        "time": 1782050595000,
        "timestamp": "2026-06-21T14:03:15",
        "water_level": 0.06,
        "nearest_tide_timestamp": "2026-06-21T14:00:00",
        "tide_correction": 2.568
      }
    },
    {
      "type": "Feature",
      "geometry": {
        "type": "Point",
        "coordinates": [
          8.33587,
          44.16183166666666
        ]
      },
      "properties": {
        "longtitude": 8.33587,
        "depth": 2.487,
        "temperature": 0.0,
        "time": 1782050596000,
        "timestamp": "2026-06-21T14:03:16",
        "water_level": 0.06,
        "nearest_tide_timestamp": "2026-06-21T14:00:00",
        "tide_correction": 2.547
      }
    },
    {
      "type": "Feature",
      "geometry": {
        "type": "Point",
        "coordinates": [
          8.335863333333332,
          44.16182833333334
        ]
      },
      "properties": {
        "longtitude": 8.335863333333332,
        "depth": 2.539,
        "temperature": 0.0,
        "time": 1782050597000,
        "timestamp": "2026-06-21T14:03:17",
        "water_level": 0.06,
        "nearest_tide_timestamp": "2026-06-21T14:00:00",
        "tide_correction": 2.599
      }
    },
    {
      "type": "Feature",
      "geometry": {
        "type": "Point",
        "coordinates": [
          8.335855,
          44.16182666666667
        ]
      },
      "properties": {
        "longtitude": 8.335855,
        "depth": 2.466,
        "temperature": 0.0,
        "time": 1782050598000,
        "timestamp": "2026-06-21T14:03:18",
        "water_level": 0.06,
        "nearest_tide_timestamp": "2026-06-21T14:00:00",
        "tide_correction": 2.5260000000000002
      }
    },
    {
      "type": "Feature",
      "geometry": {
        "type": "Point",
        "coordinates": [
          8.335848333333333,
          44.16182666666667
        ]
      },
      "properties": {
        "longtitude": 8.335848333333333,
        "depth": 2.508,
        "temperature": 0.0,
        "time": 1782050599000,
        "timestamp": "2026-06-21T14:03:19",
        "water_level": 0.06,
        "nearest_tide_timestamp": "2026-06-21T14:00:00",
        "tide_correction": 2.568
      }
    },
    {
      "type": "Feature",
      "geometry": {
        "type": "Point",
        "coordinates": [
          8.33584,
          44.161825
        ]
      },
      "properties": {
        "longtitude": 8.33584,
        "depth": 2.664,
        "temperature": 0.0,
        "time": 1782050600000,
        "timestamp": "2026-06-21T14:03:20",
        "water_level": 0.06,
        "nearest_tide_timestamp": "2026-06-21T14:00:00",
        "tide_correction": 2.724
      }
    },
    {
      "type": "Feature",
      "geometry": {
        "type": "Point",
        "coordinates": [
          8.335831666666667,
          44.16182333333333
        ]
      },
      "properties": {
        "longtitude": 8.335831666666667,
        "depth": 2.456,
        "temperature": 0.0,
        "time": 1782050601000,
        "timestamp": "2026-06-21T14:03:21",
        "water_level": 0.06,
        "nearest_tide_timestamp": "2026-06-21T14:00:00",
        "tide_correction": 2.516
      }
    },
    {
      "type": "Feature",
      "geometry": {
        "type": "Point",
        "coordinates": [
          8.335821666666668,
          44.16182166666668
        ]
      },
      "properties": {
        "longtitude": 8.335821666666668,
        "depth": 1.977,
        "temperature": 0.0,
        "time": 1782050602000,
        "timestamp": "2026-06-21T14:03:22",
        "water_level": 0.06,
        "nearest_tide_timestamp": "2026-06-21T14:00:00",
        "tide_correction": 2.037
      }
    },
    {
      "type": "Feature",
      "geometry": {
        "type": "Point",
        "coordinates": [
          8.335815,
          44.161818333333336
        ]
      },
      "properties": {
        "longtitude": 8.335815,
        "depth": 2.414,
        "temperature": 0.0,
        "time": 1782050603000,
        "timestamp": "2026-06-21T14:03:23",
        "water_level": 0.06,
        "nearest_tide_timestamp": "2026-06-21T14:00:00",
        "tide_correction": 2.474
      }
    },
    {
      "type": "Feature",
      "geometry": {
        "type": "Point",
        "coordinates": [
          8.335806666666667,
          44.16181666666667
        ]
      },
      "properties": {
        "longtitude": 8.335806666666667,
        "depth": 2.404,
        "temperature": 0.0,
        "time": 1782050604000,
        "timestamp": "2026-06-21T14:03:24",
        "water_level": 0.06,
        "nearest_tide_timestamp": "2026-06-21T14:00:00",
        "tide_correction": 2.464
      }
    },
    {
      "type": "Feature",
      "geometry": {
        "type": "Point",
        "coordinates": [
          8.3358,
          44.16181333333334
        ]
      },
      "properties": {
        "longtitude": 8.3358,
        "depth": 2.539,
        "temperature": 0.0,
        "time": 1782050605000,
        "timestamp": "2026-06-21T14:03:25",
        "water_level": 0.06,
        "nearest_tide_timestamp": "2026-06-21T14:00:00",
        "tide_correction": 2.599
      }
    },
    {
      "type": "Feature",
      "geometry": {
        "type": "Point",
        "coordinates": [
          8.335793333333333,
          44.16181166666667
        ]
      },
      "properties": {
        "longtitude": 8.335793333333333,
        "depth": 2.518,
        "temperature": 0.0,
        "time": 1782050606000,
        "timestamp": "2026-06-21T14:03:26",
        "water_level": 0.06,
        "nearest_tide_timestamp": "2026-06-21T14:00:00",
        "tide_correction": 2.578
      }
    },
    {
      "type": "Feature",
      "geometry": {
        "type": "Point",
        "coordinates": [
          8.335788333333333,
          44.16181
        ]
      },
      "properties": {
        "longtitude": 8.335788333333333,
        "depth": 2.591,
        "temperature": 0.0,
        "time": 1782050607000,
        "timestamp": "2026-06-21T14:03:27",
        "water_level": 0.06,
        "nearest_tide_timestamp": "2026-06-21T14:00:00",
        "tide_correction": 2.6510000000000002
      }
    },
    {
      "type": "Feature",
      "geometry": {
        "type": "Point",
        "coordinates": [
          8.335783333333334,
          44.161808333333326
        ]
      },
      "properties": {
        "longtitude": 8.335783333333334,
        "depth": 2.435,
        "temperature": 0.0,
        "time": 1782050608000,
        "timestamp": "2026-06-21T14:03:28",
        "water_level": 0.06,
        "nearest_tide_timestamp": "2026-06-21T14:00:00",
        "tide_correction": 2.495
      }
    },
    {
      "type": "Feature",
      "geometry": {
        "type": "Point",
        "coordinates": [
          8.335776666666668,
          44.161805
        ]
      },
      "properties": {
        "longtitude": 8.335776666666668,
        "depth": 2.362,
        "temperature": 0.0,
        "time": 1782050609000,
        "timestamp": "2026-06-21T14:03:29",
        "water_level": 0.06,
        "nearest_tide_timestamp": "2026-06-21T14:00:00",
        "tide_correction": 2.422
      }
    },
    {
      "type": "Feature",
      "geometry": {
        "type": "Point",
        "coordinates": [
          8.335771666666666,
          44.16180166666666
        ]
      },
      "properties": {
        "longtitude": 8.335771666666666,
        "depth": 2.352,
        "temperature": 0.0,
        "time": 1782050610000,
        "timestamp": "2026-06-21T14:03:30",
        "water_level": 0.06,
        "nearest_tide_timestamp": "2026-06-21T14:00:00",
        "tide_correction": 2.412
      }
    },
    {
      "type": "Feature",
      "geometry": {
        "type": "Point",
        "coordinates": [
          8.335766666666666,
          44.16180166666666
        ]
      },
      "properties": {
        "longtitude": 8.335766666666666,
        "depth": 2.612,
        "temperature": 0.0,
        "time": 1782050611000,
        "timestamp": "2026-06-21T14:03:31",
        "water_level": 0.06,
        "nearest_tide_timestamp": "2026-06-21T14:00:00",
        "tide_correction": 2.672
      }
    },
    {
      "type": "Feature",
      "geometry": {
        "type": "Point",
        "coordinates": [
          8.335759999999999,
          44.16179999999999
        ]
      },
      "properties": {
        "longtitude": 8.335759999999999,
        "depth": 2.518,
        "temperature": 0.0,
        "time": 1782050612000,
        "timestamp": "2026-06-21T14:03:32",
        "water_level": 0.06,
        "nearest_tide_timestamp": "2026-06-21T14:00:00",
        "tide_correction": 2.578
      }
    },
    {
      "type": "Feature",
      "geometry": {
        "type": "Point",
        "coordinates": [
          8.335753333333335,
          44.16179833333334
        ]
      },
      "properties": {
        "longtitude": 8.335753333333335,
        "depth": 2.477,
        "temperature": 0.0,
        "time": 1782050613000,
        "timestamp": "2026-06-21T14:03:33",
        "water_level": 0.06,
        "nearest_tide_timestamp": "2026-06-21T14:00:00",
        "tide_correction": 2.537
      }
    },
    {
      "type": "Feature",
      "geometry": {
        "type": "Point",
        "coordinates": [
          8.335746666666667,
          44.16179833333334
        ]
      },
      "properties": {
        "longtitude": 8.335746666666667,
        "depth": 2.435,
        "temperature": 0.0,
        "time": 1782050614000,
        "timestamp": "2026-06-21T14:03:34",
        "water_level": 0.06,
        "nearest_tide_timestamp": "2026-06-21T14:00:00",
        "tide_correction": 2.495
      }
    },
    {
      "type": "Feature",
      "geometry": {
        "type": "Point",
        "coordinates": [
          8.335736666666666,
          44.16179666666667
        ]
      },
      "properties": {
        "longtitude": 8.335736666666666,
        "depth": 2.414,
        "temperature": 0.0,
        "time": 1782050615000,
        "timestamp": "2026-06-21T14:03:35",
        "water_level": 0.06,
        "nearest_tide_timestamp": "2026-06-21T14:00:00",
        "tide_correction": 2.474
      }
    },
    {
      "type": "Feature",
      "geometry": {
        "type": "Point",
        "coordinates": [
          8.335730000000002,
          44.161795
        ]
      },
      "properties": {
        "longtitude": 8.335730000000002,
        "depth": 2.425,
        "temperature": 0.0,
        "time": 1782050616000,
        "timestamp": "2026-06-21T14:03:36",
        "water_level": 0.06,
        "nearest_tide_timestamp": "2026-06-21T14:00:00",
        "tide_correction": 2.485
      }
    },
    {
      "type": "Feature",
      "geometry": {
        "type": "Point",
        "coordinates": [
          8.335723333333334,
          44.16179333333333
        ]
      },
      "properties": {
        "longtitude": 8.335723333333334,
        "depth": 2.362,
        "temperature": 0.0,
        "time": 1782050617000,
        "timestamp": "2026-06-21T14:03:37",
        "water_level": 0.06,
        "nearest_tide_timestamp": "2026-06-21T14:00:00",
        "tide_correction": 2.422
      }
    },
    {
      "type": "Feature",
      "geometry": {
        "type": "Point",
        "coordinates": [
          8.335716666666666,
          44.16179166666667
        ]
      },
      "properties": {
        "longtitude": 8.335716666666666,
        "depth": 2.373,
        "temperature": 0.0,
        "time": 1782050618000,
        "timestamp": "2026-06-21T14:03:38",
        "water_level": 0.06,
        "nearest_tide_timestamp": "2026-06-21T14:00:00",
        "tide_correction": 2.4330000000000003
      }
    },
    {
      "type": "Feature",
      "geometry": {
        "type": "Point",
        "coordinates": [
          8.335708333333335,
          44.16178833333333
        ]
      },
      "properties": {
        "longtitude": 8.335708333333335,
        "depth": 2.352,
        "temperature": 0.0,
        "time": 1782050619000,
        "timestamp": "2026-06-21T14:03:39",
        "water_level": 0.06,
        "nearest_tide_timestamp": "2026-06-21T14:00:00",
        "tide_correction": 2.412
      }
    },
    {
      "type": "Feature",
      "geometry": {
        "type": "Point",
        "coordinates": [
          8.335700000000001,
          44.16178666666666
        ]
      },
      "properties": {
        "longtitude": 8.335700000000001,
        "depth": 2.238,
        "temperature": 0.0,
        "time": 1782050620000,
        "timestamp": "2026-06-21T14:03:40",
        "water_level": 0.06,
        "nearest_tide_timestamp": "2026-06-21T14:00:00",
        "tide_correction": 2.298
      }
    },
    {
      "type": "Feature",
      "geometry": {
        "type": "Point",
        "coordinates": [
          8.335693333333333,
          44.161785
        ]
      },
      "properties": {
        "longtitude": 8.335693333333333,
        "depth": 2.238,
        "temperature": 0.0,
        "time": 1782050621000,
        "timestamp": "2026-06-21T14:03:41",
        "water_level": 0.06,
        "nearest_tide_timestamp": "2026-06-21T14:00:00",
        "tide_correction": 2.298
      }
    },
    {
      "type": "Feature",
      "geometry": {
        "type": "Point",
        "coordinates": [
          8.335686666666668,
          44.16178166666667
        ]
      },
      "properties": {
        "longtitude": 8.335686666666668,
        "depth": 2.352,
        "temperature": 0.0,
        "time": 1782050622000,
        "timestamp": "2026-06-21T14:03:42",
        "water_level": 0.06,
        "nearest_tide_timestamp": "2026-06-21T14:00:00",
        "tide_correction": 2.412
      }
    },
    {
      "type": "Feature",
      "geometry": {
        "type": "Point",
        "coordinates": [
          8.335676666666666,
          44.16178
        ]
      },
      "properties": {
        "longtitude": 8.335676666666666,
        "depth": 2.55,
        "temperature": 0.0,
        "time": 1782050623000,
        "timestamp": "2026-06-21T14:03:43",
        "water_level": 0.06,
        "nearest_tide_timestamp": "2026-06-21T14:00:00",
        "tide_correction": 2.61
      }
    },
    {
      "type": "Feature",
      "geometry": {
        "type": "Point",
        "coordinates": [
          8.335668333333333,
          44.16178
        ]
      },
      "properties": {
        "longtitude": 8.335668333333333,
        "depth": 2.321,
        "temperature": 0.0,
        "time": 1782050624000,
        "timestamp": "2026-06-21T14:03:44",
        "water_level": 0.06,
        "nearest_tide_timestamp": "2026-06-21T14:00:00",
        "tide_correction": 2.3810000000000002
      }
    },
    {
      "type": "Feature",
      "geometry": {
        "type": "Point",
        "coordinates": [
          8.335659999999999,
          44.16177833333333
        ]
      },
      "properties": {
        "longtitude": 8.335659999999999,
        "depth": 2.3,
        "temperature": 0.0,
        "time": 1782050625000,
        "timestamp": "2026-06-21T14:03:45",
        "water_level": 0.06,
        "nearest_tide_timestamp": "2026-06-21T14:00:00",
        "tide_correction": 2.36
      }
    },
    {
      "type": "Feature",
      "geometry": {
        "type": "Point",
        "coordinates": [
          8.335653333333333,
          44.16177833333333
        ]
      },
      "properties": {
        "longtitude": 8.335653333333333,
        "depth": 2.227,
        "temperature": 0.0,
        "time": 1782050626000,
        "timestamp": "2026-06-21T14:03:46",
        "water_level": 0.06,
        "nearest_tide_timestamp": "2026-06-21T14:00:00",
        "tide_correction": 2.287
      }
    },
    {
      "type": "Feature",
      "geometry": {
        "type": "Point",
        "coordinates": [
          8.335645,
          44.16177833333333
        ]
      },
      "properties": {
        "longtitude": 8.335645,
        "depth": 1.884,
        "temperature": 0.0,
        "time": 1782050627000,
        "timestamp": "2026-06-21T14:03:47",
        "water_level": 0.06,
        "nearest_tide_timestamp": "2026-06-21T14:00:00",
        "tide_correction": 1.944
      }
    },
    {
      "type": "Feature",
      "geometry": {
        "type": "Point",
        "coordinates": [
          8.335638333333332,
          44.16177666666668
        ]
      },
      "properties": {
        "longtitude": 8.335638333333332,
        "depth": 2.009,
        "temperature": 0.0,
        "time": 1782050628000,
        "timestamp": "2026-06-21T14:03:48",
        "water_level": 0.06,
        "nearest_tide_timestamp": "2026-06-21T14:00:00",
        "tide_correction": 2.069
      }
    },
    {
      "type": "Feature",
      "geometry": {
        "type": "Point",
        "coordinates": [
          8.33563,
          44.161775000000006
        ]
      },
      "properties": {
        "longtitude": 8.33563,
        "depth": 1.863,
        "temperature": 0.0,
        "time": 1782050629000,
        "timestamp": "2026-06-21T14:03:49",
        "water_level": 0.06,
        "nearest_tide_timestamp": "2026-06-21T14:00:00",
        "tide_correction": 1.923
      }
    },
    {
      "type": "Feature",
      "geometry": {
        "type": "Point",
        "coordinates": [
          8.335623333333332,
          44.161773333333336
        ]
      },
      "properties": {
        "longtitude": 8.335623333333332,
        "depth": 2.144,
        "temperature": 0.0,
        "time": 1782050630000,
        "timestamp": "2026-06-21T14:03:50",
        "water_level": 0.06,
        "nearest_tide_timestamp": "2026-06-21T14:00:00",
        "tide_correction": 2.204
      }
    },
    {
      "type": "Feature",
      "geometry": {
        "type": "Point",
        "coordinates": [
          8.335616666666665,
          44.16177166666667
        ]
      },
      "properties": {
        "longtitude": 8.335616666666665,
        "depth": 2.3,
        "temperature": 0.0,
        "time": 1782050631000,
        "timestamp": "2026-06-21T14:03:51",
        "water_level": 0.06,
        "nearest_tide_timestamp": "2026-06-21T14:00:00",
        "tide_correction": 2.36
      }
    },
    {
      "type": "Feature",
      "geometry": {
        "type": "Point",
        "coordinates": [
          8.33561,
          44.16177
        ]
      },
      "properties": {
        "longtitude": 8.33561,
        "depth": 2.425,
        "temperature": 0.0,
        "time": 1782050632000,
        "timestamp": "2026-06-21T14:03:52",
        "water_level": 0.06,
        "nearest_tide_timestamp": "2026-06-21T14:00:00",
        "tide_correction": 2.485
      }
    },
    {
      "type": "Feature",
      "geometry": {
        "type": "Point",
        "coordinates": [
          8.335603333333333,
          44.16176666666667
        ]
      },
      "properties": {
        "longtitude": 8.335603333333333,
        "depth": 2.394,
        "temperature": 0.0,
        "time": 1782050633000,
        "timestamp": "2026-06-21T14:03:53",
        "water_level": 0.06,
        "nearest_tide_timestamp": "2026-06-21T14:00:00",
        "tide_correction": 2.454
      }
    },
    {
      "type": "Feature",
      "geometry": {
        "type": "Point",
        "coordinates": [
          8.335595000000001,
          44.161763333333326
        ]
      },
      "properties": {
        "longtitude": 8.335595000000001,
        "depth": 2.55,
        "temperature": 0.0,
        "time": 1782050634000,
        "timestamp": "2026-06-21T14:03:54",
        "water_level": 0.06,
        "nearest_tide_timestamp": "2026-06-21T14:00:00",
        "tide_correction": 2.61
      }
    },
    {
      "type": "Feature",
      "geometry": {
        "type": "Point",
        "coordinates": [
          8.335585,
          44.16176
        ]
      },
      "properties": {
        "longtitude": 8.335585,
        "depth": 2.394,
        "temperature": 0.0,
        "time": 1782050635000,
        "timestamp": "2026-06-21T14:03:55",
        "water_level": 0.06,
        "nearest_tide_timestamp": "2026-06-21T14:00:00",
        "tide_correction": 2.454
      }
    },
    {
      "type": "Feature",
      "geometry": {
        "type": "Point",
        "coordinates": [
          8.335578333333332,
          44.16175666666666
        ]
      },
      "properties": {
        "longtitude": 8.335578333333332,
        "depth": 2.165,
        "temperature": 0.0,
        "time": 1782050636000,
        "timestamp": "2026-06-21T14:03:56",
        "water_level": 0.06,
        "nearest_tide_timestamp": "2026-06-21T14:00:00",
        "tide_correction": 2.225
      }
    },
    {
      "type": "Feature",
      "geometry": {
        "type": "Point",
        "coordinates": [
          8.335571666666668,
          44.16175666666666
        ]
      },
      "properties": {
        "longtitude": 8.335571666666668,
        "depth": 1.988,
        "temperature": 0.0,
        "time": 1782050637000,
        "timestamp": "2026-06-21T14:03:57",
        "water_level": 0.06,
        "nearest_tide_timestamp": "2026-06-21T14:00:00",
        "tide_correction": 2.048
      }
    },
    {
      "type": "Feature",
      "geometry": {
        "type": "Point",
        "coordinates": [
          8.335565,
          44.16175499999999
        ]
      },
      "properties": {
        "longtitude": 8.335565,
        "depth": 2.113,
        "temperature": 0.0,
        "time": 1782050638000,
        "timestamp": "2026-06-21T14:03:58",
        "water_level": 0.06,
        "nearest_tide_timestamp": "2026-06-21T14:00:00",
        "tide_correction": 2.173
      }
    },
    {
      "type": "Feature",
      "geometry": {
        "type": "Point",
        "coordinates": [
          8.335558333333333,
          44.16175166666667
        ]
      },
      "properties": {
        "longtitude": 8.335558333333333,
        "depth": 2.144,
        "temperature": 0.0,
        "time": 1782050639000,
        "timestamp": "2026-06-21T14:03:59",
        "water_level": 0.06,
        "nearest_tide_timestamp": "2026-06-21T14:00:00",
        "tide_correction": 2.204
      }
    },
    {
      "type": "Feature",
      "geometry": {
        "type": "Point",
        "coordinates": [
          8.335550000000001,
          44.16175
        ]
      },
      "properties": {
        "longtitude": 8.335550000000001,
        "depth": 2.217,
        "temperature": 0.0,
        "time": 1782050640000,
        "timestamp": "2026-06-21T14:04:00",
        "water_level": 0.06,
        "nearest_tide_timestamp": "2026-06-21T14:00:00",
        "tide_correction": 2.277
      }
    },
    {
      "type": "Feature",
      "geometry": {
        "type": "Point",
        "coordinates": [
          8.335545,
          44.16174833333333
        ]
      },
      "properties": {
        "longtitude": 8.335545,
        "depth": 2.331,
        "temperature": 0.0,
        "time": 1782050641000,
        "timestamp": "2026-06-21T14:04:01",
        "water_level": 0.06,
        "nearest_tide_timestamp": "2026-06-21T14:00:00",
        "tide_correction": 2.391
      }
    },
    {
      "type": "Feature",
      "geometry": {
        "type": "Point",
        "coordinates": [
          8.335538333333334,
          44.161745
        ]
      },
      "properties": {
        "longtitude": 8.335538333333334,
        "depth": 2.362,
        "temperature": 0.0,
        "time": 1782050642000,
        "timestamp": "2026-06-21T14:04:02",
        "water_level": 0.06,
        "nearest_tide_timestamp": "2026-06-21T14:00:00",
        "tide_correction": 2.422
      }
    },
    {
      "type": "Feature",
      "geometry": {
        "type": "Point",
        "coordinates": [
          8.335531666666666,
          44.16174333333333
        ]
      },
      "properties": {
        "longtitude": 8.335531666666666,
        "depth": 2.3,
        "temperature": 0.0,
        "time": 1782050643000,
        "timestamp": "2026-06-21T14:04:03",
        "water_level": 0.06,
        "nearest_tide_timestamp": "2026-06-21T14:00:00",
        "tide_correction": 2.36
      }
    },
    {
      "type": "Feature",
      "geometry": {
        "type": "Point",
        "coordinates": [
          8.335524999999999,
          44.16174166666666
        ]
      },
      "properties": {
        "longtitude": 8.335524999999999,
        "depth": 2.123,
        "temperature": 0.0,
        "time": 1782050644000,
        "timestamp": "2026-06-21T14:04:04",
        "water_level": 0.06,
        "nearest_tide_timestamp": "2026-06-21T14:00:00",
        "tide_correction": 2.1830000000000003
      }
    },
    {
      "type": "Feature",
      "geometry": {
        "type": "Point",
        "coordinates": [
          8.33552,
          44.16174
        ]
      },
      "properties": {
        "longtitude": 8.33552,
        "depth": 2.175,
        "temperature": 0.0,
        "time": 1782050645000,
        "timestamp": "2026-06-21T14:04:05",
        "water_level": 0.06,
        "nearest_tide_timestamp": "2026-06-21T14:00:00",
        "tide_correction": 2.235
      }
    },
    {
      "type": "Feature",
      "geometry": {
        "type": "Point",
        "coordinates": [
          8.335513333333333,
          44.16174
        ]
      },
      "properties": {
        "longtitude": 8.335513333333333,
        "depth": 2.466,
        "temperature": 0.0,
        "time": 1782050646000,
        "timestamp": "2026-06-21T14:04:06",
        "water_level": 0.06,
        "nearest_tide_timestamp": "2026-06-21T14:00:00",
        "tide_correction": 2.5260000000000002
      }
    },
    {
      "type": "Feature",
      "geometry": {
        "type": "Point",
        "coordinates": [
          8.335506666666667,
          44.16174
        ]
      },
      "properties": {
        "longtitude": 8.335506666666667,
        "depth": 2.321,
        "temperature": 0.0,
        "time": 1782050647000,
        "timestamp": "2026-06-21T14:04:07",
        "water_level": 0.06,
        "nearest_tide_timestamp": "2026-06-21T14:00:00",
        "tide_correction": 2.3810000000000002
      }
    },
    {
      "type": "Feature",
      "geometry": {
        "type": "Point",
        "coordinates": [
          8.3355,
          44.16173666666667
        ]
      },
      "properties": {
        "longtitude": 8.3355,
        "depth": 2.487,
        "temperature": 0.0,
        "time": 1782050648000,
        "timestamp": "2026-06-21T14:04:08",
        "water_level": 0.06,
        "nearest_tide_timestamp": "2026-06-21T14:00:00",
        "tide_correction": 2.547
      }
    },
    {
      "type": "Feature",
      "geometry": {
        "type": "Point",
        "coordinates": [
          8.335495,
          44.16173833333334
        ]
      },
      "properties": {
        "longtitude": 8.335495,
        "depth": 2.685,
        "temperature": 0.0,
        "time": 1782050649000,
        "timestamp": "2026-06-21T14:04:09",
        "water_level": 0.06,
        "nearest_tide_timestamp": "2026-06-21T14:00:00",
        "tide_correction": 2.745
      }
    },
    {
      "type": "Feature",
      "geometry": {
        "type": "Point",
        "coordinates": [
          8.335486666666666,
          44.16173833333334
        ]
      },
      "properties": {
        "longtitude": 8.335486666666666,
        "depth": 2.716,
        "temperature": 0.0,
        "time": 1782050650000,
        "timestamp": "2026-06-21T14:04:10",
        "water_level": 0.06,
        "nearest_tide_timestamp": "2026-06-21T14:00:00",
        "tide_correction": 2.7760000000000002
      }
    },
    {
      "type": "Feature",
      "geometry": {
        "type": "Point",
        "coordinates": [
          8.335479999999999,
          44.16173666666667
        ]
      },
      "properties": {
        "longtitude": 8.335479999999999,
        "depth": 2.664,
        "temperature": 0.0,
        "time": 1782050651000,
        "timestamp": "2026-06-21T14:04:11",
        "water_level": 0.06,
        "nearest_tide_timestamp": "2026-06-21T14:00:00",
        "tide_correction": 2.724
      }
    },
    {
      "type": "Feature",
      "geometry": {
        "type": "Point",
        "coordinates": [
          8.335473333333335,
          44.16173666666667
        ]
      },
      "properties": {
        "longtitude": 8.335473333333335,
        "depth": 2.747,
        "temperature": 0.0,
        "time": 1782050652000,
        "timestamp": "2026-06-21T14:04:12",
        "water_level": 0.06,
        "nearest_tide_timestamp": "2026-06-21T14:00:00",
        "tide_correction": 2.807
      }
    },
    {
      "type": "Feature",
      "geometry": {
        "type": "Point",
        "coordinates": [
          8.335466666666667,
          44.161735
        ]
      },
      "properties": {
        "longtitude": 8.335466666666667,
        "depth": 2.55,
        "temperature": 0.0,
        "time": 1782050653000,
        "timestamp": "2026-06-21T14:04:13",
        "water_level": 0.06,
        "nearest_tide_timestamp": "2026-06-21T14:00:00",
        "tide_correction": 2.61
      }
    },
    {
      "type": "Feature",
      "geometry": {
        "type": "Point",
        "coordinates": [
          8.335460000000001,
          44.161735
        ]
      },
      "properties": {
        "longtitude": 8.335460000000001,
        "depth": 2.394,
        "temperature": 0.0,
        "time": 1782050654000,
        "timestamp": "2026-06-21T14:04:14",
        "water_level": 0.06,
        "nearest_tide_timestamp": "2026-06-21T14:00:00",
        "tide_correction": 2.454
      }
    },
    {
      "type": "Feature",
      "geometry": {
        "type": "Point",
        "coordinates": [
          8.335453333333334,
          44.16173666666667
        ]
      },
      "properties": {
        "longtitude": 8.335453333333334,
        "depth": 2.175,
        "temperature": 0.0,
        "time": 1782050655000,
        "timestamp": "2026-06-21T14:04:15",
        "water_level": 0.06,
        "nearest_tide_timestamp": "2026-06-21T14:00:00",
        "tide_correction": 2.235
      }
    },
    {
      "type": "Feature",
      "geometry": {
        "type": "Point",
        "coordinates": [
          8.335448333333334,
          44.161735
        ]
      },
      "properties": {
        "longtitude": 8.335448333333334,
        "depth": 2.185,
        "temperature": 0.0,
        "time": 1782050656000,
        "timestamp": "2026-06-21T14:04:16",
        "water_level": 0.06,
        "nearest_tide_timestamp": "2026-06-21T14:00:00",
        "tide_correction": 2.245
      }
    },
    {
      "type": "Feature",
      "geometry": {
        "type": "Point",
        "coordinates": [
          8.33544,
          44.16173333333333
        ]
      },
      "properties": {
        "longtitude": 8.33544,
        "depth": 2.05,
        "temperature": 0.0,
        "time": 1782050657000,
        "timestamp": "2026-06-21T14:04:17",
        "water_level": 0.06,
        "nearest_tide_timestamp": "2026-06-21T14:00:00",
        "tide_correction": 2.11
      }
    },
    {
      "type": "Feature",
      "geometry": {
        "type": "Point",
        "coordinates": [
          8.335433333333333,
          44.16173333333333
        ]
      },
      "properties": {
        "longtitude": 8.335433333333333,
        "depth": 2.175,
        "temperature": 0.0,
        "time": 1782050658000,
        "timestamp": "2026-06-21T14:04:18",
        "water_level": 0.06,
        "nearest_tide_timestamp": "2026-06-21T14:00:00",
        "tide_correction": 2.235
      }
    },
    {
      "type": "Feature",
      "geometry": {
        "type": "Point",
        "coordinates": [
          8.335428333333335,
          44.16173166666668
        ]
      },
      "properties": {
        "longtitude": 8.335428333333335,
        "depth": 2.175,
        "temperature": 0.0,
        "time": 1782050659000,
        "timestamp": "2026-06-21T14:04:19",
        "water_level": 0.06,
        "nearest_tide_timestamp": "2026-06-21T14:00:00",
        "tide_correction": 2.235
      }
    },
    {
      "type": "Feature",
      "geometry": {
        "type": "Point",
        "coordinates": [
          8.335421666666667,
          44.16173333333333
        ]
      },
      "properties": {
        "longtitude": 8.335421666666667,
        "depth": 2.279,
        "temperature": 0.0,
        "time": 1782050660000,
        "timestamp": "2026-06-21T14:04:20",
        "water_level": 0.06,
        "nearest_tide_timestamp": "2026-06-21T14:00:00",
        "tide_correction": 2.339
      }
    },
    {
      "type": "Feature",
      "geometry": {
        "type": "Point",
        "coordinates": [
          8.335413333333333,
          44.16173166666668
        ]
      },
      "properties": {
        "longtitude": 8.335413333333333,
        "depth": 2.373,
        "temperature": 0.0,
        "time": 1782050661000,
        "timestamp": "2026-06-21T14:04:21",
        "water_level": 0.06,
        "nearest_tide_timestamp": "2026-06-21T14:00:00",
        "tide_correction": 2.4330000000000003
      }
    },
    {
      "type": "Feature",
      "geometry": {
        "type": "Point",
        "coordinates": [
          8.335405,
          44.161730000000006
        ]
      },
      "properties": {
        "longtitude": 8.335405,
        "depth": 2.081,
        "temperature": 0.0,
        "time": 1782050662000,
        "timestamp": "2026-06-21T14:04:22",
        "water_level": 0.06,
        "nearest_tide_timestamp": "2026-06-21T14:00:00",
        "tide_correction": 2.141
      }
    },
    {
      "type": "Feature",
      "geometry": {
        "type": "Point",
        "coordinates": [
          8.335396666666666,
          44.161728333333336
        ]
      },
      "properties": {
        "longtitude": 8.335396666666666,
        "depth": 2.331,
        "temperature": 0.0,
        "time": 1782050663000,
        "timestamp": "2026-06-21T14:04:23",
        "water_level": 0.06,
        "nearest_tide_timestamp": "2026-06-21T14:00:00",
        "tide_correction": 2.391
      }
    },
    {
      "type": "Feature",
      "geometry": {
        "type": "Point",
        "coordinates": [
          8.335388333333333,
          44.16172666666667
        ]
      },
      "properties": {
        "longtitude": 8.335388333333333,
        "depth": 1.748,
        "temperature": 0.0,
        "time": 1782050664000,
        "timestamp": "2026-06-21T14:04:24",
        "water_level": 0.06,
        "nearest_tide_timestamp": "2026-06-21T14:00:00",
        "tide_correction": 1.808
      }
    },
    {
      "type": "Feature",
      "geometry": {
        "type": "Point",
        "coordinates": [
          8.335379999999999,
          44.161725
        ]
      },
      "properties": {
        "longtitude": 8.335379999999999,
        "depth": 2.081,
        "temperature": 0.0,
        "time": 1782050665000,
        "timestamp": "2026-06-21T14:04:25",
        "water_level": 0.06,
        "nearest_tide_timestamp": "2026-06-21T14:00:00",
        "tide_correction": 2.141
      }
    },
    {
      "type": "Feature",
      "geometry": {
        "type": "Point",
        "coordinates": [
          8.335373333333333,
          44.161725
        ]
      },
      "properties": {
        "longtitude": 8.335373333333333,
        "depth": 1.977,
        "temperature": 0.0,
        "time": 1782050666000,
        "timestamp": "2026-06-21T14:04:26",
        "water_level": 0.06,
        "nearest_tide_timestamp": "2026-06-21T14:00:00",
        "tide_correction": 2.037
      }
    },
    {
      "type": "Feature",
      "geometry": {
        "type": "Point",
        "coordinates": [
          8.335366666666665,
          44.16172333333334
        ]
      },
      "properties": {
        "longtitude": 8.335366666666665,
        "depth": 2.321,
        "temperature": 0.0,
        "time": 1782050667000,
        "timestamp": "2026-06-21T14:04:27",
        "water_level": 0.06,
        "nearest_tide_timestamp": "2026-06-21T14:00:00",
        "tide_correction": 2.3810000000000002
      }
    },
    {
      "type": "Feature",
      "geometry": {
        "type": "Point",
        "coordinates": [
          8.33536,
          44.16172333333334
        ]
      },
      "properties": {
        "longtitude": 8.33536,
        "depth": 2.404,
        "temperature": 0.0,
        "time": 1782050668000,
        "timestamp": "2026-06-21T14:04:28",
        "water_level": 0.06,
        "nearest_tide_timestamp": "2026-06-21T14:00:00",
        "tide_correction": 2.464
      }
    },
    {
      "type": "Feature",
      "geometry": {
        "type": "Point",
        "coordinates": [
          8.335353333333334,
          44.16172166666667
        ]
      },
      "properties": {
        "longtitude": 8.335353333333334,
        "depth": 2.31,
        "temperature": 0.0,
        "time": 1782050669000,
        "timestamp": "2026-06-21T14:04:29",
        "water_level": 0.06,
        "nearest_tide_timestamp": "2026-06-21T14:00:00",
        "tide_correction": 2.37
      }
    },
    {
      "type": "Feature",
      "geometry": {
        "type": "Point",
        "coordinates": [
          8.335346666666668,
          44.16172
        ]
      },
      "properties": {
        "longtitude": 8.335346666666668,
        "depth": 2.373,
        "temperature": 0.0,
        "time": 1782050670000,
        "timestamp": "2026-06-21T14:04:30",
        "water_level": 0.06,
        "nearest_tide_timestamp": "2026-06-21T14:00:00",
        "tide_correction": 2.4330000000000003
      }
    },
    {
      "type": "Feature",
      "geometry": {
        "type": "Point",
        "coordinates": [
          8.335338333333334,
          44.16172
        ]
      },
      "properties": {
        "longtitude": 8.335338333333334,
        "depth": 2.133,
        "temperature": 0.0,
        "time": 1782050671000,
        "timestamp": "2026-06-21T14:04:31",
        "water_level": 0.06,
        "nearest_tide_timestamp": "2026-06-21T14:00:00",
        "tide_correction": 2.193
      }
    },
    {
      "type": "Feature",
      "geometry": {
        "type": "Point",
        "coordinates": [
          8.335333333333333,
          44.16172
        ]
      },
      "properties": {
        "longtitude": 8.335333333333333,
        "depth": 2.071,
        "temperature": 0.0,
        "time": 1782050672000,
        "timestamp": "2026-06-21T14:04:32",
        "water_level": 0.06,
        "nearest_tide_timestamp": "2026-06-21T14:00:00",
        "tide_correction": 2.1310000000000002
      }
    },
    {
      "type": "Feature",
      "geometry": {
        "type": "Point",
        "coordinates": [
          8.335326666666667,
          44.161718333333326
        ]
      },
      "properties": {
        "longtitude": 8.335326666666667,
        "depth": 2.29,
        "temperature": 0.0,
        "time": 1782050673000,
        "timestamp": "2026-06-21T14:04:33",
        "water_level": 0.06,
        "nearest_tide_timestamp": "2026-06-21T14:00:00",
        "tide_correction": 2.35
      }
    },
    {
      "type": "Feature",
      "geometry": {
        "type": "Point",
        "coordinates": [
          8.33532,
          44.161718333333326
        ]
      },
      "properties": {
        "longtitude": 8.33532,
        "depth": 1.873,
        "temperature": 0.0,
        "time": 1782050674000,
        "timestamp": "2026-06-21T14:04:34",
        "water_level": 0.06,
        "nearest_tide_timestamp": "2026-06-21T14:00:00",
        "tide_correction": 1.933
      }
    },
    {
      "type": "Feature",
      "geometry": {
        "type": "Point",
        "coordinates": [
          8.335313333333334,
          44.16172
        ]
      },
      "properties": {
        "longtitude": 8.335313333333334,
        "depth": 2.165,
        "temperature": 0.0,
        "time": 1782050675000,
        "timestamp": "2026-06-21T14:04:35",
        "water_level": 0.06,
        "nearest_tide_timestamp": "2026-06-21T14:00:00",
        "tide_correction": 2.225
      }
    },
    {
      "type": "Feature",
      "geometry": {
        "type": "Point",
        "coordinates": [
          8.335306666666666,
          44.161718333333326
        ]
      },
      "properties": {
        "longtitude": 8.335306666666666,
        "depth": 1.977,
        "temperature": 0.0,
        "time": 1782050676000,
        "timestamp": "2026-06-21T14:04:36",
        "water_level": 0.06,
        "nearest_tide_timestamp": "2026-06-21T14:00:00",
        "tide_correction": 2.037
      }
    },
    {
      "type": "Feature",
      "geometry": {
        "type": "Point",
        "coordinates": [
          8.335296666666666,
          44.16171666666667
        ]
      },
      "properties": {
        "longtitude": 8.335296666666666,
        "depth": 1.977,
        "temperature": 0.0,
        "time": 1782050677000,
        "timestamp": "2026-06-21T14:04:37",
        "water_level": 0.06,
        "nearest_tide_timestamp": "2026-06-21T14:00:00",
        "tide_correction": 2.037
      }
    },
    {
      "type": "Feature",
      "geometry": {
        "type": "Point",
        "coordinates": [
          8.335288333333333,
          44.161715
        ]
      },
      "properties": {
        "longtitude": 8.335288333333333,
        "depth": 1.977,
        "temperature": 0.0,
        "time": 1782050678000,
        "timestamp": "2026-06-21T14:04:38",
        "water_level": 0.06,
        "nearest_tide_timestamp": "2026-06-21T14:00:00",
        "tide_correction": 2.037
      }
    },
    {
      "type": "Feature",
      "geometry": {
        "type": "Point",
        "coordinates": [
          8.335280000000001,
          44.161715
        ]
      },
      "properties": {
        "longtitude": 8.335280000000001,
        "depth": 1.936,
        "temperature": 0.0,
        "time": 1782050679000,
        "timestamp": "2026-06-21T14:04:39",
        "water_level": 0.06,
        "nearest_tide_timestamp": "2026-06-21T14:00:00",
        "tide_correction": 1.996
      }
    },
    {
      "type": "Feature",
      "geometry": {
        "type": "Point",
        "coordinates": [
          8.335271666666667,
          44.161715
        ]
      },
      "properties": {
        "longtitude": 8.335271666666667,
        "depth": 1.967,
        "temperature": 0.0,
        "time": 1782050680000,
        "timestamp": "2026-06-21T14:04:40",
        "water_level": 0.06,
        "nearest_tide_timestamp": "2026-06-21T14:00:00",
        "tide_correction": 2.027
      }
    },
    {
      "type": "Feature",
      "geometry": {
        "type": "Point",
        "coordinates": [
          8.335265,
          44.161715
        ]
      },
      "properties": {
        "longtitude": 8.335265,
        "depth": 1.832,
        "temperature": 0.0,
        "time": 1782050681000,
        "timestamp": "2026-06-21T14:04:41",
        "water_level": 0.06,
        "nearest_tide_timestamp": "2026-06-21T14:00:00",
        "tide_correction": 1.8920000000000001
      }
    },
    {
      "type": "Feature",
      "geometry": {
        "type": "Point",
        "coordinates": [
          8.335258333333334,
          44.16171333333333
        ]
      },
      "properties": {
        "longtitude": 8.335258333333334,
        "depth": 1.811,
        "temperature": 0.0,
        "time": 1782050682000,
        "timestamp": "2026-06-21T14:04:42",
        "water_level": 0.06,
        "nearest_tide_timestamp": "2026-06-21T14:00:00",
        "tide_correction": 1.871
      }
    },
    {
      "type": "Feature",
      "geometry": {
        "type": "Point",
        "coordinates": [
          8.335255,
          44.16171166666666
        ]
      },
      "properties": {
        "longtitude": 8.335255,
        "depth": 1.915,
        "temperature": 0.0,
        "time": 1782050683000,
        "timestamp": "2026-06-21T14:04:43",
        "water_level": 0.06,
        "nearest_tide_timestamp": "2026-06-21T14:00:00",
        "tide_correction": 1.975
      }
    },
    {
      "type": "Feature",
      "geometry": {
        "type": "Point",
        "coordinates": [
          8.33525,
          44.16171166666666
        ]
      },
      "properties": {
        "longtitude": 8.33525,
        "depth": 1.832,
        "temperature": 0.0,
        "time": 1782050684000,
        "timestamp": "2026-06-21T14:04:44",
        "water_level": 0.06,
        "nearest_tide_timestamp": "2026-06-21T14:00:00",
        "tide_correction": 1.8920000000000001
      }
    },
    {
      "type": "Feature",
      "geometry": {
        "type": "Point",
        "coordinates": [
          8.335246666666666,
          44.16170999999999
        ]
      },
      "properties": {
        "longtitude": 8.335246666666666,
        "depth": 1.863,
        "temperature": 0.0,
        "time": 1782050685000,
        "timestamp": "2026-06-21T14:04:45",
        "water_level": 0.06,
        "nearest_tide_timestamp": "2026-06-21T14:00:00",
        "tide_correction": 1.923
      }
    },
    {
      "type": "Feature",
      "geometry": {
        "type": "Point",
        "coordinates": [
          8.33524,
          44.16170833333334
        ]
      },
      "properties": {
        "longtitude": 8.33524,
        "depth": 1.717,
        "temperature": 0.0,
        "time": 1782050686000,
        "timestamp": "2026-06-21T14:04:46",
        "water_level": 0.06,
        "nearest_tide_timestamp": "2026-06-21T14:00:00",
        "tide_correction": 1.7770000000000001
      }
    },
    {
      "type": "Feature",
      "geometry": {
        "type": "Point",
        "coordinates": [
          8.335233333333333,
          44.16170833333334
        ]
      },
      "properties": {
        "longtitude": 8.335233333333333,
        "depth": 1.894,
        "temperature": 0.0,
        "time": 1782050687000,
        "timestamp": "2026-06-21T14:04:47",
        "water_level": 0.06,
        "nearest_tide_timestamp": "2026-06-21T14:00:00",
        "tide_correction": 1.954
      }
    },
    {
      "type": "Feature",
      "geometry": {
        "type": "Point",
        "coordinates": [
          8.335228333333333,
          44.16170666666667
        ]
      },
      "properties": {
        "longtitude": 8.335228333333333,
        "depth": 1.78,
        "temperature": 0.0,
        "time": 1782050688000,
        "timestamp": "2026-06-21T14:04:48",
        "water_level": 0.06,
        "nearest_tide_timestamp": "2026-06-21T14:00:00",
        "tide_correction": 1.84
      }
    },
    {
      "type": "Feature",
      "geometry": {
        "type": "Point",
        "coordinates": [
          8.335221666666666,
          44.16170333333333
        ]
      },
      "properties": {
        "longtitude": 8.335221666666666,
        "depth": 1.821,
        "temperature": 0.0,
        "time": 1782050689000,
        "timestamp": "2026-06-21T14:04:49",
        "water_level": 0.06,
        "nearest_tide_timestamp": "2026-06-21T14:00:00",
        "tide_correction": 1.881
      }
    },
    {
      "type": "Feature",
      "geometry": {
        "type": "Point",
        "coordinates": [
          8.335216666666668,
          44.16170333333333
        ]
      },
      "properties": {
        "longtitude": 8.335216666666668,
        "depth": 1.634,
        "temperature": 0.0,
        "time": 1782050690000,
        "timestamp": "2026-06-21T14:04:50",
        "water_level": 0.06,
        "nearest_tide_timestamp": "2026-06-21T14:00:00",
        "tide_correction": 1.694
      }
    },
    {
      "type": "Feature",
      "geometry": {
        "type": "Point",
        "coordinates": [
          8.33521,
          44.16170333333333
        ]
      },
      "properties": {
        "longtitude": 8.33521,
        "depth": 1.769,
        "temperature": 0.0,
        "time": 1782050691000,
        "timestamp": "2026-06-21T14:04:51",
        "water_level": 0.06,
        "nearest_tide_timestamp": "2026-06-21T14:00:00",
        "tide_correction": 1.829
      }
    },
    {
      "type": "Feature",
      "geometry": {
        "type": "Point",
        "coordinates": [
          8.335205,
          44.16170333333333
        ]
      },
      "properties": {
        "longtitude": 8.335205,
        "depth": 1.717,
        "temperature": 0.0,
        "time": 1782050692000,
        "timestamp": "2026-06-21T14:04:52",
        "water_level": 0.06,
        "nearest_tide_timestamp": "2026-06-21T14:00:00",
        "tide_correction": 1.7770000000000001
      }
    },
    {
      "type": "Feature",
      "geometry": {
        "type": "Point",
        "coordinates": [
          8.335198333333333,
          44.16170333333333
        ]
      },
      "properties": {
        "longtitude": 8.335198333333333,
        "depth": 1.967,
        "temperature": 0.0,
        "time": 1782050693000,
        "timestamp": "2026-06-21T14:04:53",
        "water_level": 0.06,
        "nearest_tide_timestamp": "2026-06-21T14:00:00",
        "tide_correction": 2.027
      }
    },
    {
      "type": "Feature",
      "geometry": {
        "type": "Point",
        "coordinates": [
          8.335191666666667,
          44.16170333333333
        ]
      },
      "properties": {
        "longtitude": 8.335191666666667,
        "depth": 1.592,
        "temperature": 0.0,
        "time": 1782050694000,
        "timestamp": "2026-06-21T14:04:54",
        "water_level": 0.06,
        "nearest_tide_timestamp": "2026-06-21T14:00:00",
        "tide_correction": 1.6520000000000001
      }
    },
    {
      "type": "Feature",
      "geometry": {
        "type": "Point",
        "coordinates": [
          8.335183333333333,
          44.16170166666667
        ]
      },
      "properties": {
        "longtitude": 8.335183333333333,
        "depth": 1.832,
        "temperature": 0.0,
        "time": 1782050695000,
        "timestamp": "2026-06-21T14:04:55",
        "water_level": 0.06,
        "nearest_tide_timestamp": "2026-06-21T14:00:00",
        "tide_correction": 1.8920000000000001
      }
    },
    {
      "type": "Feature",
      "geometry": {
        "type": "Point",
        "coordinates": [
          8.335175,
          44.16170333333333
        ]
      },
      "properties": {
        "longtitude": 8.335175,
        "depth": 1.655,
        "temperature": 0.0,
        "time": 1782050696000,
        "timestamp": "2026-06-21T14:04:56",
        "water_level": 0.06,
        "nearest_tide_timestamp": "2026-06-21T14:00:00",
        "tide_correction": 1.715
      }
    },
    {
      "type": "Feature",
      "geometry": {
        "type": "Point",
        "coordinates": [
          8.335168333333334,
          44.161705
        ]
      },
      "properties": {
        "longtitude": 8.335168333333334,
        "depth": 1.925,
        "temperature": 0.0,
        "time": 1782050697000,
        "timestamp": "2026-06-21T14:04:57",
        "water_level": 0.06,
        "nearest_tide_timestamp": "2026-06-21T14:00:00",
        "tide_correction": 1.985
      }
    },
    {
      "type": "Feature",
      "geometry": {
        "type": "Point",
        "coordinates": [
          8.33516,
          44.161705
        ]
      },
      "properties": {
        "longtitude": 8.33516,
        "depth": 1.561,
        "temperature": 0.0,
        "time": 1782050698000,
        "timestamp": "2026-06-21T14:04:58",
        "water_level": 0.06,
        "nearest_tide_timestamp": "2026-06-21T14:00:00",
        "tide_correction": 1.621
      }
    },
    {
      "type": "Feature",
      "geometry": {
        "type": "Point",
        "coordinates": [
          8.335151666666667,
          44.16170333333333
        ]
      },
      "properties": {
        "longtitude": 8.335151666666667,
        "depth": 1.613,
        "temperature": 0.0,
        "time": 1782050699000,
        "timestamp": "2026-06-21T14:04:59",
        "water_level": 0.06,
        "nearest_tide_timestamp": "2026-06-21T14:00:00",
        "tide_correction": 1.673
      }
    },
    {
      "type": "Feature",
      "geometry": {
        "type": "Point",
        "coordinates": [
          8.335145,
          44.16170166666667
        ]
      },
      "properties": {
        "longtitude": 8.335145,
        "depth": 1.467,
        "temperature": 0.0,
        "time": 1782050700000,
        "timestamp": "2026-06-21T14:05:00",
        "water_level": 0.06,
        "nearest_tide_timestamp": "2026-06-21T14:00:00",
        "tide_correction": 1.5270000000000001
      }
    },
    {
      "type": "Feature",
      "geometry": {
        "type": "Point",
        "coordinates": [
          8.335139999999999,
          44.16170166666667
        ]
      },
      "properties": {
        "longtitude": 8.335139999999999,
        "depth": 1.29,
        "temperature": 0.0,
        "time": 1782050701000,
        "timestamp": "2026-06-21T14:05:01",
        "water_level": 0.06,
        "nearest_tide_timestamp": "2026-06-21T14:10:00",
        "tide_correction": 1.35
      }
    },
    {
      "type": "Feature",
      "geometry": {
        "type": "Point",
        "coordinates": [
          8.335133333333333,
          44.16170333333333
        ]
      },
      "properties": {
        "longtitude": 8.335133333333333,
        "depth": 1.551,
        "temperature": 0.0,
        "time": 1782050702000,
        "timestamp": "2026-06-21T14:05:02",
        "water_level": 0.06,
        "nearest_tide_timestamp": "2026-06-21T14:10:00",
        "tide_correction": 1.611
      }
    },
    {
      "type": "Feature",
      "geometry": {
        "type": "Point",
        "coordinates": [
          8.335125,
          44.16170333333333
        ]
      },
      "properties": {
        "longtitude": 8.335125,
        "depth": 1.582,
        "temperature": 0.0,
        "time": 1782050703000,
        "timestamp": "2026-06-21T14:05:03",
        "water_level": 0.06,
        "nearest_tide_timestamp": "2026-06-21T14:10:00",
        "tide_correction": 1.6420000000000001
      }
    },
    {
      "type": "Feature",
      "geometry": {
        "type": "Point",
        "coordinates": [
          8.335116666666666,
          44.16170166666667
        ]
      },
      "properties": {
        "longtitude": 8.335116666666666,
        "depth": 1.582,
        "temperature": 0.0,
        "time": 1782050704000,
        "timestamp": "2026-06-21T14:05:04",
        "water_level": 0.06,
        "nearest_tide_timestamp": "2026-06-21T14:10:00",
        "tide_correction": 1.6420000000000001
      }
    },
    {
      "type": "Feature",
      "geometry": {
        "type": "Point",
        "coordinates": [
          8.335109999999998,
          44.16170333333333
        ]
      },
      "properties": {
        "longtitude": 8.335109999999998,
        "depth": 1.748,
        "temperature": 0.0,
        "time": 1782050705000,
        "timestamp": "2026-06-21T14:05:05",
        "water_level": 0.06,
        "nearest_tide_timestamp": "2026-06-21T14:10:00",
        "tide_correction": 1.808
      }
    },
    {
      "type": "Feature",
      "geometry": {
        "type": "Point",
        "coordinates": [
          8.335103333333333,
          44.161705
        ]
      },
      "properties": {
        "longtitude": 8.335103333333333,
        "depth": 1.665,
        "temperature": 0.0,
        "time": 1782050706000,
        "timestamp": "2026-06-21T14:05:06",
        "water_level": 0.06,
        "nearest_tide_timestamp": "2026-06-21T14:10:00",
        "tide_correction": 1.725
      }
    },
    {
      "type": "Feature",
      "geometry": {
        "type": "Point",
        "coordinates": [
          8.335098333333333,
          44.161705
        ]
      },
      "properties": {
        "longtitude": 8.335098333333333,
        "depth": 1.457,
        "temperature": 0.0,
        "time": 1782050707000,
        "timestamp": "2026-06-21T14:05:07",
        "water_level": 0.06,
        "nearest_tide_timestamp": "2026-06-21T14:10:00",
        "tide_correction": 1.5170000000000001
      }
    },
    {
      "type": "Feature",
      "geometry": {
        "type": "Point",
        "coordinates": [
          8.335091666666667,
          44.161705
        ]
      },
      "properties": {
        "longtitude": 8.335091666666667,
        "depth": 1.447,
        "temperature": 0.0,
        "time": 1782050708000,
        "timestamp": "2026-06-21T14:05:08",
        "water_level": 0.06,
        "nearest_tide_timestamp": "2026-06-21T14:10:00",
        "tide_correction": 1.5070000000000001
      }
    },
    {
      "type": "Feature",
      "geometry": {
        "type": "Point",
        "coordinates": [
          8.335091666666667,
          44.16170333333333
        ]
      },
      "properties": {
        "longtitude": 8.335091666666667,
        "depth": 1.415,
        "temperature": 0.0,
        "time": 1782050709000,
        "timestamp": "2026-06-21T14:05:09",
        "water_level": 0.06,
        "nearest_tide_timestamp": "2026-06-21T14:10:00",
        "tide_correction": 1.475
      }
    },
    {
      "type": "Feature",
      "geometry": {
        "type": "Point",
        "coordinates": [
          8.335086666666665,
          44.16170333333333
        ]
      },
      "properties": {
        "longtitude": 8.335086666666665,
        "depth": 1.467,
        "temperature": 0.0,
        "time": 1782050710000,
        "timestamp": "2026-06-21T14:05:10",
        "water_level": 0.06,
        "nearest_tide_timestamp": "2026-06-21T14:10:00",
        "tide_correction": 1.5270000000000001
      }
    },
    {
      "type": "Feature",
      "geometry": {
        "type": "Point",
        "coordinates": [
          8.335085,
          44.161705
        ]
      },
      "properties": {
        "longtitude": 8.335085,
        "depth": 1.571,
        "temperature": 0.0,
        "time": 1782050711000,
        "timestamp": "2026-06-21T14:05:11",
        "water_level": 0.06,
        "nearest_tide_timestamp": "2026-06-21T14:10:00",
        "tide_correction": 1.631
      }
    },
    {
      "type": "Feature",
      "geometry": {
        "type": "Point",
        "coordinates": [
          8.335078333333334,
          44.16170333333333
        ]
      },
      "properties": {
        "longtitude": 8.335078333333334,
        "depth": 1.582,
        "temperature": 0.0,
        "time": 1782050712000,
        "timestamp": "2026-06-21T14:05:12",
        "water_level": 0.06,
        "nearest_tide_timestamp": "2026-06-21T14:10:00",
        "tide_correction": 1.6420000000000001
      }
    },
    {
      "type": "Feature",
      "geometry": {
        "type": "Point",
        "coordinates": [
          8.335071666666666,
          44.161705
        ]
      },
      "properties": {
        "longtitude": 8.335071666666666,
        "depth": 1.613,
        "temperature": 0.0,
        "time": 1782050713000,
        "timestamp": "2026-06-21T14:05:13",
        "water_level": 0.06,
        "nearest_tide_timestamp": "2026-06-21T14:10:00",
        "tide_correction": 1.673
      }
    },
    {
      "type": "Feature",
      "geometry": {
        "type": "Point",
        "coordinates": [
          8.335061666666666,
          44.16170833333334
        ]
      },
      "properties": {
        "longtitude": 8.335061666666666,
        "depth": 1.457,
        "temperature": 0.0,
        "time": 1782050714000,
        "timestamp": "2026-06-21T14:05:14",
        "water_level": 0.06,
        "nearest_tide_timestamp": "2026-06-21T14:10:00",
        "tide_correction": 1.5170000000000001
      }
    },
    {
      "type": "Feature",
      "geometry": {
        "type": "Point",
        "coordinates": [
          8.33506,
          44.16170666666667
        ]
      },
      "properties": {
        "longtitude": 8.33506,
        "depth": 1.54,
        "temperature": 0.0,
        "time": 1782050715000,
        "timestamp": "2026-06-21T14:05:15",
        "water_level": 0.06,
        "nearest_tide_timestamp": "2026-06-21T14:10:00",
        "tide_correction": 1.6
      }
    },
    {
      "type": "Feature",
      "geometry": {
        "type": "Point",
        "coordinates": [
          8.335055,
          44.16170833333334
        ]
      },
      "properties": {
        "longtitude": 8.335055,
        "depth": 1.53,
        "temperature": 0.0,
        "time": 1782050716000,
        "timestamp": "2026-06-21T14:05:16",
        "water_level": 0.06,
        "nearest_tide_timestamp": "2026-06-21T14:10:00",
        "tide_correction": 1.59
      }
    },
    {
      "type": "Feature",
      "geometry": {
        "type": "Point",
        "coordinates": [
          8.335055,
          44.16170833333334
        ]
      },
      "properties": {
        "longtitude": 8.335055,
        "depth": 1.665,
        "temperature": 0.0,
        "time": 1782050717000,
        "timestamp": "2026-06-21T14:05:17",
        "water_level": 0.06,
        "nearest_tide_timestamp": "2026-06-21T14:10:00",
        "tide_correction": 1.725
      }
    },
    {
      "type": "Feature",
      "geometry": {
        "type": "Point",
        "coordinates": [
          8.335053333333333,
          44.16170999999999
        ]
      },
      "properties": {
        "longtitude": 8.335053333333333,
        "depth": 1.665,
        "temperature": 0.0,
        "time": 1782050718000,
        "timestamp": "2026-06-21T14:05:18",
        "water_level": 0.06,
        "nearest_tide_timestamp": "2026-06-21T14:10:00",
        "tide_correction": 1.725
      }
    },
    {
      "type": "Feature",
      "geometry": {
        "type": "Point",
        "coordinates": [
          8.335053333333333,
          44.16170999999999
        ]
      },
      "properties": {
        "longtitude": 8.335053333333333,
        "depth": 1.551,
        "temperature": 0.0,
        "time": 1782050719000,
        "timestamp": "2026-06-21T14:05:19",
        "water_level": 0.06,
        "nearest_tide_timestamp": "2026-06-21T14:10:00",
        "tide_correction": 1.611
      }
    },
    {
      "type": "Feature",
      "geometry": {
        "type": "Point",
        "coordinates": [
          8.335053333333333,
          44.16170833333334
        ]
      },
      "properties": {
        "longtitude": 8.335053333333333,
        "depth": 1.582,
        "temperature": 0.0,
        "time": 1782050720000,
        "timestamp": "2026-06-21T14:05:20",
        "water_level": 0.06,
        "nearest_tide_timestamp": "2026-06-21T14:10:00",
        "tide_correction": 1.6420000000000001
      }
    },
    {
      "type": "Feature",
      "geometry": {
        "type": "Point",
        "coordinates": [
          8.335053333333333,
          44.16170666666667
        ]
      },
      "properties": {
        "longtitude": 8.335053333333333,
        "depth": 1.53,
        "temperature": 0.0,
        "time": 1782050721000,
        "timestamp": "2026-06-21T14:05:21",
        "water_level": 0.06,
        "nearest_tide_timestamp": "2026-06-21T14:10:00",
        "tide_correction": 1.59
      }
    },
    {
      "type": "Feature",
      "geometry": {
        "type": "Point",
        "coordinates": [
          8.335053333333333,
          44.161705
        ]
      },
      "properties": {
        "longtitude": 8.335053333333333,
        "depth": 1.54,
        "temperature": 0.0,
        "time": 1782050722000,
        "timestamp": "2026-06-21T14:05:22",
        "water_level": 0.06,
        "nearest_tide_timestamp": "2026-06-21T14:10:00",
        "tide_correction": 1.6
      }
    },
    {
      "type": "Feature",
      "geometry": {
        "type": "Point",
        "coordinates": [
          8.335053333333333,
          44.161705
        ]
      },
      "properties": {
        "longtitude": 8.335053333333333,
        "depth": 1.592,
        "temperature": 0.0,
        "time": 1782050723000,
        "timestamp": "2026-06-21T14:05:23",
        "water_level": 0.06,
        "nearest_tide_timestamp": "2026-06-21T14:10:00",
        "tide_correction": 1.6520000000000001
      }
    },
    {
      "type": "Feature",
      "geometry": {
        "type": "Point",
        "coordinates": [
          8.335053333333333,
          44.161705
        ]
      },
      "properties": {
        "longtitude": 8.335053333333333,
        "depth": 1.571,
        "temperature": 0.0,
        "time": 1782050724000,
        "timestamp": "2026-06-21T14:05:24",
        "water_level": 0.06,
        "nearest_tide_timestamp": "2026-06-21T14:10:00",
        "tide_correction": 1.631
      }
    },
    {
      "type": "Feature",
      "geometry": {
        "type": "Point",
        "coordinates": [
          8.335053333333333,
          44.161705
        ]
      },
      "properties": {
        "longtitude": 8.335053333333333,
        "depth": 1.582,
        "temperature": 0.0,
        "time": 1782050725000,
        "timestamp": "2026-06-21T14:05:25",
        "water_level": 0.06,
        "nearest_tide_timestamp": "2026-06-21T14:10:00",
        "tide_correction": 1.6420000000000001
      }
    },
    {
      "type": "Feature",
      "geometry": {
        "type": "Point",
        "coordinates": [
          8.335053333333333,
          44.16170333333333
        ]
      },
      "properties": {
        "longtitude": 8.335053333333333,
        "depth": 1.53,
        "temperature": 0.0,
        "time": 1782050726000,
        "timestamp": "2026-06-21T14:05:26",
        "water_level": 0.06,
        "nearest_tide_timestamp": "2026-06-21T14:10:00",
        "tide_correction": 1.59
      }
    },
    {
      "type": "Feature",
      "geometry": {
        "type": "Point",
        "coordinates": [
          8.335053333333333,
          44.16170333333333
        ]
      },
      "properties": {
        "longtitude": 8.335053333333333,
        "depth": 1.509,
        "temperature": 0.0,
        "time": 1782050727000,
        "timestamp": "2026-06-21T14:05:27",
        "water_level": 0.06,
        "nearest_tide_timestamp": "2026-06-21T14:10:00",
        "tide_correction": 1.569
      }
    },
    {
      "type": "Feature",
      "geometry": {
        "type": "Point",
        "coordinates": [
          8.335053333333333,
          44.16170333333333
        ]
      },
      "properties": {
        "longtitude": 8.335053333333333,
        "depth": 1.488,
        "temperature": 0.0,
        "time": 1782050728000,
        "timestamp": "2026-06-21T14:05:28",
        "water_level": 0.06,
        "nearest_tide_timestamp": "2026-06-21T14:10:00",
        "tide_correction": 1.548
      }
    },
    {
      "type": "Feature",
      "geometry": {
        "type": "Point",
        "coordinates": [
          8.335055,
          44.16170333333333
        ]
      },
      "properties": {
        "longtitude": 8.335055,
        "depth": 1.53,
        "temperature": 0.0,
        "time": 1782050729000,
        "timestamp": "2026-06-21T14:05:29",
        "water_level": 0.06,
        "nearest_tide_timestamp": "2026-06-21T14:10:00",
        "tide_correction": 1.59
      }
    },
    {
      "type": "Feature",
      "geometry": {
        "type": "Point",
        "coordinates": [
          8.335055,
          44.16170333333333
        ]
      },
      "properties": {
        "longtitude": 8.335055,
        "depth": 1.499,
        "temperature": 0.0,
        "time": 1782050730000,
        "timestamp": "2026-06-21T14:05:30",
        "water_level": 0.06,
        "nearest_tide_timestamp": "2026-06-21T14:10:00",
        "tide_correction": 1.5590000000000002
      }
    },
    {
      "type": "Feature",
      "geometry": {
        "type": "Point",
        "coordinates": [
          8.335053333333333,
          44.16170333333333
        ]
      },
      "properties": {
        "longtitude": 8.335053333333333,
        "depth": 1.603,
        "temperature": 0.0,
        "time": 1782050731000,
        "timestamp": "2026-06-21T14:05:31",
        "water_level": 0.06,
        "nearest_tide_timestamp": "2026-06-21T14:10:00",
        "tide_correction": 1.663
      }
    },
    {
      "type": "Feature",
      "geometry": {
        "type": "Point",
        "coordinates": [
          8.335051666666667,
          44.16170333333333
        ]
      },
      "properties": {
        "longtitude": 8.335051666666667,
        "depth": 1.447,
        "temperature": 0.0,
        "time": 1782050732000,
        "timestamp": "2026-06-21T14:05:32",
        "water_level": 0.06,
        "nearest_tide_timestamp": "2026-06-21T14:10:00",
        "tide_correction": 1.5070000000000001
      }
    },
    {
      "type": "Feature",
      "geometry": {
        "type": "Point",
        "coordinates": [
          8.335049999999999,
          44.16170333333333
        ]
      },
      "properties": {
        "longtitude": 8.335049999999999,
        "depth": 1.426,
        "temperature": 0.0,
        "time": 1782050733000,
        "timestamp": "2026-06-21T14:05:33",
        "water_level": 0.06,
        "nearest_tide_timestamp": "2026-06-21T14:10:00",
        "tide_correction": 1.486
      }
    },
    {
      "type": "Feature",
      "geometry": {
        "type": "Point",
        "coordinates": [
          8.335046666666667,
          44.16170333333333
        ]
      },
      "properties": {
        "longtitude": 8.335046666666667,
        "depth": 1.384,
        "temperature": 0.0,
        "time": 1782050734000,
        "timestamp": "2026-06-21T14:05:34",
        "water_level": 0.06,
        "nearest_tide_timestamp": "2026-06-21T14:10:00",
        "tide_correction": 1.444
      }
    },
    {
      "type": "Feature",
      "geometry": {
        "type": "Point",
        "coordinates": [
          8.335048333333333,
          44.16170666666667
        ]
      },
      "properties": {
        "longtitude": 8.335048333333333,
        "depth": 1.405,
        "temperature": 0.0,
        "time": 1782050735000,
        "timestamp": "2026-06-21T14:05:35",
        "water_level": 0.06,
        "nearest_tide_timestamp": "2026-06-21T14:10:00",
        "tide_correction": 1.465
      }
    },
    {
      "type": "Feature",
      "geometry": {
        "type": "Point",
        "coordinates": [
          8.335046666666667,
          44.16170666666667
        ]
      },
      "properties": {
        "longtitude": 8.335046666666667,
        "depth": 1.426,
        "temperature": 0.0,
        "time": 1782050736000,
        "timestamp": "2026-06-21T14:05:36",
        "water_level": 0.06,
        "nearest_tide_timestamp": "2026-06-21T14:10:00",
        "tide_correction": 1.486
      }
    },
    {
      "type": "Feature",
      "geometry": {
        "type": "Point",
        "coordinates": [
          8.335048333333333,
          44.16170833333334
        ]
      },
      "properties": {
        "longtitude": 8.335048333333333,
        "depth": 1.384,
        "temperature": 0.0,
        "time": 1782050737000,
        "timestamp": "2026-06-21T14:05:37",
        "water_level": 0.06,
        "nearest_tide_timestamp": "2026-06-21T14:10:00",
        "tide_correction": 1.444
      }
    },
    {
      "type": "Feature",
      "geometry": {
        "type": "Point",
        "coordinates": [
          8.335049999999999,
          44.16170833333334
        ]
      },
      "properties": {
        "longtitude": 8.335049999999999,
        "depth": 1.436,
        "temperature": 0.0,
        "time": 1782050738000,
        "timestamp": "2026-06-21T14:05:38",
        "water_level": 0.06,
        "nearest_tide_timestamp": "2026-06-21T14:10:00",
        "tide_correction": 1.496
      }
    },
    {
      "type": "Feature",
      "geometry": {
        "type": "Point",
        "coordinates": [
          8.335049999999999,
          44.16170999999999
        ]
      },
      "properties": {
        "longtitude": 8.335049999999999,
        "depth": 1.457,
        "temperature": 0.0,
        "time": 1782050739000,
        "timestamp": "2026-06-21T14:05:39",
        "water_level": 0.06,
        "nearest_tide_timestamp": "2026-06-21T14:10:00",
        "tide_correction": 1.5170000000000001
      }
    },
    {
      "type": "Feature",
      "geometry": {
        "type": "Point",
        "coordinates": [
          8.335051666666667,
          44.16170833333334
        ]
      },
      "properties": {
        "longtitude": 8.335051666666667,
        "depth": 1.634,
        "temperature": 0.0,
        "time": 1782050740000,
        "timestamp": "2026-06-21T14:05:40",
        "water_level": 0.06,
        "nearest_tide_timestamp": "2026-06-21T14:10:00",
        "tide_correction": 1.694
      }
    },
    {
      "type": "Feature",
      "geometry": {
        "type": "Point",
        "coordinates": [
          8.335053333333333,
          44.16170999999999
        ]
      },
      "properties": {
        "longtitude": 8.335053333333333,
        "depth": 1.478,
        "temperature": 0.0,
        "time": 1782050741000,
        "timestamp": "2026-06-21T14:05:41",
        "water_level": 0.06,
        "nearest_tide_timestamp": "2026-06-21T14:10:00",
        "tide_correction": 1.538
      }
    },
    {
      "type": "Feature",
      "geometry": {
        "type": "Point",
        "coordinates": [
          8.335053333333333,
          44.16170833333334
        ]
      },
      "properties": {
        "longtitude": 8.335053333333333,
        "depth": 1.644,
        "temperature": 0.0,
        "time": 1782050742000,
        "timestamp": "2026-06-21T14:05:42",
        "water_level": 0.06,
        "nearest_tide_timestamp": "2026-06-21T14:10:00",
        "tide_correction": 1.704
      }
    },
    {
      "type": "Feature",
      "geometry": {
        "type": "Point",
        "coordinates": [
          8.335053333333333,
          44.16170833333334
        ]
      },
      "properties": {
        "longtitude": 8.335053333333333,
        "depth": 1.54,
        "temperature": 0.0,
        "time": 1782050743000,
        "timestamp": "2026-06-21T14:05:43",
        "water_level": 0.06,
        "nearest_tide_timestamp": "2026-06-21T14:10:00",
        "tide_correction": 1.6
      }
    },
    {
      "type": "Feature",
      "geometry": {
        "type": "Point",
        "coordinates": [
          8.335053333333333,
          44.16170666666667
        ]
      },
      "properties": {
        "longtitude": 8.335053333333333,
        "depth": 1.499,
        "temperature": 0.0,
        "time": 1782050744000,
        "timestamp": "2026-06-21T14:05:44",
        "water_level": 0.06,
        "nearest_tide_timestamp": "2026-06-21T14:10:00",
        "tide_correction": 1.5590000000000002
      }
    },
    {
      "type": "Feature",
      "geometry": {
        "type": "Point",
        "coordinates": [
          8.335055,
          44.16170666666667
        ]
      },
      "properties": {
        "longtitude": 8.335055,
        "depth": 1.509,
        "temperature": 0.0,
        "time": 1782050745000,
        "timestamp": "2026-06-21T14:05:45",
        "water_level": 0.06,
        "nearest_tide_timestamp": "2026-06-21T14:10:00",
        "tide_correction": 1.569
      }
    },
    {
      "type": "Feature",
      "geometry": {
        "type": "Point",
        "coordinates": [
          8.335056666666667,
          44.16170666666667
        ]
      },
      "properties": {
        "longtitude": 8.335056666666667,
        "depth": 1.53,
        "temperature": 0.0,
        "time": 1782050746000,
        "timestamp": "2026-06-21T14:05:46",
        "water_level": 0.06,
        "nearest_tide_timestamp": "2026-06-21T14:10:00",
        "tide_correction": 1.59
      }
    },
    {
      "type": "Feature",
      "geometry": {
        "type": "Point",
        "coordinates": [
          8.33506,
          44.16170666666667
        ]
      },
      "properties": {
        "longtitude": 8.33506,
        "depth": 1.499,
        "temperature": 0.0,
        "time": 1782050747000,
        "timestamp": "2026-06-21T14:05:47",
        "water_level": 0.06,
        "nearest_tide_timestamp": "2026-06-21T14:10:00",
        "tide_correction": 1.5590000000000002
      }
    },
    {
      "type": "Feature",
      "geometry": {
        "type": "Point",
        "coordinates": [
          8.335061666666666,
          44.16170833333334
        ]
      },
      "properties": {
        "longtitude": 8.335061666666666,
        "depth": 1.519,
        "temperature": 0.0,
        "time": 1782050748000,
        "timestamp": "2026-06-21T14:05:48",
        "water_level": 0.06,
        "nearest_tide_timestamp": "2026-06-21T14:10:00",
        "tide_correction": 1.579
      }
    },
    {
      "type": "Feature",
      "geometry": {
        "type": "Point",
        "coordinates": [
          8.33506,
          44.16170833333334
        ]
      },
      "properties": {
        "longtitude": 8.33506,
        "depth": 1.551,
        "temperature": 0.0,
        "time": 1782050749000,
        "timestamp": "2026-06-21T14:05:49",
        "water_level": 0.06,
        "nearest_tide_timestamp": "2026-06-21T14:10:00",
        "tide_correction": 1.611
      }
    },
    {
      "type": "Feature",
      "geometry": {
        "type": "Point",
        "coordinates": [
          8.335061666666666,
          44.16170833333334
        ]
      },
      "properties": {
        "longtitude": 8.335061666666666,
        "depth": 1.53,
        "temperature": 0.0,
        "time": 1782050750000,
        "timestamp": "2026-06-21T14:05:50",
        "water_level": 0.06,
        "nearest_tide_timestamp": "2026-06-21T14:10:00",
        "tide_correction": 1.59
      }
    },
    {
      "type": "Feature",
      "geometry": {
        "type": "Point",
        "coordinates": [
          8.335061666666666,
          44.16170833333334
        ]
      },
      "properties": {
        "longtitude": 8.335061666666666,
        "depth": 1.603,
        "temperature": 0.0,
        "time": 1782050751000,
        "timestamp": "2026-06-21T14:05:51",
        "water_level": 0.06,
        "nearest_tide_timestamp": "2026-06-21T14:10:00",
        "tide_correction": 1.663
      }
    },
    {
      "type": "Feature",
      "geometry": {
        "type": "Point",
        "coordinates": [
          8.335061666666666,
          44.16170833333334
        ]
      },
      "properties": {
        "longtitude": 8.335061666666666,
        "depth": 1.488,
        "temperature": 0.0,
        "time": 1782050752000,
        "timestamp": "2026-06-21T14:05:52",
        "water_level": 0.06,
        "nearest_tide_timestamp": "2026-06-21T14:10:00",
        "tide_correction": 1.548
      }
    },
    {
      "type": "Feature",
      "geometry": {
        "type": "Point",
        "coordinates": [
          8.335061666666666,
          44.16170999999999
        ]
      },
      "properties": {
        "longtitude": 8.335061666666666,
        "depth": 1.582,
        "temperature": 0.0,
        "time": 1782050753000,
        "timestamp": "2026-06-21T14:05:53",
        "water_level": 0.06,
        "nearest_tide_timestamp": "2026-06-21T14:10:00",
        "tide_correction": 1.6420000000000001
      }
    },
    {
      "type": "Feature",
      "geometry": {
        "type": "Point",
        "coordinates": [
          8.335061666666666,
          44.16170999999999
        ]
      },
      "properties": {
        "longtitude": 8.335061666666666,
        "depth": 1.634,
        "temperature": 0.0,
        "time": 1782050754000,
        "timestamp": "2026-06-21T14:05:54",
        "water_level": 0.06,
        "nearest_tide_timestamp": "2026-06-21T14:10:00",
        "tide_correction": 1.694
      }
    },
    {
      "type": "Feature",
      "geometry": {
        "type": "Point",
        "coordinates": [
          8.335063333333332,
          44.16170999999999
        ]
      },
      "properties": {
        "longtitude": 8.335063333333332,
        "depth": 1.582,
        "temperature": 0.0,
        "time": 1782050755000,
        "timestamp": "2026-06-21T14:05:55",
        "water_level": 0.06,
        "nearest_tide_timestamp": "2026-06-21T14:10:00",
        "tide_correction": 1.6420000000000001
      }
    },
    {
      "type": "Feature",
      "geometry": {
        "type": "Point",
        "coordinates": [
          8.335063333333332,
          44.16170999999999
        ]
      },
      "properties": {
        "longtitude": 8.335063333333332,
        "depth": 1.561,
        "temperature": 0.0,
        "time": 1782050756000,
        "timestamp": "2026-06-21T14:05:56",
        "water_level": 0.06,
        "nearest_tide_timestamp": "2026-06-21T14:10:00",
        "tide_correction": 1.621
      }
    },
    {
      "type": "Feature",
      "geometry": {
        "type": "Point",
        "coordinates": [
          8.335063333333332,
          44.16171166666666
        ]
      },
      "properties": {
        "longtitude": 8.335063333333332,
        "depth": 1.748,
        "temperature": 0.0,
        "time": 1782050757000,
        "timestamp": "2026-06-21T14:05:57",
        "water_level": 0.06,
        "nearest_tide_timestamp": "2026-06-21T14:10:00",
        "tide_correction": 1.808
      }
    },
    {
      "type": "Feature",
      "geometry": {
        "type": "Point",
        "coordinates": [
          8.335064999999998,
          44.16171166666666
        ]
      },
      "properties": {
        "longtitude": 8.335064999999998,
        "depth": 1.405,
        "temperature": 0.0,
        "time": 1782050758000,
        "timestamp": "2026-06-21T14:05:58",
        "water_level": 0.06,
        "nearest_tide_timestamp": "2026-06-21T14:10:00",
        "tide_correction": 1.465
      }
    },
    {
      "type": "Feature",
      "geometry": {
        "type": "Point",
        "coordinates": [
          8.335066666666668,
          44.16171333333333
        ]
      },
      "properties": {
        "longtitude": 8.335066666666668,
        "depth": 1.54,
        "temperature": 0.0,
        "time": 1782050759000,
        "timestamp": "2026-06-21T14:05:59",
        "water_level": 0.06,
        "nearest_tide_timestamp": "2026-06-21T14:10:00",
        "tide_correction": 1.6
      }
    },
    {
      "type": "Feature",
      "geometry": {
        "type": "Point",
        "coordinates": [
          8.335068333333334,
          44.16171333333333
        ]
      },
      "properties": {
        "longtitude": 8.335068333333334,
        "depth": 1.665,
        "temperature": 0.0,
        "time": 1782050760000,
        "timestamp": "2026-06-21T14:06:00",
        "water_level": 0.06,
        "nearest_tide_timestamp": "2026-06-21T14:10:00",
        "tide_correction": 1.725
      }
    },
    {
      "type": "Feature",
      "geometry": {
        "type": "Point",
        "coordinates": [
          8.335068333333334,
          44.161715
        ]
      },
      "properties": {
        "longtitude": 8.335068333333334,
        "depth": 1.613,
        "temperature": 0.0,
        "time": 1782050761000,
        "timestamp": "2026-06-21T14:06:01",
        "water_level": 0.06,
        "nearest_tide_timestamp": "2026-06-21T14:10:00",
        "tide_correction": 1.673
      }
    },
    {
      "type": "Feature",
      "geometry": {
        "type": "Point",
        "coordinates": [
          8.33507,
          44.161715
        ]
      },
      "properties": {
        "longtitude": 8.33507,
        "depth": 1.665,
        "temperature": 0.0,
        "time": 1782050762000,
        "timestamp": "2026-06-21T14:06:02",
        "water_level": 0.06,
        "nearest_tide_timestamp": "2026-06-21T14:10:00",
        "tide_correction": 1.725
      }
    },
    {
      "type": "Feature",
      "geometry": {
        "type": "Point",
        "coordinates": [
          8.335073333333334,
          44.161715
        ]
      },
      "properties": {
        "longtitude": 8.335073333333334,
        "depth": 1.519,
        "temperature": 0.0,
        "time": 1782050763000,
        "timestamp": "2026-06-21T14:06:03",
        "water_level": 0.06,
        "nearest_tide_timestamp": "2026-06-21T14:10:00",
        "tide_correction": 1.579
      }
    },
    {
      "type": "Feature",
      "geometry": {
        "type": "Point",
        "coordinates": [
          8.335075,
          44.161715
        ]
      },
      "properties": {
        "longtitude": 8.335075,
        "depth": 1.623,
        "temperature": 0.0,
        "time": 1782050764000,
        "timestamp": "2026-06-21T14:06:04",
        "water_level": 0.06,
        "nearest_tide_timestamp": "2026-06-21T14:10:00",
        "tide_correction": 1.683
      }
    },
    {
      "type": "Feature",
      "geometry": {
        "type": "Point",
        "coordinates": [
          8.335075,
          44.161715
        ]
      },
      "properties": {
        "longtitude": 8.335075,
        "depth": 1.582,
        "temperature": 0.0,
        "time": 1782050765000,
        "timestamp": "2026-06-21T14:06:05",
        "water_level": 0.06,
        "nearest_tide_timestamp": "2026-06-21T14:10:00",
        "tide_correction": 1.6420000000000001
      }
    },
    {
      "type": "Feature",
      "geometry": {
        "type": "Point",
        "coordinates": [
          8.335076666666668,
          44.161715
        ]
      },
      "properties": {
        "longtitude": 8.335076666666668,
        "depth": 1.759,
        "temperature": 0.0,
        "time": 1782050766000,
        "timestamp": "2026-06-21T14:06:06",
        "water_level": 0.06,
        "nearest_tide_timestamp": "2026-06-21T14:10:00",
        "tide_correction": 1.819
      }
    },
    {
      "type": "Feature",
      "geometry": {
        "type": "Point",
        "coordinates": [
          8.33508,
          44.161715
        ]
      },
      "properties": {
        "longtitude": 8.33508,
        "depth": 1.592,
        "temperature": 0.0,
        "time": 1782050767000,
        "timestamp": "2026-06-21T14:06:07",
        "water_level": 0.06,
        "nearest_tide_timestamp": "2026-06-21T14:10:00",
        "tide_correction": 1.6520000000000001
      }
    },
    {
      "type": "Feature",
      "geometry": {
        "type": "Point",
        "coordinates": [
          8.335081666666667,
          44.16171666666667
        ]
      },
      "properties": {
        "longtitude": 8.335081666666667,
        "depth": 1.582,
        "temperature": 0.0,
        "time": 1782050768000,
        "timestamp": "2026-06-21T14:06:08",
        "water_level": 0.06,
        "nearest_tide_timestamp": "2026-06-21T14:10:00",
        "tide_correction": 1.6420000000000001
      }
    },
    {
      "type": "Feature",
      "geometry": {
        "type": "Point",
        "coordinates": [
          8.335085,
          44.16172
        ]
      },
      "properties": {
        "longtitude": 8.335085,
        "depth": 1.27,
        "temperature": 0.0,
        "time": 1782050769000,
        "timestamp": "2026-06-21T14:06:09",
        "water_level": 0.06,
        "nearest_tide_timestamp": "2026-06-21T14:10:00",
        "tide_correction": 1.33
      }
    },
    {
      "type": "Feature",
      "geometry": {
        "type": "Point",
        "coordinates": [
          8.335090000000001,
          44.16172166666667
        ]
      },
      "properties": {
        "longtitude": 8.335090000000001,
        "depth": 1.53,
        "temperature": 0.0,
        "time": 1782050770000,
        "timestamp": "2026-06-21T14:06:10",
        "water_level": 0.06,
        "nearest_tide_timestamp": "2026-06-21T14:10:00",
        "tide_correction": 1.59
      }
    },
    {
      "type": "Feature",
      "geometry": {
        "type": "Point",
        "coordinates": [
          8.335093333333333,
          44.16172
        ]
      },
      "properties": {
        "longtitude": 8.335093333333333,
        "depth": 1.551,
        "temperature": 0.0,
        "time": 1782050771000,
        "timestamp": "2026-06-21T14:06:11",
        "water_level": 0.06,
        "nearest_tide_timestamp": "2026-06-21T14:10:00",
        "tide_correction": 1.611
      }
    },
    {
      "type": "Feature",
      "geometry": {
        "type": "Point",
        "coordinates": [
          8.335096666666667,
          44.16172
        ]
      },
      "properties": {
        "longtitude": 8.335096666666667,
        "depth": 1.603,
        "temperature": 0.0,
        "time": 1782050772000,
        "timestamp": "2026-06-21T14:06:12",
        "water_level": 0.06,
        "nearest_tide_timestamp": "2026-06-21T14:10:00",
        "tide_correction": 1.663
      }
    },
    {
      "type": "Feature",
      "geometry": {
        "type": "Point",
        "coordinates": [
          8.335093333333333,
          44.161715
        ]
      },
      "properties": {
        "longtitude": 8.335093333333333,
        "depth": 1.79,
        "temperature": 0.0,
        "time": 1782050773000,
        "timestamp": "2026-06-21T14:06:13",
        "water_level": 0.06,
        "nearest_tide_timestamp": "2026-06-21T14:10:00",
        "tide_correction": 1.85
      }
    },
    {
      "type": "Feature",
      "geometry": {
        "type": "Point",
        "coordinates": [
          8.335090000000001,
          44.16171666666667
        ]
      },
      "properties": {
        "longtitude": 8.335090000000001,
        "depth": 1.665,
        "temperature": 0.0,
        "time": 1782050774000,
        "timestamp": "2026-06-21T14:06:14",
        "water_level": 0.06,
        "nearest_tide_timestamp": "2026-06-21T14:10:00",
        "tide_correction": 1.725
      }
    },
    {
      "type": "Feature",
      "geometry": {
        "type": "Point",
        "coordinates": [
          8.335090000000001,
          44.16171666666667
        ]
      },
      "properties": {
        "longtitude": 8.335090000000001,
        "depth": 1.832,
        "temperature": 0.0,
        "time": 1782050775000,
        "timestamp": "2026-06-21T14:06:15",
        "water_level": 0.06,
        "nearest_tide_timestamp": "2026-06-21T14:10:00",
        "tide_correction": 1.8920000000000001
      }
    },
    {
      "type": "Feature",
      "geometry": {
        "type": "Point",
        "coordinates": [
          8.335088333333335,
          44.16171666666667
        ]
      },
      "properties": {
        "longtitude": 8.335088333333335,
        "depth": 1.8,
        "temperature": 0.0,
        "time": 1782050776000,
        "timestamp": "2026-06-21T14:06:16",
        "water_level": 0.06,
        "nearest_tide_timestamp": "2026-06-21T14:10:00",
        "tide_correction": 1.86
      }
    },
    {
      "type": "Feature",
      "geometry": {
        "type": "Point",
        "coordinates": [
          8.335088333333335,
          44.16171666666667
        ]
      },
      "properties": {
        "longtitude": 8.335088333333335,
        "depth": 1.8,
        "temperature": 0.0,
        "time": 1782050777000,
        "timestamp": "2026-06-21T14:06:17",
        "water_level": 0.06,
        "nearest_tide_timestamp": "2026-06-21T14:10:00",
        "tide_correction": 1.86
      }
    },
    {
      "type": "Feature",
      "geometry": {
        "type": "Point",
        "coordinates": [
          8.335090000000001,
          44.161715
        ]
      },
      "properties": {
        "longtitude": 8.335090000000001,
        "depth": 1.405,
        "temperature": 0.0,
        "time": 1782050778000,
        "timestamp": "2026-06-21T14:06:18",
        "water_level": 0.06,
        "nearest_tide_timestamp": "2026-06-21T14:10:00",
        "tide_correction": 1.465
      }
    },
    {
      "type": "Feature",
      "geometry": {
        "type": "Point",
        "coordinates": [
          8.335091666666667,
          44.161715
        ]
      },
      "properties": {
        "longtitude": 8.335091666666667,
        "depth": 1.488,
        "temperature": 0.0,
        "time": 1782050779000,
        "timestamp": "2026-06-21T14:06:19",
        "water_level": 0.06,
        "nearest_tide_timestamp": "2026-06-21T14:10:00",
        "tide_correction": 1.548
      }
    },
    {
      "type": "Feature",
      "geometry": {
        "type": "Point",
        "coordinates": [
          8.335091666666667,
          44.16171333333333
        ]
      },
      "properties": {
        "longtitude": 8.335091666666667,
        "depth": 1.426,
        "temperature": 0.0,
        "time": 1782050780000,
        "timestamp": "2026-06-21T14:06:20",
        "water_level": 0.06,
        "nearest_tide_timestamp": "2026-06-21T14:10:00",
        "tide_correction": 1.486
      }
    },
    {
      "type": "Feature",
      "geometry": {
        "type": "Point",
        "coordinates": [
          8.335091666666667,
          44.16171333333333
        ]
      },
      "properties": {
        "longtitude": 8.335091666666667,
        "depth": 1.405,
        "temperature": 0.0,
        "time": 1782050781000,
        "timestamp": "2026-06-21T14:06:21",
        "water_level": 0.06,
        "nearest_tide_timestamp": "2026-06-21T14:10:00",
        "tide_correction": 1.465
      }
    },
    {
      "type": "Feature",
      "geometry": {
        "type": "Point",
        "coordinates": [
          8.335091666666667,
          44.16171333333333
        ]
      },
      "properties": {
        "longtitude": 8.335091666666667,
        "depth": 1.561,
        "temperature": 0.0,
        "time": 1782050782000,
        "timestamp": "2026-06-21T14:06:22",
        "water_level": 0.06,
        "nearest_tide_timestamp": "2026-06-21T14:10:00",
        "tide_correction": 1.621
      }
    },
    {
      "type": "Feature",
      "geometry": {
        "type": "Point",
        "coordinates": [
          8.335090000000001,
          44.16171166666666
        ]
      },
      "properties": {
        "longtitude": 8.335090000000001,
        "depth": 1.301,
        "temperature": 0.0,
        "time": 1782050783000,
        "timestamp": "2026-06-21T14:06:23",
        "water_level": 0.06,
        "nearest_tide_timestamp": "2026-06-21T14:10:00",
        "tide_correction": 1.361
      }
    },
    {
      "type": "Feature",
      "geometry": {
        "type": "Point",
        "coordinates": [
          8.335090000000001,
          44.16171166666666
        ]
      },
      "properties": {
        "longtitude": 8.335090000000001,
        "depth": 1.353,
        "temperature": 0.0,
        "time": 1782050784000,
        "timestamp": "2026-06-21T14:06:24",
        "water_level": 0.06,
        "nearest_tide_timestamp": "2026-06-21T14:10:00",
        "tide_correction": 1.413
      }
    },
    {
      "type": "Feature",
      "geometry": {
        "type": "Point",
        "coordinates": [
          8.335090000000001,
          44.16171166666666
        ]
      },
      "properties": {
        "longtitude": 8.335090000000001,
        "depth": 1.249,
        "temperature": 0.0,
        "time": 1782050785000,
        "timestamp": "2026-06-21T14:06:25",
        "water_level": 0.06,
        "nearest_tide_timestamp": "2026-06-21T14:10:00",
        "tide_correction": 1.3090000000000002
      }
    },
    {
      "type": "Feature",
      "geometry": {
        "type": "Point",
        "coordinates": [
          8.335090000000001,
          44.16171166666666
        ]
      },
      "properties": {
        "longtitude": 8.335090000000001,
        "depth": 1.54,
        "temperature": 0.0,
        "time": 1782050786000,
        "timestamp": "2026-06-21T14:06:26",
        "water_level": 0.06,
        "nearest_tide_timestamp": "2026-06-21T14:10:00",
        "tide_correction": 1.6
      }
    },
    {
      "type": "Feature",
      "geometry": {
        "type": "Point",
        "coordinates": [
          8.335090000000001,
          44.16171166666666
        ]
      },
      "properties": {
        "longtitude": 8.335090000000001,
        "depth": 1.426,
        "temperature": 0.0,
        "time": 1782050787000,
        "timestamp": "2026-06-21T14:06:27",
        "water_level": 0.06,
        "nearest_tide_timestamp": "2026-06-21T14:10:00",
        "tide_correction": 1.486
      }
    },
    {
      "type": "Feature",
      "geometry": {
        "type": "Point",
        "coordinates": [
          8.335088333333335,
          44.16171166666666
        ]
      },
      "properties": {
        "longtitude": 8.335088333333335,
        "depth": 1.488,
        "temperature": 0.0,
        "time": 1782050788000,
        "timestamp": "2026-06-21T14:06:28",
        "water_level": 0.06,
        "nearest_tide_timestamp": "2026-06-21T14:10:00",
        "tide_correction": 1.548
      }
    },
    {
      "type": "Feature",
      "geometry": {
        "type": "Point",
        "coordinates": [
          8.335086666666665,
          44.16171333333333
        ]
      },
      "properties": {
        "longtitude": 8.335086666666665,
        "depth": 1.395,
        "temperature": 0.0,
        "time": 1782050789000,
        "timestamp": "2026-06-21T14:06:29",
        "water_level": 0.06,
        "nearest_tide_timestamp": "2026-06-21T14:10:00",
        "tide_correction": 1.455
      }
    },
    {
      "type": "Feature",
      "geometry": {
        "type": "Point",
        "coordinates": [
          8.335085,
          44.16171333333333
        ]
      },
      "properties": {
        "longtitude": 8.335085,
        "depth": 1.28,
        "temperature": 0.0,
        "time": 1782050790000,
        "timestamp": "2026-06-21T14:06:30",
        "water_level": 0.06,
        "nearest_tide_timestamp": "2026-06-21T14:10:00",
        "tide_correction": 1.34
      }
    },
    {
      "type": "Feature",
      "geometry": {
        "type": "Point",
        "coordinates": [
          8.335086666666665,
          44.16171333333333
        ]
      },
      "properties": {
        "longtitude": 8.335086666666665,
        "depth": 1.353,
        "temperature": 0.0,
        "time": 1782050791000,
        "timestamp": "2026-06-21T14:06:31",
        "water_level": 0.06,
        "nearest_tide_timestamp": "2026-06-21T14:10:00",
        "tide_correction": 1.413
      }
    },
    {
      "type": "Feature",
      "geometry": {
        "type": "Point",
        "coordinates": [
          8.335086666666665,
          44.16171333333333
        ]
      },
      "properties": {
        "longtitude": 8.335086666666665,
        "depth": 1.395,
        "temperature": 0.0,
        "time": 1782050792000,
        "timestamp": "2026-06-21T14:06:32",
        "water_level": 0.06,
        "nearest_tide_timestamp": "2026-06-21T14:10:00",
        "tide_correction": 1.455
      }
    },
    {
      "type": "Feature",
      "geometry": {
        "type": "Point",
        "coordinates": [
          8.335088333333335,
          44.16171333333333
        ]
      },
      "properties": {
        "longtitude": 8.335088333333335,
        "depth": 1.478,
        "temperature": 0.0,
        "time": 1782050793000,
        "timestamp": "2026-06-21T14:06:33",
        "water_level": 0.06,
        "nearest_tide_timestamp": "2026-06-21T14:10:00",
        "tide_correction": 1.538
      }
    },
    {
      "type": "Feature",
      "geometry": {
        "type": "Point",
        "coordinates": [
          8.335086666666665,
          44.161715
        ]
      },
      "properties": {
        "longtitude": 8.335086666666665,
        "depth": 1.499,
        "temperature": 0.0,
        "time": 1782050794000,
        "timestamp": "2026-06-21T14:06:34",
        "water_level": 0.06,
        "nearest_tide_timestamp": "2026-06-21T14:10:00",
        "tide_correction": 1.5590000000000002
      }
    },
    {
      "type": "Feature",
      "geometry": {
        "type": "Point",
        "coordinates": [
          8.335085,
          44.16171666666667
        ]
      },
      "properties": {
        "longtitude": 8.335085,
        "depth": 1.519,
        "temperature": 0.0,
        "time": 1782050795000,
        "timestamp": "2026-06-21T14:06:35",
        "water_level": 0.06,
        "nearest_tide_timestamp": "2026-06-21T14:10:00",
        "tide_correction": 1.579
      }
    },
    {
      "type": "Feature",
      "geometry": {
        "type": "Point",
        "coordinates": [
          8.335083333333333,
          44.161718333333326
        ]
      },
      "properties": {
        "longtitude": 8.335083333333333,
        "depth": 1.603,
        "temperature": 0.0,
        "time": 1782050796000,
        "timestamp": "2026-06-21T14:06:36",
        "water_level": 0.06,
        "nearest_tide_timestamp": "2026-06-21T14:10:00",
        "tide_correction": 1.663
      }
    },
    {
      "type": "Feature",
      "geometry": {
        "type": "Point",
        "coordinates": [
          8.335081666666667,
          44.161718333333326
        ]
      },
      "properties": {
        "longtitude": 8.335081666666667,
        "depth": 1.728,
        "temperature": 0.0,
        "time": 1782050797000,
        "timestamp": "2026-06-21T14:06:37",
        "water_level": 0.06,
        "nearest_tide_timestamp": "2026-06-21T14:10:00",
        "tide_correction": 1.788
      }
    },
    {
      "type": "Feature",
      "geometry": {
        "type": "Point",
        "coordinates": [
          8.335081666666667,
          44.161718333333326
        ]
      },
      "properties": {
        "longtitude": 8.335081666666667,
        "depth": 1.623,
        "temperature": 0.0,
        "time": 1782050798000,
        "timestamp": "2026-06-21T14:06:38",
        "water_level": 0.06,
        "nearest_tide_timestamp": "2026-06-21T14:10:00",
        "tide_correction": 1.683
      }
    },
    {
      "type": "Feature",
      "geometry": {
        "type": "Point",
        "coordinates": [
          8.33508,
          44.16172
        ]
      },
      "properties": {
        "longtitude": 8.33508,
        "depth": 1.696,
        "temperature": 0.0,
        "time": 1782050799000,
        "timestamp": "2026-06-21T14:06:39",
        "water_level": 0.06,
        "nearest_tide_timestamp": "2026-06-21T14:10:00",
        "tide_correction": 1.756
      }
    },
    {
      "type": "Feature",
      "geometry": {
        "type": "Point",
        "coordinates": [
          8.33508,
          44.161718333333326
        ]
      },
      "properties": {
        "longtitude": 8.33508,
        "depth": 1.676,
        "temperature": 0.0,
        "time": 1782050800000,
        "timestamp": "2026-06-21T14:06:40",
        "water_level": 0.06,
        "nearest_tide_timestamp": "2026-06-21T14:10:00",
        "tide_correction": 1.736
      }
    },
    {
      "type": "Feature",
      "geometry": {
        "type": "Point",
        "coordinates": [
          8.33508,
          44.161718333333326
        ]
      },
      "properties": {
        "longtitude": 8.33508,
        "depth": 1.748,
        "temperature": 0.0,
        "time": 1782050801000,
        "timestamp": "2026-06-21T14:06:41",
        "water_level": 0.06,
        "nearest_tide_timestamp": "2026-06-21T14:10:00",
        "tide_correction": 1.808
      }
    },
    {
      "type": "Feature",
      "geometry": {
        "type": "Point",
        "coordinates": [
          8.33508,
          44.161718333333326
        ]
      },
      "properties": {
        "longtitude": 8.33508,
        "depth": 1.603,
        "temperature": 0.0,
        "time": 1782050802000,
        "timestamp": "2026-06-21T14:06:42",
        "water_level": 0.06,
        "nearest_tide_timestamp": "2026-06-21T14:10:00",
        "tide_correction": 1.663
      }
    },
    {
      "type": "Feature",
      "geometry": {
        "type": "Point",
        "coordinates": [
          8.33508,
          44.16172
        ]
      },
      "properties": {
        "longtitude": 8.33508,
        "depth": 1.665,
        "temperature": 0.0,
        "time": 1782050803000,
        "timestamp": "2026-06-21T14:06:43",
        "water_level": 0.06,
        "nearest_tide_timestamp": "2026-06-21T14:10:00",
        "tide_correction": 1.725
      }
    },
    {
      "type": "Feature",
      "geometry": {
        "type": "Point",
        "coordinates": [
          8.335078333333334,
          44.16172
        ]
      },
      "properties": {
        "longtitude": 8.335078333333334,
        "depth": 1.707,
        "temperature": 0.0,
        "time": 1782050804000,
        "timestamp": "2026-06-21T14:06:44",
        "water_level": 0.06,
        "nearest_tide_timestamp": "2026-06-21T14:10:00",
        "tide_correction": 1.7670000000000001
      }
    },
    {
      "type": "Feature",
      "geometry": {
        "type": "Point",
        "coordinates": [
          8.335078333333334,
          44.161718333333326
        ]
      },
      "properties": {
        "longtitude": 8.335078333333334,
        "depth": 1.665,
        "temperature": 0.0,
        "time": 1782050805000,
        "timestamp": "2026-06-21T14:06:45",
        "water_level": 0.06,
        "nearest_tide_timestamp": "2026-06-21T14:10:00",
        "tide_correction": 1.725
      }
    },
    {
      "type": "Feature",
      "geometry": {
        "type": "Point",
        "coordinates": [
          8.335078333333334,
          44.16172
        ]
      },
      "properties": {
        "longtitude": 8.335078333333334,
        "depth": 1.509,
        "temperature": 0.0,
        "time": 1782050806000,
        "timestamp": "2026-06-21T14:06:46",
        "water_level": 0.06,
        "nearest_tide_timestamp": "2026-06-21T14:10:00",
        "tide_correction": 1.569
      }
    },
    {
      "type": "Feature",
      "geometry": {
        "type": "Point",
        "coordinates": [
          8.335078333333334,
          44.16172
        ]
      },
      "properties": {
        "longtitude": 8.335078333333334,
        "depth": 1.499,
        "temperature": 0.0,
        "time": 1782050807000,
        "timestamp": "2026-06-21T14:06:47",
        "water_level": 0.06,
        "nearest_tide_timestamp": "2026-06-21T14:10:00",
        "tide_correction": 1.5590000000000002
      }
    },
    {
      "type": "Feature",
      "geometry": {
        "type": "Point",
        "coordinates": [
          8.335078333333334,
          44.16172
        ]
      },
      "properties": {
        "longtitude": 8.335078333333334,
        "depth": 1.519,
        "temperature": 0.0,
        "time": 1782050808000,
        "timestamp": "2026-06-21T14:06:48",
        "water_level": 0.06,
        "nearest_tide_timestamp": "2026-06-21T14:10:00",
        "tide_correction": 1.579
      }
    },
    {
      "type": "Feature",
      "geometry": {
        "type": "Point",
        "coordinates": [
          8.335078333333334,
          44.16172
        ]
      },
      "properties": {
        "longtitude": 8.335078333333334,
        "depth": 1.488,
        "temperature": 0.0,
        "time": 1782050809000,
        "timestamp": "2026-06-21T14:06:49",
        "water_level": 0.06,
        "nearest_tide_timestamp": "2026-06-21T14:10:00",
        "tide_correction": 1.548
      }
    },
    {
      "type": "Feature",
      "geometry": {
        "type": "Point",
        "coordinates": [
          8.335076666666668,
          44.16172
        ]
      },
      "properties": {
        "longtitude": 8.335076666666668,
        "depth": 1.415,
        "temperature": 0.0,
        "time": 1782050810000,
        "timestamp": "2026-06-21T14:06:50",
        "water_level": 0.06,
        "nearest_tide_timestamp": "2026-06-21T14:10:00",
        "tide_correction": 1.475
      }
    },
    {
      "type": "Feature",
      "geometry": {
        "type": "Point",
        "coordinates": [
          8.335076666666668,
          44.16172
        ]
      },
      "properties": {
        "longtitude": 8.335076666666668,
        "depth": 1.499,
        "temperature": 0.0,
        "time": 1782050811000,
        "timestamp": "2026-06-21T14:06:51",
        "water_level": 0.06,
        "nearest_tide_timestamp": "2026-06-21T14:10:00",
        "tide_correction": 1.5590000000000002
      }
    },
    {
      "type": "Feature",
      "geometry": {
        "type": "Point",
        "coordinates": [
          8.335076666666668,
          44.16172
        ]
      },
      "properties": {
        "longtitude": 8.335076666666668,
        "depth": 1.499,
        "temperature": 0.0,
        "time": 1782050812000,
        "timestamp": "2026-06-21T14:06:52",
        "water_level": 0.06,
        "nearest_tide_timestamp": "2026-06-21T14:10:00",
        "tide_correction": 1.5590000000000002
      }
    },
    {
      "type": "Feature",
      "geometry": {
        "type": "Point",
        "coordinates": [
          8.335078333333334,
          44.16172
        ]
      },
      "properties": {
        "longtitude": 8.335078333333334,
        "depth": 1.488,
        "temperature": 0.0,
        "time": 1782050813000,
        "timestamp": "2026-06-21T14:06:53",
        "water_level": 0.06,
        "nearest_tide_timestamp": "2026-06-21T14:10:00",
        "tide_correction": 1.548
      }
    },
    {
      "type": "Feature",
      "geometry": {
        "type": "Point",
        "coordinates": [
          8.33508,
          44.16172
        ]
      },
      "properties": {
        "longtitude": 8.33508,
        "depth": 1.613,
        "temperature": 0.0,
        "time": 1782050814000,
        "timestamp": "2026-06-21T14:06:54",
        "water_level": 0.06,
        "nearest_tide_timestamp": "2026-06-21T14:10:00",
        "tide_correction": 1.673
      }
    },
    {
      "type": "Feature",
      "geometry": {
        "type": "Point",
        "coordinates": [
          8.335078333333334,
          44.16172
        ]
      },
      "properties": {
        "longtitude": 8.335078333333334,
        "depth": 1.384,
        "temperature": 0.0,
        "time": 1782050815000,
        "timestamp": "2026-06-21T14:06:55",
        "water_level": 0.06,
        "nearest_tide_timestamp": "2026-06-21T14:10:00",
        "tide_correction": 1.444
      }
    },
    {
      "type": "Feature",
      "geometry": {
        "type": "Point",
        "coordinates": [
          8.335078333333334,
          44.16172166666667
        ]
      },
      "properties": {
        "longtitude": 8.335078333333334,
        "depth": 1.613,
        "temperature": 0.0,
        "time": 1782050816000,
        "timestamp": "2026-06-21T14:06:56",
        "water_level": 0.06,
        "nearest_tide_timestamp": "2026-06-21T14:10:00",
        "tide_correction": 1.673
      }
    },
    {
      "type": "Feature",
      "geometry": {
        "type": "Point",
        "coordinates": [
          8.335078333333334,
          44.16172166666667
        ]
      },
      "properties": {
        "longtitude": 8.335078333333334,
        "depth": 1.623,
        "temperature": 0.0,
        "time": 1782050817000,
        "timestamp": "2026-06-21T14:06:57",
        "water_level": 0.06,
        "nearest_tide_timestamp": "2026-06-21T14:10:00",
        "tide_correction": 1.683
      }
    },
    {
      "type": "Feature",
      "geometry": {
        "type": "Point",
        "coordinates": [
          8.335078333333334,
          44.16172166666667
        ]
      },
      "properties": {
        "longtitude": 8.335078333333334,
        "depth": 1.571,
        "temperature": 0.0,
        "time": 1782050818000,
        "timestamp": "2026-06-21T14:06:58",
        "water_level": 0.06,
        "nearest_tide_timestamp": "2026-06-21T14:10:00",
        "tide_correction": 1.631
      }
    },
    {
      "type": "Feature",
      "geometry": {
        "type": "Point",
        "coordinates": [
          8.335076666666668,
          44.16172166666667
        ]
      },
      "properties": {
        "longtitude": 8.335076666666668,
        "depth": 1.561,
        "temperature": 0.0,
        "time": 1782050819000,
        "timestamp": "2026-06-21T14:06:59",
        "water_level": 0.06,
        "nearest_tide_timestamp": "2026-06-21T14:10:00",
        "tide_correction": 1.621
      }
    },
    {
      "type": "Feature",
      "geometry": {
        "type": "Point",
        "coordinates": [
          8.335073333333334,
          44.16172333333334
        ]
      },
      "properties": {
        "longtitude": 8.335073333333334,
        "depth": 1.311,
        "temperature": 0.0,
        "time": 1782050820000,
        "timestamp": "2026-06-21T14:07:00",
        "water_level": 0.06,
        "nearest_tide_timestamp": "2026-06-21T14:10:00",
        "tide_correction": 1.371
      }
    },
    {
      "type": "Feature",
      "geometry": {
        "type": "Point",
        "coordinates": [
          8.33507,
          44.16172333333334
        ]
      },
      "properties": {
        "longtitude": 8.33507,
        "depth": 1.343,
        "temperature": 0.0,
        "time": 1782050821000,
        "timestamp": "2026-06-21T14:07:01",
        "water_level": 0.06,
        "nearest_tide_timestamp": "2026-06-21T14:10:00",
        "tide_correction": 1.403
      }
    },
    {
      "type": "Feature",
      "geometry": {
        "type": "Point",
        "coordinates": [
          8.335066666666668,
          44.161725
        ]
      },
      "properties": {
        "longtitude": 8.335066666666668,
        "depth": 1.093,
        "temperature": 0.0,
        "time": 1782050822000,
        "timestamp": "2026-06-21T14:07:02",
        "water_level": 0.06,
        "nearest_tide_timestamp": "2026-06-21T14:10:00",
        "tide_correction": 1.153
      }
    },
    {
      "type": "Feature",
      "geometry": {
        "type": "Point",
        "coordinates": [
          8.335063333333332,
          44.161725
        ]
      },
      "properties": {
        "longtitude": 8.335063333333332,
        "depth": 0.978,
        "temperature": 0.0,
        "time": 1782050823000,
        "timestamp": "2026-06-21T14:07:03",
        "water_level": 0.06,
        "nearest_tide_timestamp": "2026-06-21T14:10:00",
        "tide_correction": 1.038
      }
    },
    {
      "type": "Feature",
      "geometry": {
        "type": "Point",
        "coordinates": [
          8.335061666666666,
          44.16172666666667
        ]
      },
      "properties": {
        "longtitude": 8.335061666666666,
        "depth": 0.968,
        "temperature": 0.0,
        "time": 1782050824000,
        "timestamp": "2026-06-21T14:07:04",
        "water_level": 0.06,
        "nearest_tide_timestamp": "2026-06-21T14:10:00",
        "tide_correction": 1.028
      }
    },
    {
      "type": "Feature",
      "geometry": {
        "type": "Point",
        "coordinates": [
          8.33506,
          44.16172666666667
        ]
      },
      "properties": {
        "longtitude": 8.33506,
        "depth": 0.833,
        "temperature": 0.0,
        "time": 1782050825000,
        "timestamp": "2026-06-21T14:07:05",
        "water_level": 0.06,
        "nearest_tide_timestamp": "2026-06-21T14:10:00",
        "tide_correction": 0.893
      }
    },
    {
      "type": "Feature",
      "geometry": {
        "type": "Point",
        "coordinates": [
          8.335058333333334,
          44.161725
        ]
      },
      "properties": {
        "longtitude": 8.335058333333334,
        "depth": 0.853,
        "temperature": 0.0,
        "time": 1782050826000,
        "timestamp": "2026-06-21T14:07:06",
        "water_level": 0.06,
        "nearest_tide_timestamp": "2026-06-21T14:10:00",
        "tide_correction": 0.913
      }
    },
    {
      "type": "Feature",
      "geometry": {
        "type": "Point",
        "coordinates": [
          8.335056666666667,
          44.161728333333336
        ]
      },
      "properties": {
        "longtitude": 8.335056666666667,
        "depth": 0.822,
        "temperature": 0.0,
        "time": 1782050827000,
        "timestamp": "2026-06-21T14:07:07",
        "water_level": 0.06,
        "nearest_tide_timestamp": "2026-06-21T14:10:00",
        "tide_correction": 0.8819999999999999
      }
    },
    {
      "type": "Feature",
      "geometry": {
        "type": "Point",
        "coordinates": [
          8.335053333333333,
          44.161728333333336
        ]
      },
      "properties": {
        "longtitude": 8.335053333333333,
        "depth": 0.874,
        "temperature": 0.0,
        "time": 1782050828000,
        "timestamp": "2026-06-21T14:07:08",
        "water_level": 0.06,
        "nearest_tide_timestamp": "2026-06-21T14:10:00",
        "tide_correction": 0.9339999999999999
      }
    },
    {
      "type": "Feature",
      "geometry": {
        "type": "Point",
        "coordinates": [
          8.335048333333333,
          44.161728333333336
        ]
      },
      "properties": {
        "longtitude": 8.335048333333333,
        "depth": 1.322,
        "temperature": 0.0,
        "time": 1782050829000,
        "timestamp": "2026-06-21T14:07:09",
        "water_level": 0.06,
        "nearest_tide_timestamp": "2026-06-21T14:10:00",
        "tide_correction": 1.3820000000000001
      }
    },
    {
      "type": "Feature",
      "geometry": {
        "type": "Point",
        "coordinates": [
          8.335043333333335,
          44.161730000000006
        ]
      },
      "properties": {
        "longtitude": 8.335043333333335,
        "depth": 1.29,
        "temperature": 0.0,
        "time": 1782050830000,
        "timestamp": "2026-06-21T14:07:10",
        "water_level": 0.06,
        "nearest_tide_timestamp": "2026-06-21T14:10:00",
        "tide_correction": 1.35
      }
    },
    {
      "type": "Feature",
      "geometry": {
        "type": "Point",
        "coordinates": [
          8.33504,
          44.161730000000006
        ]
      },
      "properties": {
        "longtitude": 8.33504,
        "depth": 1.218,
        "temperature": 0.0,
        "time": 1782050831000,
        "timestamp": "2026-06-21T14:07:11",
        "water_level": 0.06,
        "nearest_tide_timestamp": "2026-06-21T14:10:00",
        "tide_correction": 1.278
      }
    },
    {
      "type": "Feature",
      "geometry": {
        "type": "Point",
        "coordinates": [
          8.335036666666667,
          44.16173166666668
        ]
      },
      "properties": {
        "longtitude": 8.335036666666667,
        "depth": 1.155,
        "temperature": 0.0,
        "time": 1782050832000,
        "timestamp": "2026-06-21T14:07:12",
        "water_level": 0.06,
        "nearest_tide_timestamp": "2026-06-21T14:10:00",
        "tide_correction": 1.215
      }
    },
    {
      "type": "Feature",
      "geometry": {
        "type": "Point",
        "coordinates": [
          8.335033333333334,
          44.16173166666668
        ]
      },
      "properties": {
        "longtitude": 8.335033333333334,
        "depth": 1.311,
        "temperature": 0.0,
        "time": 1782050833000,
        "timestamp": "2026-06-21T14:07:13",
        "water_level": 0.06,
        "nearest_tide_timestamp": "2026-06-21T14:10:00",
        "tide_correction": 1.371
      }
    },
    {
      "type": "Feature",
      "geometry": {
        "type": "Point",
        "coordinates": [
          8.335033333333334,
          44.16173166666668
        ]
      },
      "properties": {
        "longtitude": 8.335033333333334,
        "depth": 1.332,
        "temperature": 0.0,
        "time": 1782050834000,
        "timestamp": "2026-06-21T14:07:14",
        "water_level": 0.06,
        "nearest_tide_timestamp": "2026-06-21T14:10:00",
        "tide_correction": 1.3920000000000001
      }
    },
    {
      "type": "Feature",
      "geometry": {
        "type": "Point",
        "coordinates": [
          8.335031666666668,
          44.16173166666668
        ]
      },
      "properties": {
        "longtitude": 8.335031666666668,
        "depth": 1.478,
        "temperature": 0.0,
        "time": 1782050835000,
        "timestamp": "2026-06-21T14:07:15",
        "water_level": 0.06,
        "nearest_tide_timestamp": "2026-06-21T14:10:00",
        "tide_correction": 1.538
      }
    },
    {
      "type": "Feature",
      "geometry": {
        "type": "Point",
        "coordinates": [
          8.335031666666668,
          44.16173166666668
        ]
      },
      "properties": {
        "longtitude": 8.335031666666668,
        "depth": 1.29,
        "temperature": 0.0,
        "time": 1782050836000,
        "timestamp": "2026-06-21T14:07:16",
        "water_level": 0.06,
        "nearest_tide_timestamp": "2026-06-21T14:10:00",
        "tide_correction": 1.35
      }
    },
    {
      "type": "Feature",
      "geometry": {
        "type": "Point",
        "coordinates": [
          8.33503,
          44.16173166666668
        ]
      },
      "properties": {
        "longtitude": 8.33503,
        "depth": 1.238,
        "temperature": 0.0,
        "time": 1782050837000,
        "timestamp": "2026-06-21T14:07:17",
        "water_level": 0.06,
        "nearest_tide_timestamp": "2026-06-21T14:10:00",
        "tide_correction": 1.298
      }
    },
    {
      "type": "Feature",
      "geometry": {
        "type": "Point",
        "coordinates": [
          8.335028333333334,
          44.16173333333333
        ]
      },
      "properties": {
        "longtitude": 8.335028333333334,
        "depth": 1.062,
        "temperature": 0.0,
        "time": 1782050838000,
        "timestamp": "2026-06-21T14:07:18",
        "water_level": 0.06,
        "nearest_tide_timestamp": "2026-06-21T14:10:00",
        "tide_correction": 1.122
      }
    },
    {
      "type": "Feature",
      "geometry": {
        "type": "Point",
        "coordinates": [
          8.335026666666666,
          44.16173333333333
        ]
      },
      "properties": {
        "longtitude": 8.335026666666666,
        "depth": 0.937,
        "temperature": 0.0,
        "time": 1782050839000,
        "timestamp": "2026-06-21T14:07:19",
        "water_level": 0.06,
        "nearest_tide_timestamp": "2026-06-21T14:10:00",
        "tide_correction": 0.9970000000000001
      }
    },
    {
      "type": "Feature",
      "geometry": {
        "type": "Point",
        "coordinates": [
          8.335026666666666,
          44.16173333333333
        ]
      },
      "properties": {
        "longtitude": 8.335026666666666,
        "depth": 0.968,
        "temperature": 0.0,
        "time": 1782050840000,
        "timestamp": "2026-06-21T14:07:20",
        "water_level": 0.06,
        "nearest_tide_timestamp": "2026-06-21T14:10:00",
        "tide_correction": 1.028
      }
    },
    {
      "type": "Feature",
      "geometry": {
        "type": "Point",
        "coordinates": [
          8.335025,
          44.16173333333333
        ]
      },
      "properties": {
        "longtitude": 8.335025,
        "depth": 1.114,
        "temperature": 0.0,
        "time": 1782050841000,
        "timestamp": "2026-06-21T14:07:21",
        "water_level": 0.06,
        "nearest_tide_timestamp": "2026-06-21T14:10:00",
        "tide_correction": 1.1740000000000002
      }
    },
    {
      "type": "Feature",
      "geometry": {
        "type": "Point",
        "coordinates": [
          8.335025,
          44.16173166666668
        ]
      },
      "properties": {
        "longtitude": 8.335025,
        "depth": 1.114,
        "temperature": 0.0,
        "time": 1782050842000,
        "timestamp": "2026-06-21T14:07:22",
        "water_level": 0.06,
        "nearest_tide_timestamp": "2026-06-21T14:10:00",
        "tide_correction": 1.1740000000000002
      }
    },
    {
      "type": "Feature",
      "geometry": {
        "type": "Point",
        "coordinates": [
          8.335019999999998,
          44.16173333333333
        ]
      },
      "properties": {
        "longtitude": 8.335019999999998,
        "depth": 1.249,
        "temperature": 0.0,
        "time": 1782050843000,
        "timestamp": "2026-06-21T14:07:23",
        "water_level": 0.06,
        "nearest_tide_timestamp": "2026-06-21T14:10:00",
        "tide_correction": 1.3090000000000002
      }
    },
    {
      "type": "Feature",
      "geometry": {
        "type": "Point",
        "coordinates": [
          8.335015,
          44.16173166666668
        ]
      },
      "properties": {
        "longtitude": 8.335015,
        "depth": 1.27,
        "temperature": 0.0,
        "time": 1782050844000,
        "timestamp": "2026-06-21T14:07:24",
        "water_level": 0.06,
        "nearest_tide_timestamp": "2026-06-21T14:10:00",
        "tide_correction": 1.33
      }
    },
    {
      "type": "Feature",
      "geometry": {
        "type": "Point",
        "coordinates": [
          8.33501,
          44.16173166666668
        ]
      },
      "properties": {
        "longtitude": 8.33501,
        "depth": 1.426,
        "temperature": 0.0,
        "time": 1782050845000,
        "timestamp": "2026-06-21T14:07:25",
        "water_level": 0.06,
        "nearest_tide_timestamp": "2026-06-21T14:10:00",
        "tide_correction": 1.486
      }
    },
    {
      "type": "Feature",
      "geometry": {
        "type": "Point",
        "coordinates": [
          8.335004999999999,
          44.161730000000006
        ]
      },
      "properties": {
        "longtitude": 8.335004999999999,
        "depth": 1.363,
        "temperature": 0.0,
        "time": 1782050846000,
        "timestamp": "2026-06-21T14:07:26",
        "water_level": 0.06,
        "nearest_tide_timestamp": "2026-06-21T14:10:00",
        "tide_correction": 1.423
      }
    },
    {
      "type": "Feature",
      "geometry": {
        "type": "Point",
        "coordinates": [
          8.334998333333335,
          44.161730000000006
        ]
      },
      "properties": {
        "longtitude": 8.334998333333335,
        "depth": 1.301,
        "temperature": 0.0,
        "time": 1782050847000,
        "timestamp": "2026-06-21T14:07:27",
        "water_level": 0.06,
        "nearest_tide_timestamp": "2026-06-21T14:10:00",
        "tide_correction": 1.361
      }
    },
    {
      "type": "Feature",
      "geometry": {
        "type": "Point",
        "coordinates": [
          8.33499,
          44.161730000000006
        ]
      },
      "properties": {
        "longtitude": 8.33499,
        "depth": 1.384,
        "temperature": 0.0,
        "time": 1782050848000,
        "timestamp": "2026-06-21T14:07:28",
        "water_level": 0.06,
        "nearest_tide_timestamp": "2026-06-21T14:10:00",
        "tide_correction": 1.444
      }
    },
    {
      "type": "Feature",
      "geometry": {
        "type": "Point",
        "coordinates": [
          8.334981666666666,
          44.16173166666668
        ]
      },
      "properties": {
        "longtitude": 8.334981666666666,
        "depth": 1.28,
        "temperature": 0.0,
        "time": 1782050849000,
        "timestamp": "2026-06-21T14:07:29",
        "water_level": 0.06,
        "nearest_tide_timestamp": "2026-06-21T14:10:00",
        "tide_correction": 1.34
      }
    },
    {
      "type": "Feature",
      "geometry": {
        "type": "Point",
        "coordinates": [
          8.334973333333332,
          44.16173166666668
        ]
      },
      "properties": {
        "longtitude": 8.334973333333332,
        "depth": 1.54,
        "temperature": 0.0,
        "time": 1782050850000,
        "timestamp": "2026-06-21T14:07:30",
        "water_level": 0.06,
        "nearest_tide_timestamp": "2026-06-21T14:10:00",
        "tide_correction": 1.6
      }
    },
    {
      "type": "Feature",
      "geometry": {
        "type": "Point",
        "coordinates": [
          8.334968333333334,
          44.16173166666668
        ]
      },
      "properties": {
        "longtitude": 8.334968333333334,
        "depth": 1.415,
        "temperature": 0.0,
        "time": 1782050851000,
        "timestamp": "2026-06-21T14:07:31",
        "water_level": 0.06,
        "nearest_tide_timestamp": "2026-06-21T14:10:00",
        "tide_correction": 1.475
      }
    },
    {
      "type": "Feature",
      "geometry": {
        "type": "Point",
        "coordinates": [
          8.334965,
          44.16173333333333
        ]
      },
      "properties": {
        "longtitude": 8.334965,
        "depth": 1.374,
        "temperature": 0.0,
        "time": 1782050852000,
        "timestamp": "2026-06-21T14:07:32",
        "water_level": 0.06,
        "nearest_tide_timestamp": "2026-06-21T14:10:00",
        "tide_correction": 1.4340000000000002
      }
    },
    {
      "type": "Feature",
      "geometry": {
        "type": "Point",
        "coordinates": [
          8.334963333333333,
          44.16173333333333
        ]
      },
      "properties": {
        "longtitude": 8.334963333333333,
        "depth": 1.363,
        "temperature": 0.0,
        "time": 1782050853000,
        "timestamp": "2026-06-21T14:07:33",
        "water_level": 0.06,
        "nearest_tide_timestamp": "2026-06-21T14:10:00",
        "tide_correction": 1.423
      }
    },
    {
      "type": "Feature",
      "geometry": {
        "type": "Point",
        "coordinates": [
          8.334958333333333,
          44.16173333333333
        ]
      },
      "properties": {
        "longtitude": 8.334958333333333,
        "depth": 1.249,
        "temperature": 0.0,
        "time": 1782050854000,
        "timestamp": "2026-06-21T14:07:34",
        "water_level": 0.06,
        "nearest_tide_timestamp": "2026-06-21T14:10:00",
        "tide_correction": 1.3090000000000002
      }
    },
    {
      "type": "Feature",
      "geometry": {
        "type": "Point",
        "coordinates": [
          8.334951666666665,
          44.16173666666667
        ]
      },
      "properties": {
        "longtitude": 8.334951666666665,
        "depth": 0.926,
        "temperature": 0.0,
        "time": 1782050855000,
        "timestamp": "2026-06-21T14:07:35",
        "water_level": 0.06,
        "nearest_tide_timestamp": "2026-06-21T14:10:00",
        "tide_correction": 0.986
      }
    },
    {
      "type": "Feature",
      "geometry": {
        "type": "Point",
        "coordinates": [
          8.33495,
          44.16174166666666
        ]
      },
      "properties": {
        "longtitude": 8.33495,
        "depth": 0.645,
        "temperature": 0.0,
        "time": 1782050856000,
        "timestamp": "2026-06-21T14:07:36",
        "water_level": 0.06,
        "nearest_tide_timestamp": "2026-06-21T14:10:00",
        "tide_correction": 0.7050000000000001
      }
    },
    {
      "type": "Feature",
      "geometry": {
        "type": "Point",
        "coordinates": [
          8.33495,
          44.161745
        ]
      },
      "properties": {
        "longtitude": 8.33495,
        "depth": 0.801,
        "temperature": 0.0,
        "time": 1782050857000,
        "timestamp": "2026-06-21T14:07:37",
        "water_level": 0.06,
        "nearest_tide_timestamp": "2026-06-21T14:10:00",
        "tide_correction": 0.861
      }
    },
    {
      "type": "Feature",
      "geometry": {
        "type": "Point",
        "coordinates": [
          8.334946666666667,
          44.16174666666667
        ]
      },
      "properties": {
        "longtitude": 8.334946666666667,
        "depth": 0.801,
        "temperature": 0.0,
        "time": 1782050858000,
        "timestamp": "2026-06-21T14:07:38",
        "water_level": 0.06,
        "nearest_tide_timestamp": "2026-06-21T14:10:00",
        "tide_correction": 0.861
      }
    },
    {
      "type": "Feature",
      "geometry": {
        "type": "Point",
        "coordinates": [
          8.334948333333333,
          44.16174833333333
        ]
      },
      "properties": {
        "longtitude": 8.334948333333333,
        "depth": 1.041,
        "temperature": 0.0,
        "time": 1782050859000,
        "timestamp": "2026-06-21T14:07:39",
        "water_level": 0.06,
        "nearest_tide_timestamp": "2026-06-21T14:10:00",
        "tide_correction": 1.101
      }
    },
    {
      "type": "Feature",
      "geometry": {
        "type": "Point",
        "coordinates": [
          8.334951666666665,
          44.16175
        ]
      },
      "properties": {
        "longtitude": 8.334951666666665,
        "depth": 1.186,
        "temperature": 0.0,
        "time": 1782050860000,
        "timestamp": "2026-06-21T14:07:40",
        "water_level": 0.06,
        "nearest_tide_timestamp": "2026-06-21T14:10:00",
        "tide_correction": 1.246
      }
    },
    {
      "type": "Feature",
      "geometry": {
        "type": "Point",
        "coordinates": [
          8.334958333333333,
          44.16174666666667
        ]
      },
      "properties": {
        "longtitude": 8.334958333333333,
        "depth": 1.176,
        "temperature": 0.0,
        "time": 1782050861000,
        "timestamp": "2026-06-21T14:07:41",
        "water_level": 0.06,
        "nearest_tide_timestamp": "2026-06-21T14:10:00",
        "tide_correction": 1.236
      }
    },
    {
      "type": "Feature",
      "geometry": {
        "type": "Point",
        "coordinates": [
          8.33496,
          44.16174666666667
        ]
      },
      "properties": {
        "longtitude": 8.33496,
        "depth": 1.28,
        "temperature": 0.0,
        "time": 1782050862000,
        "timestamp": "2026-06-21T14:07:42",
        "water_level": 0.06,
        "nearest_tide_timestamp": "2026-06-21T14:10:00",
        "tide_correction": 1.34
      }
    },
    {
      "type": "Feature",
      "geometry": {
        "type": "Point",
        "coordinates": [
          8.334961666666667,
          44.161745
        ]
      },
      "properties": {
        "longtitude": 8.334961666666667,
        "depth": 1.363,
        "temperature": 0.0,
        "time": 1782050863000,
        "timestamp": "2026-06-21T14:07:43",
        "water_level": 0.06,
        "nearest_tide_timestamp": "2026-06-21T14:10:00",
        "tide_correction": 1.423
      }
    },
    {
      "type": "Feature",
      "geometry": {
        "type": "Point",
        "coordinates": [
          8.334963333333333,
          44.161745
        ]
      },
      "properties": {
        "longtitude": 8.334963333333333,
        "depth": 1.28,
        "temperature": 0.0,
        "time": 1782050864000,
        "timestamp": "2026-06-21T14:07:44",
        "water_level": 0.06,
        "nearest_tide_timestamp": "2026-06-21T14:10:00",
        "tide_correction": 1.34
      }
    },
    {
      "type": "Feature",
      "geometry": {
        "type": "Point",
        "coordinates": [
          8.334963333333333,
          44.161745
        ]
      },
      "properties": {
        "longtitude": 8.334963333333333,
        "depth": 1.311,
        "temperature": 0.0,
        "time": 1782050865000,
        "timestamp": "2026-06-21T14:07:45",
        "water_level": 0.06,
        "nearest_tide_timestamp": "2026-06-21T14:10:00",
        "tide_correction": 1.371
      }
    },
    {
      "type": "Feature",
      "geometry": {
        "type": "Point",
        "coordinates": [
          8.334963333333333,
          44.16174333333333
        ]
      },
      "properties": {
        "longtitude": 8.334963333333333,
        "depth": 1.218,
        "temperature": 0.0,
        "time": 1782050866000,
        "timestamp": "2026-06-21T14:07:46",
        "water_level": 0.06,
        "nearest_tide_timestamp": "2026-06-21T14:10:00",
        "tide_correction": 1.278
      }
    },
    {
      "type": "Feature",
      "geometry": {
        "type": "Point",
        "coordinates": [
          8.334963333333333,
          44.16174333333333
        ]
      },
      "properties": {
        "longtitude": 8.334963333333333,
        "depth": 1.301,
        "temperature": 0.0,
        "time": 1782050867000,
        "timestamp": "2026-06-21T14:07:47",
        "water_level": 0.06,
        "nearest_tide_timestamp": "2026-06-21T14:10:00",
        "tide_correction": 1.361
      }
    },
    {
      "type": "Feature",
      "geometry": {
        "type": "Point",
        "coordinates": [
          8.334963333333333,
          44.16174333333333
        ]
      },
      "properties": {
        "longtitude": 8.334963333333333,
        "depth": 1.353,
        "temperature": 0.0,
        "time": 1782050868000,
        "timestamp": "2026-06-21T14:07:48",
        "water_level": 0.06,
        "nearest_tide_timestamp": "2026-06-21T14:10:00",
        "tide_correction": 1.413
      }
    },
    {
      "type": "Feature",
      "geometry": {
        "type": "Point",
        "coordinates": [
          8.334963333333333,
          44.161745
        ]
      },
      "properties": {
        "longtitude": 8.334963333333333,
        "depth": 1.27,
        "temperature": 0.0,
        "time": 1782050869000,
        "timestamp": "2026-06-21T14:07:49",
        "water_level": 0.06,
        "nearest_tide_timestamp": "2026-06-21T14:10:00",
        "tide_correction": 1.33
      }
    },
    {
      "type": "Feature",
      "geometry": {
        "type": "Point",
        "coordinates": [
          8.334963333333333,
          44.16174666666667
        ]
      },
      "properties": {
        "longtitude": 8.334963333333333,
        "depth": 1.259,
        "temperature": 0.0,
        "time": 1782050870000,
        "timestamp": "2026-06-21T14:07:50",
        "water_level": 0.06,
        "nearest_tide_timestamp": "2026-06-21T14:10:00",
        "tide_correction": 1.319
      }
    },
    {
      "type": "Feature",
      "geometry": {
        "type": "Point",
        "coordinates": [
          8.334963333333333,
          44.16174833333333
        ]
      },
      "properties": {
        "longtitude": 8.334963333333333,
        "depth": 1.311,
        "temperature": 0.0,
        "time": 1782050871000,
        "timestamp": "2026-06-21T14:07:51",
        "water_level": 0.06,
        "nearest_tide_timestamp": "2026-06-21T14:10:00",
        "tide_correction": 1.371
      }
    },
    {
      "type": "Feature",
      "geometry": {
        "type": "Point",
        "coordinates": [
          8.334961666666667,
          44.16175
        ]
      },
      "properties": {
        "longtitude": 8.334961666666667,
        "depth": 1.27,
        "temperature": 0.0,
        "time": 1782050872000,
        "timestamp": "2026-06-21T14:07:52",
        "water_level": 0.06,
        "nearest_tide_timestamp": "2026-06-21T14:10:00",
        "tide_correction": 1.33
      }
    },
    {
      "type": "Feature",
      "geometry": {
        "type": "Point",
        "coordinates": [
          8.33496,
          44.16175166666667
        ]
      },
      "properties": {
        "longtitude": 8.33496,
        "depth": 1.332,
        "temperature": 0.0,
        "time": 1782050873000,
        "timestamp": "2026-06-21T14:07:53",
        "water_level": 0.06,
        "nearest_tide_timestamp": "2026-06-21T14:10:00",
        "tide_correction": 1.3920000000000001
      }
    },
    {
      "type": "Feature",
      "geometry": {
        "type": "Point",
        "coordinates": [
          8.33496,
          44.16175166666667
        ]
      },
      "properties": {
        "longtitude": 8.33496,
        "depth": 1.218,
        "temperature": 0.0,
        "time": 1782050874000,
        "timestamp": "2026-06-21T14:07:54",
        "water_level": 0.06,
        "nearest_tide_timestamp": "2026-06-21T14:10:00",
        "tide_correction": 1.278
      }
    },
    {
      "type": "Feature",
      "geometry": {
        "type": "Point",
        "coordinates": [
          8.334958333333333,
          44.16175333333334
        ]
      },
      "properties": {
        "longtitude": 8.334958333333333,
        "depth": 0.448,
        "temperature": 0.0,
        "time": 1782050875000,
        "timestamp": "2026-06-21T14:07:55",
        "water_level": 0.06,
        "nearest_tide_timestamp": "2026-06-21T14:10:00",
        "tide_correction": 0.508
      }
    },
    {
      "type": "Feature",
      "geometry": {
        "type": "Point",
        "coordinates": [
          8.334958333333333,
          44.16175333333334
        ]
      },
      "properties": {
        "longtitude": 8.334958333333333,
        "depth": 0.416,
        "temperature": 0.0,
        "time": 1782050876000,
        "timestamp": "2026-06-21T14:07:56",
        "water_level": 0.06,
        "nearest_tide_timestamp": "2026-06-21T14:10:00",
        "tide_correction": 0.476
      }
    },
    {
      "type": "Feature",
      "geometry": {
        "type": "Point",
        "coordinates": [
          8.334956666666667,
          44.16175499999999
        ]
      },
      "properties": {
        "longtitude": 8.334956666666667,
        "depth": 0.229,
        "temperature": 0.0,
        "time": 1782050877000,
        "timestamp": "2026-06-21T14:07:57",
        "water_level": 0.06,
        "nearest_tide_timestamp": "2026-06-21T14:10:00",
        "tide_correction": 0.28900000000000003
      }
    },
    {
      "type": "Feature",
      "geometry": {
        "type": "Point",
        "coordinates": [
          8.334956666666667,
          44.16175499999999
        ]
      },
      "properties": {
        "longtitude": 8.334956666666667,
        "depth": 0.271,
        "temperature": 0.0,
        "time": 1782050878000,
        "timestamp": "2026-06-21T14:07:58",
        "water_level": 0.06,
        "nearest_tide_timestamp": "2026-06-21T14:10:00",
        "tide_correction": 0.331
      }
    },
    {
      "type": "Feature",
      "geometry": {
        "type": "Point",
        "coordinates": [
          8.334951666666665,
          44.16175833333333
        ]
      },
      "properties": {
        "longtitude": 8.334951666666665,
        "depth": 0.323,
        "temperature": 0.0,
        "time": 1782050879000,
        "timestamp": "2026-06-21T14:07:59",
        "water_level": 0.06,
        "nearest_tide_timestamp": "2026-06-21T14:10:00",
        "tide_correction": 0.383
      }
    },
    {
      "type": "Feature",
      "geometry": {
        "type": "Point",
        "coordinates": [
          8.334948333333333,
          44.16176
        ]
      },
      "properties": {
        "longtitude": 8.334948333333333,
        "depth": 0.614,
        "temperature": 0.0,
        "time": 1782050880000,
        "timestamp": "2026-06-21T14:08:00",
        "water_level": 0.06,
        "nearest_tide_timestamp": "2026-06-21T14:10:00",
        "tide_correction": 0.6739999999999999
      }
    },
    {
      "type": "Feature",
      "geometry": {
        "type": "Point",
        "coordinates": [
          8.334946666666667,
          44.161765
        ]
      },
      "properties": {
        "longtitude": 8.334946666666667,
        "depth": 0.749,
        "temperature": 0.0,
        "time": 1782050881000,
        "timestamp": "2026-06-21T14:08:01",
        "water_level": 0.06,
        "nearest_tide_timestamp": "2026-06-21T14:10:00",
        "tide_correction": 0.8089999999999999
      }
    },
    {
      "type": "Feature",
      "geometry": {
        "type": "Point",
        "coordinates": [
          8.334945000000001,
          44.161763333333326
        ]
      },
      "properties": {
        "longtitude": 8.334945000000001,
        "depth": 1.155,
        "temperature": 0.0,
        "time": 1782050882000,
        "timestamp": "2026-06-21T14:08:02",
        "water_level": 0.06,
        "nearest_tide_timestamp": "2026-06-21T14:10:00",
        "tide_correction": 1.215
      }
    },
    {
      "type": "Feature",
      "geometry": {
        "type": "Point",
        "coordinates": [
          8.334943333333333,
          44.16176666666667
        ]
      },
      "properties": {
        "longtitude": 8.334943333333333,
        "depth": 1.134,
        "temperature": 0.0,
        "time": 1782050883000,
        "timestamp": "2026-06-21T14:08:03",
        "water_level": 0.06,
        "nearest_tide_timestamp": "2026-06-21T14:10:00",
        "tide_correction": 1.194
      }
    },
    {
      "type": "Feature",
      "geometry": {
        "type": "Point",
        "coordinates": [
          8.33494,
          44.16176833333334
        ]
      },
      "properties": {
        "longtitude": 8.33494,
        "depth": 1.197,
        "temperature": 0.0,
        "time": 1782050884000,
        "timestamp": "2026-06-21T14:08:04",
        "water_level": 0.06,
        "nearest_tide_timestamp": "2026-06-21T14:10:00",
        "tide_correction": 1.2570000000000001
      }
    },
    {
      "type": "Feature",
      "geometry": {
        "type": "Point",
        "coordinates": [
          8.334938333333334,
          44.16177166666667
        ]
      },
      "properties": {
        "longtitude": 8.334938333333334,
        "depth": 0.947,
        "temperature": 0.0,
        "time": 1782050885000,
        "timestamp": "2026-06-21T14:08:05",
        "water_level": 0.06,
        "nearest_tide_timestamp": "2026-06-21T14:10:00",
        "tide_correction": 1.007
      }
    },
    {
      "type": "Feature",
      "geometry": {
        "type": "Point",
        "coordinates": [
          8.334938333333334,
          44.16177166666667
        ]
      },
      "properties": {
        "longtitude": 8.334938333333334,
        "depth": 1.041,
        "temperature": 0.0,
        "time": 1782050886000,
        "timestamp": "2026-06-21T14:08:06",
        "water_level": 0.06,
        "nearest_tide_timestamp": "2026-06-21T14:10:00",
        "tide_correction": 1.101
      }
    },
    {
      "type": "Feature",
      "geometry": {
        "type": "Point",
        "coordinates": [
          8.334938333333334,
          44.161775000000006
        ]
      },
      "properties": {
        "longtitude": 8.334938333333334,
        "depth": 0.916,
        "temperature": 0.0,
        "time": 1782050887000,
        "timestamp": "2026-06-21T14:08:07",
        "water_level": 0.06,
        "nearest_tide_timestamp": "2026-06-21T14:10:00",
        "tide_correction": 0.976
      }
    },
    {
      "type": "Feature",
      "geometry": {
        "type": "Point",
        "coordinates": [
          8.334938333333334,
          44.161775000000006
        ]
      },
      "properties": {
        "longtitude": 8.334938333333334,
        "depth": 0.479,
        "temperature": 0.0,
        "time": 1782050888000,
        "timestamp": "2026-06-21T14:08:08",
        "water_level": 0.06,
        "nearest_tide_timestamp": "2026-06-21T14:10:00",
        "tide_correction": 0.5389999999999999
      }
    },
    {
      "type": "Feature",
      "geometry": {
        "type": "Point",
        "coordinates": [
          8.334936666666666,
          44.16177666666668
        ]
      },
      "properties": {
        "longtitude": 8.334936666666666,
        "depth": 0.354,
        "temperature": 0.0,
        "time": 1782050889000,
        "timestamp": "2026-06-21T14:08:09",
        "water_level": 0.06,
        "nearest_tide_timestamp": "2026-06-21T14:10:00",
        "tide_correction": 0.414
      }
    }
  ]
}