{
  "type": "FeatureCollection",
  "name": "training_utm_EPSG32632",
  "crs": {
    "type": "name",
    "properties": {
      "name": "EPSG:32632"
    }
  },
  "features": [
    {
      "type": "Feature",
      "geometry": {
        "type": "Point",
        "coordinates": [
          446880.2316992472,
          4890030.845163181
        ]
      },
      "properties": {
        "longtitude": 8.335640000000001,
        "depth": 3.205,
        "temperature": 0.0,
        "time": 1782050287000,
        "timestamp": "2026-06-21T13:58:07",
        "water_level": 0.06286301369863014,
        "nearest_tide_timestamp": "2026-06-21T14:00:00",
        "tide_correction": 3.2678630136986304,
        "dataset": "training",
        "utm_epsg": 32632,
        "utm_easting": 446880.2316992472,
        "utm_northing": 4890030.845163181
      }
    },
    {
      "type": "Feature",
      "geometry": {
        "type": "Point",
        "coordinates": [
          446912.6778315213,
          4890071.4970106045
        ]
      },
      "properties": {
        "longtitude": 8.336041666666667,
        "depth": 2.144,
        "temperature": 0.0,
        "time": 1782050565000,
        "timestamp": "2026-06-21T14:02:45",
        "water_level": 0.06,
        "nearest_tide_timestamp": "2026-06-21T14:00:00",
        "tide_correction": 2.204,
        "dataset": "training",
        "utm_epsg": 32632,
        "utm_easting": 446912.6778315213,
        "utm_northing": 4890071.4970106045
      }
    },
    {
      "type": "Feature",
      "geometry": {
        "type": "Point",
        "coordinates": [
          446823.5120324037,
          4890053.889574691
        ]
      },
      "properties": {
        "longtitude": 8.334928333333332,
        "depth": 0.822,
        "temperature": 0.0,
        "time": 1782049977000,
        "timestamp": "2026-06-21T13:52:57",
        "water_level": 0.0702214611872146,
        "nearest_tide_timestamp": "2026-06-21T13:50:00",
        "tide_correction": 0.8922214611872146,
        "dataset": "training",
        "utm_epsg": 32632,
        "utm_easting": 446823.5120324037,
        "utm_northing": 4890053.889574691
      }
    },
    {
      "type": "Feature",
      "geometry": {
        "type": "Point",
        "coordinates": [
          446836.3993594075,
          4890048.9719644645
        ]
      },
      "properties": {
        "longtitude": 8.335090000000001,
        "depth": 1.426,
        "temperature": 0.0,
        "time": 1782050787000,
        "timestamp": "2026-06-21T14:06:27",
        "water_level": 0.06,
        "nearest_tide_timestamp": "2026-06-21T14:10:00",
        "tide_correction": 1.486,
        "dataset": "training",
        "utm_epsg": 32632,
        "utm_easting": 446836.3993594075,
        "utm_northing": 4890048.9719644645
      }
    },
    {
      "type": "Feature",
      "geometry": {
        "type": "Point",
        "coordinates": [
          446863.0395745928,
          4890030.798943248
        ]
      },
      "properties": {
        "longtitude": 8.335424999999999,
        "depth": 3.226,
        "temperature": 0.0,
        "time": 1782050258000,
        "timestamp": "2026-06-21T13:57:38",
        "water_level": 0.06359132420091324,
        "nearest_tide_timestamp": "2026-06-21T14:00:00",
        "tide_correction": 3.2895913242009134,
        "dataset": "training",
        "utm_epsg": 32632,
        "utm_easting": 446863.0395745928,
        "utm_northing": 4890030.798943248
      }
    },
    {
      "type": "Feature",
      "geometry": {
        "type": "Point",
        "coordinates": [
          446822.567233726,
          4890052.4161696
        ]
      },
      "properties": {
        "longtitude": 8.334916666666667,
        "depth": 1.072,
        "temperature": 0.0,
        "time": 1782050010000,
        "timestamp": "2026-06-21T13:53:30",
        "water_level": 0.06939269406392694,
        "nearest_tide_timestamp": "2026-06-21T13:50:00",
        "tide_correction": 1.141392694063927,
        "dataset": "training",
        "utm_epsg": 32632,
        "utm_easting": 446822.567233726,
        "utm_northing": 4890052.4161696
      }
    },
    {
      "type": "Feature",
      "geometry": {
        "type": "Point",
        "coordinates": [
          446827.91563711484,
          4890038.117849442
        ]
      },
      "properties": {
        "longtitude": 8.334985,
        "depth": 2.154,
        "temperature": 0.0,
        "time": 1782050179000,
        "timestamp": "2026-06-21T13:56:19",
        "water_level": 0.06557534246575342,
        "nearest_tide_timestamp": "2026-06-21T14:00:00",
        "tide_correction": 2.2195753424657534,
        "dataset": "training",
        "utm_epsg": 32632,
        "utm_easting": 446827.91563711484,
        "utm_northing": 4890038.117849442
      }
    },
    {
      "type": "Feature",
      "geometry": {
        "type": "Point",
        "coordinates": [
          446824.1633626714,
          4890052.032999721
        ]
      },
      "properties": {
        "longtitude": 8.334936666666666,
        "depth": 1.218,
        "temperature": 0.0,
        "time": 1782050132000,
        "timestamp": "2026-06-21T13:55:32",
        "water_level": 0.06675570776255707,
        "nearest_tide_timestamp": "2026-06-21T14:00:00",
        "tide_correction": 1.284755707762557,
        "dataset": "training",
        "utm_epsg": 32632,
        "utm_easting": 446824.1633626714,
        "utm_northing": 4890052.032999721
      }
    },
    {
      "type": "Feature",
      "geometry": {
        "type": "Point",
        "coordinates": [
          446833.4661353765,
          4890048.810550407
        ]
      },
      "properties": {
        "longtitude": 8.335053333333333,
        "depth": 1.665,
        "temperature": 0.0,
        "time": 1782050718000,
        "timestamp": "2026-06-21T14:05:18",
        "water_level": 0.06,
        "nearest_tide_timestamp": "2026-06-21T14:10:00",
        "tide_correction": 1.725,
        "dataset": "training",
        "utm_epsg": 32632,
        "utm_easting": 446833.4661353765,
        "utm_northing": 4890048.810550407
      }
    },
    {
      "type": "Feature",
      "geometry": {
        "type": "Point",
        "coordinates": [
          446831.2216661865,
          4890051.420529483
        ]
      },
      "properties": {
        "longtitude": 8.335025,
        "depth": 1.114,
        "temperature": 0.0,
        "time": 1782050841000,
        "timestamp": "2026-06-21T14:07:21",
        "water_level": 0.06,
        "nearest_tide_timestamp": "2026-06-21T14:10:00",
        "tide_correction": 1.1740000000000002,
        "dataset": "training",
        "utm_epsg": 32632,
        "utm_easting": 446831.2216661865,
        "utm_northing": 4890051.420529483
      }
    },
    {
      "type": "Feature",
      "geometry": {
        "type": "Point",
        "coordinates": [
          446823.2260494552,
          4890051.485187755
        ]
      },
      "properties": {
        "longtitude": 8.334925,
        "depth": 1.103,
        "temperature": 0.0,
        "time": 1782050014000,
        "timestamp": "2026-06-21T13:53:34",
        "water_level": 0.06929223744292237,
        "nearest_tide_timestamp": "2026-06-21T13:50:00",
        "tide_correction": 1.1722922374429223,
        "dataset": "training",
        "utm_epsg": 32632,
        "utm_easting": 446823.2260494552,
        "utm_northing": 4890051.485187755
      }
    },
    {
      "type": "Feature",
      "geometry": {
        "type": "Point",
        "coordinates": [
          446951.18063319987,
          4890086.552108639
        ]
      },
      "properties": {
        "longtitude": 8.336521666666666,
        "depth": 3.018,
        "temperature": 0.0,
        "time": 1782050494000,
        "timestamp": "2026-06-21T14:01:34",
        "water_level": 0.06,
        "nearest_tide_timestamp": "2026-06-21T14:00:00",
        "tide_correction": 3.078,
        "dataset": "training",
        "utm_epsg": 32632,
        "utm_easting": 446951.18063319987,
        "utm_northing": 4890086.552108639
      }
    },
    {
      "type": "Feature",
      "geometry": {
        "type": "Point",
        "coordinates": [
          446903.4026155008,
          4890028.62157764
        ]
      },
      "properties": {
        "longtitude": 8.33593,
        "depth": 3.715,
        "temperature": 0.0,
        "time": 1782050321000,
        "timestamp": "2026-06-21T13:58:41",
        "water_level": 0.06200913242009132,
        "nearest_tide_timestamp": "2026-06-21T14:00:00",
        "tide_correction": 3.7770091324200914,
        "dataset": "training",
        "utm_epsg": 32632,
        "utm_easting": 446903.4026155008,
        "utm_northing": 4890028.62157764
      }
    },
    {
      "type": "Feature",
      "geometry": {
        "type": "Point",
        "coordinates": [
          446939.92290440836,
          4890062.205692252
        ]
      },
      "properties": {
        "longtitude": 8.336383333333334,
        "depth": 3.309,
        "temperature": 0.0,
        "time": 1782050396000,
        "timestamp": "2026-06-21T13:59:56",
        "water_level": 0.0601255707762557,
        "nearest_tide_timestamp": "2026-06-21T14:00:00",
        "tide_correction": 3.369125570776256,
        "dataset": "training",
        "utm_epsg": 32632,
        "utm_easting": 446939.92290440836,
        "utm_northing": 4890062.205692252
      }
    },
    {
      "type": "Feature",
      "geometry": {
        "type": "Point",
        "coordinates": [
          446826.2086994032,
          4890041.278875632
        ]
      },
      "properties": {
        "longtitude": 8.334963333333333,
        "depth": 1.852,
        "temperature": 0.0,
        "time": 1782050174000,
        "timestamp": "2026-06-21T13:56:14",
        "water_level": 0.06570091324200913,
        "nearest_tide_timestamp": "2026-06-21T14:00:00",
        "tide_correction": 1.9177009132420093,
        "dataset": "training",
        "utm_epsg": 32632,
        "utm_easting": 446826.2086994032,
        "utm_northing": 4890041.278875632
      }
    },
    {
      "type": "Feature",
      "geometry": {
        "type": "Point",
        "coordinates": [
          446832.6082381336,
          4890025.120752188
        ]
      },
      "properties": {
        "longtitude": 8.335045000000001,
        "depth": 3.361,
        "temperature": 0.0,
        "time": 1782050203000,
        "timestamp": "2026-06-21T13:56:43",
        "water_level": 0.06497260273972602,
        "nearest_tide_timestamp": "2026-06-21T14:00:00",
        "tide_correction": 3.4259726027397264,
        "dataset": "training",
        "utm_epsg": 32632,
        "utm_easting": 446832.6082381336,
        "utm_northing": 4890025.120752188
      }
    },
    {
      "type": "Feature",
      "geometry": {
        "type": "Point",
        "coordinates": [
          446931.4423598675,
          4890051.721682325
        ]
      },
      "properties": {
        "longtitude": 8.336278333333333,
        "depth": 3.413,
        "temperature": 0.0,
        "time": 1782050373000,
        "timestamp": "2026-06-21T13:59:33",
        "water_level": 0.06070319634703196,
        "nearest_tide_timestamp": "2026-06-21T14:00:00",
        "tide_correction": 3.473703196347032,
        "dataset": "training",
        "utm_epsg": 32632,
        "utm_easting": 446931.4423598675,
        "utm_northing": 4890051.721682325
      }
    },
    {
      "type": "Feature",
      "geometry": {
        "type": "Point",
        "coordinates": [
          446822.4459505629,
          4890053.898196485
        ]
      },
      "properties": {
        "longtitude": 8.334915,
        "depth": 0.76,
        "temperature": 0.0,
        "time": 1782049986000,
        "timestamp": "2026-06-21T13:53:06",
        "water_level": 0.06999543378995433,
        "nearest_tide_timestamp": "2026-06-21T13:50:00",
        "tide_correction": 0.8299954337899543,
        "dataset": "training",
        "utm_epsg": 32632,
        "utm_easting": 446822.4459505629,
        "utm_northing": 4890053.898196485
      }
    },
    {
      "type": "Feature",
      "geometry": {
        "type": "Point",
        "coordinates": [
          446920.43977980857,
          4890075.507222672
        ]
      },
      "properties": {
        "longtitude": 8.336138333333334,
        "depth": 2.123,
        "temperature": 0.0,
        "time": 1782050551000,
        "timestamp": "2026-06-21T14:02:31",
        "water_level": 0.06,
        "nearest_tide_timestamp": "2026-06-21T14:00:00",
        "tide_correction": 2.1830000000000003,
        "dataset": "training",
        "utm_epsg": 32632,
        "utm_easting": 446920.43977980857,
        "utm_northing": 4890075.507222672
      }
    },
    {
      "type": "Feature",
      "geometry": {
        "type": "Point",
        "coordinates": [
          446823.7680731667,
          4890052.5915887635
        ]
      },
      "properties": {
        "longtitude": 8.334931666666668,
        "depth": 0.864,
        "temperature": 0.0,
        "time": 1782050122000,
        "timestamp": "2026-06-21T13:55:22",
        "water_level": 0.06700684931506849,
        "nearest_tide_timestamp": "2026-06-21T14:00:00",
        "tide_correction": 0.9310068493150685,
        "dataset": "training",
        "utm_epsg": 32632,
        "utm_easting": 446823.7680731667,
        "utm_northing": 4890052.5915887635
      }
    },
    {
      "type": "Feature",
      "geometry": {
        "type": "Point",
        "coordinates": [
          446945.31273209816,
          4890086.044061094
        ]
      },
      "properties": {
        "longtitude": 8.336448333333333,
        "depth": 2.799,
        "temperature": 0.0,
        "time": 1782050503000,
        "timestamp": "2026-06-21T14:01:43",
        "water_level": 0.06,
        "nearest_tide_timestamp": "2026-06-21T14:00:00",
        "tide_correction": 2.859,
        "dataset": "training",
        "utm_epsg": 32632,
        "utm_easting": 446945.31273209816,
        "utm_northing": 4890086.044061094
      }
    },
    {
      "type": "Feature",
      "geometry": {
        "type": "Point",
        "coordinates": [
          446872.66874577757,
          4890034.979141507
        ]
      },
      "properties": {
        "longtitude": 8.335545,
        "depth": 3.216,
        "temperature": 0.0,
        "time": 1782050275000,
        "timestamp": "2026-06-21T13:57:55",
        "water_level": 0.06316438356164383,
        "nearest_tide_timestamp": "2026-06-21T14:00:00",
        "tide_correction": 3.279164383561644,
        "dataset": "training",
        "utm_epsg": 32632,
        "utm_easting": 446872.66874577757,
        "utm_northing": 4890034.979141507
      }
    },
    {
      "type": "Feature",
      "geometry": {
        "type": "Point",
        "coordinates": [
          446824.986877332,
          4890054.988431872
        ]
      },
      "properties": {
        "longtitude": 8.334946666666667,
        "depth": 0.749,
        "temperature": 0.0,
        "time": 1782050881000,
        "timestamp": "2026-06-21T14:08:01",
        "water_level": 0.06,
        "nearest_tide_timestamp": "2026-06-21T14:10:00",
        "tide_correction": 0.8089999999999999,
        "dataset": "training",
        "utm_epsg": 32632,
        "utm_easting": 446824.986877332,
        "utm_northing": 4890054.988431872
      }
    },
    {
      "type": "Feature",
      "geometry": {
        "type": "Point",
        "coordinates": [
          446898.3252529265,
          4890026.996403288
        ]
      },
      "properties": {
        "longtitude": 8.335866666666668,
        "depth": 3.757,
        "temperature": 0.0,
        "time": 1782050314000,
        "timestamp": "2026-06-21T13:58:34",
        "water_level": 0.06218493150684931,
        "nearest_tide_timestamp": "2026-06-21T14:00:00",
        "tide_correction": 3.8191849315068493,
        "dataset": "training",
        "utm_epsg": 32632,
        "utm_easting": 446898.3252529265,
        "utm_northing": 4890026.996403288
      }
    },
    {
      "type": "Feature",
      "geometry": {
        "type": "Point",
        "coordinates": [
          446895.39052601723,
          4890026.649842907
        ]
      },
      "properties": {
        "longtitude": 8.33583,
        "depth": 3.611,
        "temperature": 0.0,
        "time": 1782050310000,
        "timestamp": "2026-06-21T13:58:30",
        "water_level": 0.06228538812785388,
        "nearest_tide_timestamp": "2026-06-21T14:00:00",
        "tide_correction": 3.673285388127854,
        "dataset": "training",
        "utm_epsg": 32632,
        "utm_easting": 446895.39052601723,
        "utm_northing": 4890026.649842907
      }
    },
    {
      "type": "Feature",
      "geometry": {
        "type": "Point",
        "coordinates": [
          446841.50229103595,
          4890020.79083553
        ]
      },
      "properties": {
        "longtitude": 8.335156666666668,
        "depth": 3.694,
        "temperature": 0.0,
        "time": 1782050225000,
        "timestamp": "2026-06-21T13:57:05",
        "water_level": 0.06442009132420091,
        "nearest_tide_timestamp": "2026-06-21T14:00:00",
        "tide_correction": 3.7584200913242007,
        "dataset": "training",
        "utm_epsg": 32632,
        "utm_easting": 446841.50229103595,
        "utm_northing": 4890020.79083553
      }
    },
    {
      "type": "Feature",
      "geometry": {
        "type": "Point",
        "coordinates": [
          446906.88383667497,
          4890030.629905215
        ]
      },
      "properties": {
        "longtitude": 8.335973333333333,
        "depth": 3.559,
        "temperature": 0.0,
        "time": 1782050327000,
        "timestamp": "2026-06-21T13:58:47",
        "water_level": 0.061858447488584475,
        "nearest_tide_timestamp": "2026-06-21T14:00:00",
        "tide_correction": 3.6208584474885845,
        "dataset": "training",
        "utm_epsg": 32632,
        "utm_easting": 446906.88383667497,
        "utm_northing": 4890030.629905215
      }
    },
    {
      "type": "Feature",
      "geometry": {
        "type": "Point",
        "coordinates": [
          446939.8475964037,
          4890085.903029983
        ]
      },
      "properties": {
        "longtitude": 8.33638,
        "depth": 2.539,
        "temperature": 0.0,
        "time": 1782050512000,
        "timestamp": "2026-06-21T14:01:52",
        "water_level": 0.06,
        "nearest_tide_timestamp": "2026-06-21T14:00:00",
        "tide_correction": 2.599,
        "dataset": "training",
        "utm_epsg": 32632,
        "utm_easting": 446939.8475964037,
        "utm_northing": 4890085.903029983
      }
    },
    {
      "type": "Feature",
      "geometry": {
        "type": "Point",
        "coordinates": [
          446835.475517726,
          4890050.090218549
        ]
      },
      "properties": {
        "longtitude": 8.335078333333334,
        "depth": 1.571,
        "temperature": 0.0,
        "time": 1782050818000,
        "timestamp": "2026-06-21T14:06:58",
        "water_level": 0.06,
        "nearest_tide_timestamp": "2026-06-21T14:10:00",
        "tide_correction": 1.631,
        "dataset": "training",
        "utm_epsg": 32632,
        "utm_easting": 446835.475517726,
        "utm_northing": 4890050.090218549
      }
    },
    {
      "type": "Feature",
      "geometry": {
        "type": "Point",
        "coordinates": [
          446830.82188534987,
          4890051.423762168
        ]
      },
      "properties": {
        "longtitude": 8.335019999999998,
        "depth": 1.249,
        "temperature": 0.0,
        "time": 1782050843000,
        "timestamp": "2026-06-21T14:07:23",
        "water_level": 0.06,
        "nearest_tide_timestamp": "2026-06-21T14:10:00",
        "tide_correction": 1.3090000000000002,
        "dataset": "training",
        "utm_epsg": 32632,
        "utm_easting": 446830.82188534987,
        "utm_northing": 4890051.423762168
      }
    },
    {
      "type": "Feature",
      "geometry": {
        "type": "Point",
        "coordinates": [
          446902.08303222223,
          4890063.251676758
        ]
      },
      "properties": {
        "longtitude": 8.33591,
        "depth": 2.321,
        "temperature": 0.0,
        "time": 1782050590000,
        "timestamp": "2026-06-21T14:03:10",
        "water_level": 0.06,
        "nearest_tide_timestamp": "2026-06-21T14:00:00",
        "tide_correction": 2.3810000000000002,
        "dataset": "training",
        "utm_epsg": 32632,
        "utm_easting": 446902.08303222223,
        "utm_northing": 4890063.251676758
      }
    },
    {
      "type": "Feature",
      "geometry": {
        "type": "Point",
        "coordinates": [
          446877.710215186,
          4890032.161448765
        ]
      },
      "properties": {
        "longtitude": 8.335608333333333,
        "depth": 3.299,
        "temperature": 0.0,
        "time": 1782050283000,
        "timestamp": "2026-06-21T13:58:03",
        "water_level": 0.0629634703196347,
        "nearest_tide_timestamp": "2026-06-21T14:00:00",
        "tide_correction": 3.3619634703196346,
        "dataset": "training",
        "utm_epsg": 32632,
        "utm_easting": 446877.710215186,
        "utm_northing": 4890032.161448765
      }
    },
    {
      "type": "Feature",
      "geometry": {
        "type": "Point",
        "coordinates": [
          446824.5751200903,
          4890053.510715783
        ]
      },
      "properties": {
        "longtitude": 8.334941666666667,
        "depth": 0.291,
        "temperature": 0.0,
        "time": 1782050065000,
        "timestamp": "2026-06-21T13:54:25",
        "water_level": 0.06821232876712328,
        "nearest_tide_timestamp": "2026-06-21T13:50:00",
        "tide_correction": 0.3592123287671233,
        "dataset": "training",
        "utm_epsg": 32632,
        "utm_easting": 446824.5751200903,
        "utm_northing": 4890053.510715783
      }
    },
    {
      "type": "Feature",
      "geometry": {
        "type": "Point",
        "coordinates": [
          446964.930256699,
          4890089.403282839
        ]
      },
      "properties": {
        "longtitude": 8.336693333333333,
        "depth": 2.852,
        "temperature": 0.0,
        "time": 1782050470000,
        "timestamp": "2026-06-21T14:01:10",
        "water_level": 0.06,
        "nearest_tide_timestamp": "2026-06-21T14:00:00",
        "tide_correction": 2.912,
        "dataset": "training",
        "utm_epsg": 32632,
        "utm_easting": 446964.930256699,
        "utm_northing": 4890089.403282839
      }
    },
    {
      "type": "Feature",
      "geometry": {
        "type": "Point",
        "coordinates": [
          446947.8416764409,
          4890085.6533945175
        ]
      },
      "properties": {
        "longtitude": 8.33648,
        "depth": 3.06,
        "temperature": 0.0,
        "time": 1782050499000,
        "timestamp": "2026-06-21T14:01:39",
        "water_level": 0.06,
        "nearest_tide_timestamp": "2026-06-21T14:00:00",
        "tide_correction": 3.12,
        "dataset": "training",
        "utm_epsg": 32632,
        "utm_easting": 446947.8416764409,
        "utm_northing": 4890085.6533945175
      }
    },
    {
      "type": "Feature",
      "geometry": {
        "type": "Point",
        "coordinates": [
          446937.4853822411,
          4890057.4119643355
        ]
      },
      "properties": {
        "longtitude": 8.336353333333333,
        "depth": 3.351,
        "temperature": 0.0,
        "time": 1782050389000,
        "timestamp": "2026-06-21T13:59:49",
        "water_level": 0.060301369863013696,
        "nearest_tide_timestamp": "2026-06-21T14:00:00",
        "tide_correction": 3.4113013698630135,
        "dataset": "training",
        "utm_epsg": 32632,
        "utm_easting": 446937.4853822411,
        "utm_northing": 4890057.4119643355
      }
    },
    {
      "type": "Feature",
      "geometry": {
        "type": "Point",
        "coordinates": [
          446823.9028305188,
          4890052.7756297
        ]
      },
      "properties": {
        "longtitude": 8.334933333333334,
        "depth": 1.009,
        "temperature": 0.0,
        "time": 1782050100000,
        "timestamp": "2026-06-21T13:55:00",
        "water_level": 0.06753424657534246,
        "nearest_tide_timestamp": "2026-06-21T13:50:00",
        "tide_correction": 1.0765342465753425,
        "dataset": "training",
        "utm_epsg": 32632,
        "utm_easting": 446823.9028305188,
        "utm_northing": 4890052.7756297
      }
    },
    {
      "type": "Feature",
      "geometry": {
        "type": "Point",
        "coordinates": [
          446850.1986652519,
          4890024.978542535
        ]
      },
      "properties": {
        "longtitude": 8.335265,
        "depth": 3.413,
        "temperature": 0.0,
        "time": 1782050239000,
        "timestamp": "2026-06-21T13:57:19",
        "water_level": 0.06406849315068493,
        "nearest_tide_timestamp": "2026-06-21T14:00:00",
        "tide_correction": 3.477068493150685,
        "dataset": "training",
        "utm_epsg": 32632,
        "utm_easting": 446850.1986652519,
        "utm_northing": 4890024.978542535
      }
    },
    {
      "type": "Feature",
      "geometry": {
        "type": "Point",
        "coordinates": [
          446836.00107517815,
          4890049.160315474
        ]
      },
      "properties": {
        "longtitude": 8.335085,
        "depth": 1.28,
        "temperature": 0.0,
        "time": 1782050790000,
        "timestamp": "2026-06-21T14:06:30",
        "water_level": 0.06,
        "nearest_tide_timestamp": "2026-06-21T14:10:00",
        "tide_correction": 1.34,
        "dataset": "training",
        "utm_epsg": 32632,
        "utm_easting": 446836.00107517815,
        "utm_northing": 4890049.160315474
      }
    },
    {
      "type": "Feature",
      "geometry": {
        "type": "Point",
        "coordinates": [
          446823.7710673658,
          4890052.961826052
        ]
      },
      "properties": {
        "longtitude": 8.334931666666668,
        "depth": 0.666,
        "temperature": 0.0,
        "time": 1782050102000,
        "timestamp": "2026-06-21T13:55:02",
        "water_level": 0.06748401826484018,
        "nearest_tide_timestamp": "2026-06-21T14:00:00",
        "tide_correction": 0.7334840182648402,
        "dataset": "training",
        "utm_epsg": 32632,
        "utm_easting": 446823.7710673658,
        "utm_northing": 4890052.961826052
      }
    },
    {
      "type": "Feature",
      "geometry": {
        "type": "Point",
        "coordinates": [
          446936.6418972525,
          4890085.003246172
        ]
      },
      "properties": {
        "longtitude": 8.33634,
        "depth": 2.768,
        "temperature": 0.0,
        "time": 1782050518000,
        "timestamp": "2026-06-21T14:01:58",
        "water_level": 0.06,
        "nearest_tide_timestamp": "2026-06-21T14:00:00",
        "tide_correction": 2.828,
        "dataset": "training",
        "utm_epsg": 32632,
        "utm_easting": 446936.6418972525,
        "utm_northing": 4890085.003246172
      }
    },
    {
      "type": "Feature",
      "geometry": {
        "type": "Point",
        "coordinates": [
          446959.6838582393,
          4890083.336288669
        ]
      },
      "properties": {
        "longtitude": 8.336628333333334,
        "depth": 3.33,
        "temperature": 0.0,
        "time": 1782050445000,
        "timestamp": "2026-06-21T14:00:45",
        "water_level": 0.06,
        "nearest_tide_timestamp": "2026-06-21T14:00:00",
        "tide_correction": 3.39,
        "dataset": "training",
        "utm_epsg": 32632,
        "utm_easting": 446959.6838582393,
        "utm_northing": 4890083.336288669
      }
    },
    {
      "type": "Feature",
      "geometry": {
        "type": "Point",
        "coordinates": [
          446943.15400777606,
          4890066.2524947
        ]
      },
      "properties": {
        "longtitude": 8.336423333333332,
        "depth": 3.403,
        "temperature": 0.0,
        "time": 1782050403000,
        "timestamp": "2026-06-21T14:00:03",
        "water_level": 0.06,
        "nearest_tide_timestamp": "2026-06-21T14:00:00",
        "tide_correction": 3.463,
        "dataset": "training",
        "utm_epsg": 32632,
        "utm_easting": 446943.15400777606,
        "utm_northing": 4890066.2524947
      }
    },
    {
      "type": "Feature",
      "geometry": {
        "type": "Point",
        "coordinates": [
          446874.52691593557,
          4890034.038474588
        ]
      },
      "properties": {
        "longtitude": 8.335568333333333,
        "depth": 3.33,
        "temperature": 0.0,
        "time": 1782050278000,
        "timestamp": "2026-06-21T13:57:58",
        "water_level": 0.0630890410958904,
        "nearest_tide_timestamp": "2026-06-21T14:00:00",
        "tide_correction": 3.3930890410958905,
        "dataset": "training",
        "utm_epsg": 32632,
        "utm_easting": 446874.52691593557,
        "utm_northing": 4890034.038474588
      }
    },
    {
      "type": "Feature",
      "geometry": {
        "type": "Point",
        "coordinates": [
          446960.52224080433,
          4890088.142923908
        ]
      },
      "properties": {
        "longtitude": 8.336638333333333,
        "depth": 3.153,
        "temperature": 0.0,
        "time": 1782050477000,
        "timestamp": "2026-06-21T14:01:17",
        "water_level": 0.06,
        "nearest_tide_timestamp": "2026-06-21T14:00:00",
        "tide_correction": 3.213,
        "dataset": "training",
        "utm_epsg": 32632,
        "utm_easting": 446960.52224080433,
        "utm_northing": 4890088.142923908
      }
    },
    {
      "type": "Feature",
      "geometry": {
        "type": "Point",
        "coordinates": [
          446958.73760114907,
          4890081.677745589
        ]
      },
      "properties": {
        "longtitude": 8.336616666666666,
        "depth": 3.08,
        "temperature": 0.0,
        "time": 1782050442000,
        "timestamp": "2026-06-21T14:00:42",
        "water_level": 0.06,
        "nearest_tide_timestamp": "2026-06-21T14:00:00",
        "tide_correction": 3.14,
        "dataset": "training",
        "utm_epsg": 32632,
        "utm_easting": 446958.73760114907,
        "utm_northing": 4890081.677745589
      }
    },
    {
      "type": "Feature",
      "geometry": {
        "type": "Point",
        "coordinates": [
          446823.49406711955,
          4890051.668150967
        ]
      },
      "properties": {
        "longtitude": 8.334928333333332,
        "depth": 0.885,
        "temperature": 0.0,
        "time": 1782050019000,
        "timestamp": "2026-06-21T13:53:39",
        "water_level": 0.06916666666666665,
        "nearest_tide_timestamp": "2026-06-21T13:50:00",
        "tide_correction": 0.9541666666666666,
        "dataset": "training",
        "utm_epsg": 32632,
        "utm_easting": 446823.49406711955,
        "utm_northing": 4890051.668150967
      }
    },
    {
      "type": "Feature",
      "geometry": {
        "type": "Point",
        "coordinates": [
          446896.4681704154,
          4890061.075452547
        ]
      },
      "properties": {
        "longtitude": 8.33584,
        "depth": 2.664,
        "temperature": 0.0,
        "time": 1782050600000,
        "timestamp": "2026-06-21T14:03:20",
        "water_level": 0.06,
        "nearest_tide_timestamp": "2026-06-21T14:00:00",
        "tide_correction": 2.724,
        "dataset": "training",
        "utm_epsg": 32632,
        "utm_easting": 446896.4681704154,
        "utm_northing": 4890061.075452547
      }
    },
    {
      "type": "Feature",
      "geometry": {
        "type": "Point",
        "coordinates": [
          446823.24850617326,
          4890054.261967412
        ]
      },
      "properties": {
        "longtitude": 8.334925,
        "depth": 0.801,
        "temperature": 0.0,
        "time": 1782049970000,
        "timestamp": "2026-06-21T13:52:50",
        "water_level": 0.0703972602739726,
        "nearest_tide_timestamp": "2026-06-21T13:50:00",
        "tide_correction": 0.8713972602739727,
        "dataset": "training",
        "utm_epsg": 32632,
        "utm_easting": 446823.24850617326,
        "utm_northing": 4890054.261967412
      }
    },
    {
      "type": "Feature",
      "geometry": {
        "type": "Point",
        "coordinates": [
          446940.3271660007,
          4890062.757822134
        ]
      },
      "properties": {
        "longtitude": 8.336388333333334,
        "depth": 3.247,
        "temperature": 0.0,
        "time": 1782050397000,
        "timestamp": "2026-06-21T13:59:57",
        "water_level": 0.060100456621004564,
        "nearest_tide_timestamp": "2026-06-21T14:00:00",
        "tide_correction": 3.3071004566210043,
        "dataset": "training",
        "utm_epsg": 32632,
        "utm_easting": 446940.3271660007,
        "utm_northing": 4890062.757822134
      }
    },
    {
      "type": "Feature",
      "geometry": {
        "type": "Point",
        "coordinates": [
          446824.4343744485,
          4890052.586200256
        ]
      },
      "properties": {
        "longtitude": 8.33494,
        "depth": 0.926,
        "temperature": 0.0,
        "time": 1782050062000,
        "timestamp": "2026-06-21T13:54:22",
        "water_level": 0.06828767123287671,
        "nearest_tide_timestamp": "2026-06-21T13:50:00",
        "tide_correction": 0.9942876712328768,
        "dataset": "training",
        "utm_epsg": 32632,
        "utm_easting": 446824.4343744485,
        "utm_northing": 4890052.586200256
      }
    },
    {
      "type": "Feature",
      "geometry": {
        "type": "Point",
        "coordinates": [
          446844.0492132351,
          4890022.6215528445
        ]
      },
      "properties": {
        "longtitude": 8.335188333333333,
        "depth": 3.622,
        "temperature": 0.0,
        "time": 1782050229000,
        "timestamp": "2026-06-21T13:57:09",
        "water_level": 0.06431963470319635,
        "nearest_tide_timestamp": "2026-06-21T14:00:00",
        "tide_correction": 3.6863196347031963,
        "dataset": "training",
        "utm_epsg": 32632,
        "utm_easting": 446844.0492132351,
        "utm_northing": 4890022.6215528445
      }
    },
    {
      "type": "Feature",
      "geometry": {
        "type": "Point",
        "coordinates": [
          446879.0979992141,
          4890055.47670808
        ]
      },
      "properties": {
        "longtitude": 8.335623333333332,
        "depth": 2.144,
        "temperature": 0.0,
        "time": 1782050630000,
        "timestamp": "2026-06-21T14:03:50",
        "water_level": 0.06,
        "nearest_tide_timestamp": "2026-06-21T14:00:00",
        "tide_correction": 2.204,
        "dataset": "training",
        "utm_epsg": 32632,
        "utm_easting": 446879.0979992141,
        "utm_northing": 4890055.47670808
      }
    },
    {
      "type": "Feature",
      "geometry": {
        "type": "Point",
        "coordinates": [
          446849.86014884483,
          4890049.048274287
        ]
      },
      "properties": {
        "longtitude": 8.335258333333334,
        "depth": 1.811,
        "temperature": 0.0,
        "time": 1782050682000,
        "timestamp": "2026-06-21T14:04:42",
        "water_level": 0.06,
        "nearest_tide_timestamp": "2026-06-21T14:00:00",
        "tide_correction": 1.871,
        "dataset": "training",
        "utm_epsg": 32632,
        "utm_easting": 446849.86014884483,
        "utm_northing": 4890049.048274287
      }
    },
    {
      "type": "Feature",
      "geometry": {
        "type": "Point",
        "coordinates": [
          446854.34620889416,
          4890026.981456629
        ]
      },
      "properties": {
        "longtitude": 8.335316666666667,
        "depth": 3.518,
        "temperature": 0.0,
        "time": 1782050245000,
        "timestamp": "2026-06-21T13:57:25",
        "water_level": 0.06391780821917808,
        "nearest_tide_timestamp": "2026-06-21T14:00:00",
        "tide_correction": 3.581917808219178,
        "dataset": "training",
        "utm_epsg": 32632,
        "utm_easting": 446854.34620889416,
        "utm_northing": 4890026.981456629
      }
    },
    {
      "type": "Feature",
      "geometry": {
        "type": "Point",
        "coordinates": [
          446947.1738849765,
          4890085.473651894
        ]
      },
      "properties": {
        "longtitude": 8.336471666666666,
        "depth": 3.028,
        "temperature": 0.0,
        "time": 1782050500000,
        "timestamp": "2026-06-21T14:01:40",
        "water_level": 0.06,
        "nearest_tide_timestamp": "2026-06-21T14:00:00",
        "tide_correction": 3.088,
        "dataset": "training",
        "utm_epsg": 32632,
        "utm_easting": 446947.1738849765,
        "utm_northing": 4890085.473651894
      }
    },
    {
      "type": "Feature",
      "geometry": {
        "type": "Point",
        "coordinates": [
          446871.7417653734,
          4890052.203788878
        ]
      },
      "properties": {
        "longtitude": 8.335531666666666,
        "depth": 2.3,
        "temperature": 0.0,
        "time": 1782050643000,
        "timestamp": "2026-06-21T14:04:03",
        "water_level": 0.06,
        "nearest_tide_timestamp": "2026-06-21T14:00:00",
        "tide_correction": 2.36,
        "dataset": "training",
        "utm_epsg": 32632,
        "utm_easting": 446871.7417653734,
        "utm_northing": 4890052.203788878
      }
    },
    {
      "type": "Feature",
      "geometry": {
        "type": "Point",
        "coordinates": [
          446836.13583225175,
          4890049.344356658
        ]
      },
      "properties": {
        "longtitude": 8.335086666666665,
        "depth": 1.499,
        "temperature": 0.0,
        "time": 1782050794000,
        "timestamp": "2026-06-21T14:06:34",
        "water_level": 0.06,
        "nearest_tide_timestamp": "2026-06-21T14:10:00",
        "tide_correction": 1.5590000000000002,
        "dataset": "training",
        "utm_epsg": 32632,
        "utm_easting": 446836.13583225175,
        "utm_northing": 4890049.344356658
      }
    },
    {
      "type": "Feature",
      "geometry": {
        "type": "Point",
        "coordinates": [
          446954.11533010134,
          4890086.898693699
        ]
      },
      "properties": {
        "longtitude": 8.336558333333333,
        "depth": 3.133,
        "temperature": 0.0,
        "time": 1782050490000,
        "timestamp": "2026-06-21T14:01:30",
        "water_level": 0.06,
        "nearest_tide_timestamp": "2026-06-21T14:00:00",
        "tide_correction": 3.193,
        "dataset": "training",
        "utm_epsg": 32632,
        "utm_easting": 446954.11533010134,
        "utm_northing": 4890086.898693699
      }
    },
    {
      "type": "Feature",
      "geometry": {
        "type": "Point",
        "coordinates": [
          446827.1250558118,
          4890039.235027057
        ]
      },
      "properties": {
        "longtitude": 8.334974999999998,
        "depth": 2.009,
        "temperature": 0.0,
        "time": 1782050177000,
        "timestamp": "2026-06-21T13:56:17",
        "water_level": 0.0656255707762557,
        "nearest_tide_timestamp": "2026-06-21T14:00:00",
        "tide_correction": 2.0746255707762558,
        "dataset": "training",
        "utm_epsg": 32632,
        "utm_easting": 446827.1250558118,
        "utm_northing": 4890039.235027057
      }
    },
    {
      "type": "Feature",
      "geometry": {
        "type": "Point",
        "coordinates": [
          446825.2459124537,
          4890054.060683288
        ]
      },
      "properties": {
        "longtitude": 8.33495,
        "depth": 0.239,
        "temperature": 0.0,
        "time": 1782050076000,
        "timestamp": "2026-06-21T13:54:36",
        "water_level": 0.06796118721461186,
        "nearest_tide_timestamp": "2026-06-21T13:50:00",
        "tide_correction": 0.30696118721461185,
        "dataset": "training",
        "utm_epsg": 32632,
        "utm_easting": 446825.2459124537,
        "utm_northing": 4890054.060683288
      }
    },
    {
      "type": "Feature",
      "geometry": {
        "type": "Point",
        "coordinates": [
          446836.4023528919,
          4890049.342201751
        ]
      },
      "properties": {
        "longtitude": 8.335090000000001,
        "depth": 1.405,
        "temperature": 0.0,
        "time": 1782050778000,
        "timestamp": "2026-06-21T14:06:18",
        "water_level": 0.06,
        "nearest_tide_timestamp": "2026-06-21T14:10:00",
        "tide_correction": 1.465,
        "dataset": "training",
        "utm_epsg": 32632,
        "utm_easting": 446836.4023528919,
        "utm_northing": 4890049.342201751
      }
    },
    {
      "type": "Feature",
      "geometry": {
        "type": "Point",
        "coordinates": [
          446865.983277009,
          4890032.256201014
        ]
      },
      "properties": {
        "longtitude": 8.335461666666667,
        "depth": 3.257,
        "temperature": 0.0,
        "time": 1782050263000,
        "timestamp": "2026-06-21T13:57:43",
        "water_level": 0.06346575342465753,
        "nearest_tide_timestamp": "2026-06-21T14:00:00",
        "tide_correction": 3.3204657534246578,
        "dataset": "training",
        "utm_epsg": 32632,
        "utm_easting": 446865.983277009,
        "utm_northing": 4890032.256201014
      }
    },
    {
      "type": "Feature",
      "geometry": {
        "type": "Point",
        "coordinates": [
          446959.1403666838,
          4890082.04475797
        ]
      },
      "properties": {
        "longtitude": 8.336621666666668,
        "depth": 3.205,
        "temperature": 0.0,
        "time": 1782050443000,
        "timestamp": "2026-06-21T14:00:43",
        "water_level": 0.06,
        "nearest_tide_timestamp": "2026-06-21T14:00:00",
        "tide_correction": 3.265,
        "dataset": "training",
        "utm_epsg": 32632,
        "utm_easting": 446959.1403666838,
        "utm_northing": 4890082.04475797
      }
    },
    {
      "type": "Feature",
      "geometry": {
        "type": "Point",
        "coordinates": [
          446823.49406711955,
          4890051.668150967
        ]
      },
      "properties": {
        "longtitude": 8.334928333333332,
        "depth": 0.989,
        "temperature": 0.0,
        "time": 1782050017000,
        "timestamp": "2026-06-21T13:53:37",
        "water_level": 0.06921689497716894,
        "nearest_tide_timestamp": "2026-06-21T13:50:00",
        "tide_correction": 1.0582168949771689,
        "dataset": "training",
        "utm_epsg": 32632,
        "utm_easting": 446823.49406711955,
        "utm_northing": 4890051.668150967
      }
    },
    {
      "type": "Feature",
      "geometry": {
        "type": "Point",
        "coordinates": [
          446925.795572875,
          4890078.611211762
        ]
      },
      "properties": {
        "longtitude": 8.336205,
        "depth": 2.081,
        "temperature": 0.0,
        "time": 1782050540000,
        "timestamp": "2026-06-21T14:02:20",
        "water_level": 0.06,
        "nearest_tide_timestamp": "2026-06-21T14:00:00",
        "tide_correction": 2.141,
        "dataset": "training",
        "utm_epsg": 32632,
        "utm_easting": 446925.795572875,
        "utm_northing": 4890078.611211762
      }
    },
    {
      "type": "Feature",
      "geometry": {
        "type": "Point",
        "coordinates": [
          446960.0896101738,
          4890084.0735384105
        ]
      },
      "properties": {
        "longtitude": 8.336633333333333,
        "depth": 3.413,
        "temperature": 0.0,
        "time": 1782050446000,
        "timestamp": "2026-06-21T14:00:46",
        "water_level": 0.06,
        "nearest_tide_timestamp": "2026-06-21T14:00:00",
        "tide_correction": 3.473,
        "dataset": "training",
        "utm_epsg": 32632,
        "utm_easting": 446960.0896101738,
        "utm_northing": 4890084.0735384105
      }
    },
    {
      "type": "Feature",
      "geometry": {
        "type": "Point",
        "coordinates": [
          446855.86284818535,
          4890049.740278552
        ]
      },
      "properties": {
        "longtitude": 8.335333333333333,
        "depth": 2.071,
        "temperature": 0.0,
        "time": 1782050672000,
        "timestamp": "2026-06-21T14:04:32",
        "water_level": 0.06,
        "nearest_tide_timestamp": "2026-06-21T14:00:00",
        "tide_correction": 2.1310000000000002,
        "dataset": "training",
        "utm_epsg": 32632,
        "utm_easting": 446855.86284818535,
        "utm_northing": 4890049.740278552
      }
    },
    {
      "type": "Feature",
      "geometry": {
        "type": "Point",
        "coordinates": [
          446875.4850176881,
          4890053.654590482
        ]
      },
      "properties": {
        "longtitude": 8.335578333333332,
        "depth": 2.165,
        "temperature": 0.0,
        "time": 1782050636000,
        "timestamp": "2026-06-21T14:03:56",
        "water_level": 0.06,
        "nearest_tide_timestamp": "2026-06-21T14:00:00",
        "tide_correction": 2.225,
        "dataset": "training",
        "utm_epsg": 32632,
        "utm_easting": 446875.4850176881,
        "utm_northing": 4890053.654590482
      }
    },
    {
      "type": "Feature",
      "geometry": {
        "type": "Point",
        "coordinates": [
          446825.8134090578,
          4890041.837464535
        ]
      },
      "properties": {
        "longtitude": 8.334958333333333,
        "depth": 1.894,
        "temperature": 0.0,
        "time": 1782050173000,
        "timestamp": "2026-06-21T13:56:13",
        "water_level": 0.06572602739726027,
        "nearest_tide_timestamp": "2026-06-21T14:00:00",
        "tide_correction": 1.95972602739726,
        "dataset": "training",
        "utm_epsg": 32632,
        "utm_easting": 446825.8134090578,
        "utm_northing": 4890041.837464535
      }
    },
    {
      "type": "Feature",
      "geometry": {
        "type": "Point",
        "coordinates": [
          446825.6097640107,
          4890049.614602821
        ]
      },
      "properties": {
        "longtitude": 8.334955,
        "depth": 1.03,
        "temperature": 0.0,
        "time": 1782050156000,
        "timestamp": "2026-06-21T13:55:56",
        "water_level": 0.06615296803652967,
        "nearest_tide_timestamp": "2026-06-21T14:00:00",
        "tide_correction": 1.0961529680365296,
        "dataset": "training",
        "utm_epsg": 32632,
        "utm_easting": 446825.6097640107,
        "utm_northing": 4890049.614602821
      }
    },
    {
      "type": "Feature",
      "geometry": {
        "type": "Point",
        "coordinates": [
          446950.54155354097,
          4890073.41298503
        ]
      },
      "properties": {
        "longtitude": 8.336515,
        "depth": 3.278,
        "temperature": 0.0,
        "time": 1782050421000,
        "timestamp": "2026-06-21T14:00:21",
        "water_level": 0.06,
        "nearest_tide_timestamp": "2026-06-21T14:00:00",
        "tide_correction": 3.338,
        "dataset": "training",
        "utm_epsg": 32632,
        "utm_easting": 446950.54155354097,
        "utm_northing": 4890073.41298503
      }
    },
    {
      "type": "Feature",
      "geometry": {
        "type": "Point",
        "coordinates": [
          446822.97450011654,
          4890053.338529635
        ]
      },
      "properties": {
        "longtitude": 8.334921666666666,
        "depth": 0.864,
        "temperature": 0.0,
        "time": 1782049991000,
        "timestamp": "2026-06-21T13:53:11",
        "water_level": 0.06986986301369863,
        "nearest_tide_timestamp": "2026-06-21T13:50:00",
        "tide_correction": 0.9338698630136986,
        "dataset": "training",
        "utm_epsg": 32632,
        "utm_easting": 446822.97450011654,
        "utm_northing": 4890053.338529635
      }
    },
    {
      "type": "Feature",
      "geometry": {
        "type": "Point",
        "coordinates": [
          446857.9980053916,
          4890050.0932832705
        ]
      },
      "properties": {
        "longtitude": 8.33536,
        "depth": 2.404,
        "temperature": 0.0,
        "time": 1782050668000,
        "timestamp": "2026-06-21T14:04:28",
        "water_level": 0.06,
        "nearest_tide_timestamp": "2026-06-21T14:00:00",
        "tide_correction": 2.464,
        "dataset": "training",
        "utm_epsg": 32632,
        "utm_easting": 446857.9980053916,
        "utm_northing": 4890050.0932832705
      }
    },
    {
      "type": "Feature",
      "geometry": {
        "type": "Point",
        "coordinates": [
          446835.3407606486,
          4890049.906177376
        ]
      },
      "properties": {
        "longtitude": 8.335076666666668,
        "depth": 1.415,
        "temperature": 0.0,
        "time": 1782050810000,
        "timestamp": "2026-06-21T14:06:50",
        "water_level": 0.06,
        "nearest_tide_timestamp": "2026-06-21T14:10:00",
        "tide_correction": 1.475,
        "dataset": "training",
        "utm_epsg": 32632,
        "utm_easting": 446835.3407606486,
        "utm_northing": 4890049.906177376
      }
    },
    {
      "type": "Feature",
      "geometry": {
        "type": "Point",
        "coordinates": [
          446835.38127028313,
          4890021.951107979
        ]
      },
      "properties": {
        "longtitude": 8.33508,
        "depth": 3.413,
        "temperature": 0.0,
        "time": 1782050214000,
        "timestamp": "2026-06-21T13:56:54",
        "water_level": 0.06469634703196346,
        "nearest_tide_timestamp": "2026-06-21T14:00:00",
        "tide_correction": 3.477696347031963,
        "dataset": "training",
        "utm_epsg": 32632,
        "utm_easting": 446835.38127028313,
        "utm_northing": 4890021.951107979
      }
    },
    {
      "type": "Feature",
      "geometry": {
        "type": "Point",
        "coordinates": [
          446833.46314172726,
          4890048.440313122
        ]
      },
      "properties": {
        "longtitude": 8.335053333333333,
        "depth": 1.53,
        "temperature": 0.0,
        "time": 1782050721000,
        "timestamp": "2026-06-21T14:05:21",
        "water_level": 0.06,
        "nearest_tide_timestamp": "2026-06-21T14:10:00",
        "tide_correction": 1.59,
        "dataset": "training",
        "utm_epsg": 32632,
        "utm_easting": 446833.46314172726,
        "utm_northing": 4890048.440313122
      }
    },
    {
      "type": "Feature",
      "geometry": {
        "type": "Point",
        "coordinates": [
          446883.284731749,
          4890029.339453922
        ]
      },
      "properties": {
        "longtitude": 8.335678333333334,
        "depth": 3.497,
        "temperature": 0.0,
        "time": 1782050292000,
        "timestamp": "2026-06-21T13:58:12",
        "water_level": 0.06273744292237443,
        "nearest_tide_timestamp": "2026-06-21T14:00:00",
        "tide_correction": 3.5597374429223745,
        "dataset": "training",
        "utm_epsg": 32632,
        "utm_easting": 446883.284731749,
        "utm_northing": 4890029.339453922
      }
    },
    {
      "type": "Feature",
      "geometry": {
        "type": "Point",
        "coordinates": [
          446877.4928946025,
          4890054.749152747
        ]
      },
      "properties": {
        "longtitude": 8.335603333333333,
        "depth": 2.394,
        "temperature": 0.0,
        "time": 1782050633000,
        "timestamp": "2026-06-21T14:03:53",
        "water_level": 0.06,
        "nearest_tide_timestamp": "2026-06-21T14:00:00",
        "tide_correction": 2.454,
        "dataset": "training",
        "utm_epsg": 32632,
        "utm_easting": 446877.4928946025,
        "utm_northing": 4890054.749152747
      }
    },
    {
      "type": "Feature",
      "geometry": {
        "type": "Point",
        "coordinates": [
          446892.3236516338,
          4890059.442749358
        ]
      },
      "properties": {
        "longtitude": 8.335788333333333,
        "depth": 2.591,
        "temperature": 0.0,
        "time": 1782050607000,
        "timestamp": "2026-06-21T14:03:27",
        "water_level": 0.06,
        "nearest_tide_timestamp": "2026-06-21T14:00:00",
        "tide_correction": 2.6510000000000002,
        "dataset": "training",
        "utm_epsg": 32632,
        "utm_easting": 446892.3236516338,
        "utm_northing": 4890059.442749358
      }
    },
    {
      "type": "Feature",
      "geometry": {
        "type": "Point",
        "coordinates": [
          446821.75120345503,
          4890050.386330967
        ]
      },
      "properties": {
        "longtitude": 8.334906666666665,
        "depth": 0.937,
        "temperature": 0.0,
        "time": 1782050033000,
        "timestamp": "2026-06-21T13:53:53",
        "water_level": 0.06881506849315068,
        "nearest_tide_timestamp": "2026-06-21T13:50:00",
        "tide_correction": 1.0058150684931508,
        "dataset": "training",
        "utm_epsg": 32632,
        "utm_easting": 446821.75120345503,
        "utm_northing": 4890050.386330967
      }
    },
    {
      "type": "Feature",
      "geometry": {
        "type": "Point",
        "coordinates": [
          446915.7577534416,
          4890073.323451884
        ]
      },
      "properties": {
        "longtitude": 8.33608,
        "depth": 2.3,
        "temperature": 0.0,
        "time": 1782050559000,
        "timestamp": "2026-06-21T14:02:39",
        "water_level": 0.06,
        "nearest_tide_timestamp": "2026-06-21T14:00:00",
        "tide_correction": 2.36,
        "dataset": "training",
        "utm_epsg": 32632,
        "utm_easting": 446915.7577534416,
        "utm_northing": 4890073.323451884
      }
    },
    {
      "type": "Feature",
      "geometry": {
        "type": "Point",
        "coordinates": [
          446850.9277277673,
          4890049.224775587
        ]
      },
      "properties": {
        "longtitude": 8.335271666666667,
        "depth": 1.967,
        "temperature": 0.0,
        "time": 1782050680000,
        "timestamp": "2026-06-21T14:04:40",
        "water_level": 0.06,
        "nearest_tide_timestamp": "2026-06-21T14:00:00",
        "tide_correction": 2.027,
        "dataset": "training",
        "utm_epsg": 32632,
        "utm_easting": 446850.9277277673,
        "utm_northing": 4890049.224775587
      }
    },
    {
      "type": "Feature",
      "geometry": {
        "type": "Point",
        "coordinates": [
          446843.85295855603,
          4890047.800919567
        ]
      },
      "properties": {
        "longtitude": 8.335183333333333,
        "depth": 1.832,
        "temperature": 0.0,
        "time": 1782050695000,
        "timestamp": "2026-06-21T14:04:55",
        "water_level": 0.06,
        "nearest_tide_timestamp": "2026-06-21T14:00:00",
        "tide_correction": 1.8920000000000001,
        "dataset": "training",
        "utm_epsg": 32632,
        "utm_easting": 446843.85295855603,
        "utm_northing": 4890047.800919567
      }
    },
    {
      "type": "Feature",
      "geometry": {
        "type": "Point",
        "coordinates": [
          446823.9028305188,
          4890052.7756297
        ]
      },
      "properties": {
        "longtitude": 8.334933333333334,
        "depth": 0.874,
        "temperature": 0.0,
        "time": 1782050099000,
        "timestamp": "2026-06-21T13:54:59",
        "water_level": 0.0675593607305936,
        "nearest_tide_timestamp": "2026-06-21T13:50:00",
        "tide_correction": 0.9415593607305937,
        "dataset": "training",
        "utm_epsg": 32632,
        "utm_easting": 446823.9028305188,
        "utm_northing": 4890052.7756297
      }
    },
    {
      "type": "Feature",
      "geometry": {
        "type": "Point",
        "coordinates": [
          446962.5465180607,
          4890091.2738171695
        ]
      },
      "properties": {
        "longtitude": 8.336663333333332,
        "depth": 3.309,
        "temperature": 0.0,
        "time": 1782050458000,
        "timestamp": "2026-06-21T14:00:58",
        "water_level": 0.06,
        "nearest_tide_timestamp": "2026-06-21T14:00:00",
        "tide_correction": 3.369,
        "dataset": "training",
        "utm_epsg": 32632,
        "utm_easting": 446962.5465180607,
        "utm_northing": 4890091.2738171695
      }
    },
    {
      "type": "Feature",
      "geometry": {
        "type": "Point",
        "coordinates": [
          446832.1529912755,
          4890051.227868012
        ]
      },
      "properties": {
        "longtitude": 8.335036666666667,
        "depth": 1.155,
        "temperature": 0.0,
        "time": 1782050832000,
        "timestamp": "2026-06-21T14:07:12",
        "water_level": 0.06,
        "nearest_tide_timestamp": "2026-06-21T14:10:00",
        "tide_correction": 1.215,
        "dataset": "training",
        "utm_epsg": 32632,
        "utm_easting": 446832.1529912755,
        "utm_northing": 4890051.227868012
      }
    },
    {
      "type": "Feature",
      "geometry": {
        "type": "Point",
        "coordinates": [
          446860.4986451312,
          4890029.708693172
        ]
      },
      "properties": {
        "longtitude": 8.335393333333334,
        "depth": 3.257,
        "temperature": 0.0,
        "time": 1782050254000,
        "timestamp": "2026-06-21T13:57:34",
        "water_level": 0.0636917808219178,
        "nearest_tide_timestamp": "2026-06-21T14:00:00",
        "tide_correction": 3.320691780821918,
        "dataset": "training",
        "utm_epsg": 32632,
        "utm_easting": 446860.4986451312,
        "utm_northing": 4890029.708693172
      }
    },
    {
      "type": "Feature",
      "geometry": {
        "type": "Point",
        "coordinates": [
          446835.0697496914,
          4890049.3529763995
        ]
      },
      "properties": {
        "longtitude": 8.335073333333334,
        "depth": 1.519,
        "temperature": 0.0,
        "time": 1782050763000,
        "timestamp": "2026-06-21T14:06:03",
        "water_level": 0.06,
        "nearest_tide_timestamp": "2026-06-21T14:10:00",
        "tide_correction": 1.579,
        "dataset": "training",
        "utm_epsg": 32632,
        "utm_easting": 446835.0697496914,
        "utm_northing": 4890049.3529763995
      }
    },
    {
      "type": "Feature",
      "geometry": {
        "type": "Point",
        "coordinates": [
          446822.7019911155,
          4890052.600210514
        ]
      },
      "properties": {
        "longtitude": 8.334918333333333,
        "depth": 0.937,
        "temperature": 0.0,
        "time": 1782050007000,
        "timestamp": "2026-06-21T13:53:27",
        "water_level": 0.06946803652968037,
        "nearest_tide_timestamp": "2026-06-21T13:50:00",
        "tide_correction": 1.0064680365296805,
        "dataset": "training",
        "utm_epsg": 32632,
        "utm_easting": 446822.7019911155,
        "utm_northing": 4890052.600210514
      }
    },
    {
      "type": "Feature",
      "geometry": {
        "type": "Point",
        "coordinates": [
          446835.20301001135,
          4890049.351898923
        ]
      },
      "properties": {
        "longtitude": 8.335075,
        "depth": 1.582,
        "temperature": 0.0,
        "time": 1782050765000,
        "timestamp": "2026-06-21T14:06:05",
        "water_level": 0.06,
        "nearest_tide_timestamp": "2026-06-21T14:10:00",
        "tide_correction": 1.6420000000000001,
        "dataset": "training",
        "utm_epsg": 32632,
        "utm_easting": 446835.20301001135,
        "utm_northing": 4890049.351898923
      }
    },
    {
      "type": "Feature",
      "geometry": {
        "type": "Point",
        "coordinates": [
          446883.3683069306,
          4890056.182733248
        ]
      },
      "properties": {
        "longtitude": 8.335676666666666,
        "depth": 2.55,
        "temperature": 0.0,
        "time": 1782050623000,
        "timestamp": "2026-06-21T14:03:43",
        "water_level": 0.06,
        "nearest_tide_timestamp": "2026-06-21T14:00:00",
        "tide_correction": 2.61,
        "dataset": "training",
        "utm_epsg": 32632,
        "utm_easting": 446883.3683069306,
        "utm_northing": 4890056.182733248
      }
    },
    {
      "type": "Feature",
      "geometry": {
        "type": "Point",
        "coordinates": [
          446921.50488941686,
          4890042.36022793
        ]
      },
      "properties": {
        "longtitude": 8.336155,
        "depth": 3.705,
        "temperature": 0.0,
        "time": 1782050354000,
        "timestamp": "2026-06-21T13:59:14",
        "water_level": 0.06118036529680365,
        "nearest_tide_timestamp": "2026-06-21T14:00:00",
        "tide_correction": 3.766180365296804,
        "dataset": "training",
        "utm_epsg": 32632,
        "utm_easting": 446921.50488941686,
        "utm_northing": 4890042.36022793
      }
    },
    {
      "type": "Feature",
      "geometry": {
        "type": "Point",
        "coordinates": [
          446942.9140600681,
          4890086.0634160405
        ]
      },
      "properties": {
        "longtitude": 8.336418333333334,
        "depth": 2.675,
        "temperature": 0.0,
        "time": 1782050507000,
        "timestamp": "2026-06-21T14:01:47",
        "water_level": 0.06,
        "nearest_tide_timestamp": "2026-06-21T14:00:00",
        "tide_correction": 2.735,
        "dataset": "training",
        "utm_epsg": 32632,
        "utm_easting": 446942.9140600681,
        "utm_northing": 4890086.0634160405
      }
    },
    {
      "type": "Feature",
      "geometry": {
        "type": "Point",
        "coordinates": [
          446821.08939347,
          4890050.947075673
        ]
      },
      "properties": {
        "longtitude": 8.334898333333333,
        "depth": 0.562,
        "temperature": 0.0,
        "time": 1782050043000,
        "timestamp": "2026-06-21T13:54:03",
        "water_level": 0.06856392694063926,
        "nearest_tide_timestamp": "2026-06-21T13:50:00",
        "tide_correction": 0.6305639269406393,
        "dataset": "training",
        "utm_epsg": 32632,
        "utm_easting": 446821.08939347,
        "utm_northing": 4890050.947075673
      }
    },
    {
      "type": "Feature",
      "geometry": {
        "type": "Point",
        "coordinates": [
          446911.83690125385,
          4890033.366873881
        ]
      },
      "properties": {
        "longtitude": 8.336035,
        "depth": 3.778,
        "temperature": 0.0,
        "time": 1782050335000,
        "timestamp": "2026-06-21T13:58:55",
        "water_level": 0.06165753424657534,
        "nearest_tide_timestamp": "2026-06-21T14:00:00",
        "tide_correction": 3.8396575342465753,
        "dataset": "training",
        "utm_epsg": 32632,
        "utm_easting": 446911.83690125385,
        "utm_northing": 4890033.366873881
      }
    },
    {
      "type": "Feature",
      "geometry": {
        "type": "Point",
        "coordinates": [
          446823.230540798,
          4890052.040543687
        ]
      },
      "properties": {
        "longtitude": 8.334925,
        "depth": 0.864,
        "temperature": 0.0,
        "time": 1782050013000,
        "timestamp": "2026-06-21T13:53:33",
        "water_level": 0.06931735159817351,
        "nearest_tide_timestamp": "2026-06-21T13:50:00",
        "tide_correction": 0.9333173515981735,
        "dataset": "training",
        "utm_epsg": 32632,
        "utm_easting": 446823.230540798,
        "utm_northing": 4890052.040543687
      }
    },
    {
      "type": "Feature",
      "geometry": {
        "type": "Point",
        "coordinates": [
          446892.4543036242,
          4890026.118165197
        ]
      },
      "properties": {
        "longtitude": 8.335793333333333,
        "depth": 3.705,
        "temperature": 0.0,
        "time": 1782050306000,
        "timestamp": "2026-06-21T13:58:26",
        "water_level": 0.06238584474885844,
        "nearest_tide_timestamp": "2026-06-21T14:00:00",
        "tide_correction": 3.7673858447488584,
        "dataset": "training",
        "utm_epsg": 32632,
        "utm_easting": 446892.4543036242,
        "utm_northing": 4890026.118165197
      }
    },
    {
      "type": "Feature",
      "geometry": {
        "type": "Point",
        "coordinates": [
          446835.475517726,
          4890050.090218549
        ]
      },
      "properties": {
        "longtitude": 8.335078333333334,
        "depth": 1.623,
        "temperature": 0.0,
        "time": 1782050817000,
        "timestamp": "2026-06-21T14:06:57",
        "water_level": 0.06,
        "nearest_tide_timestamp": "2026-06-21T14:10:00",
        "tide_correction": 1.683,
        "dataset": "training",
        "utm_epsg": 32632,
        "utm_easting": 446835.475517726,
        "utm_northing": 4890050.090218549
      }
    },
    {
      "type": "Feature",
      "geometry": {
        "type": "Point",
        "coordinates": [
          446911.4710196066,
          4890070.581100659
        ]
      },
      "properties": {
        "longtitude": 8.336026666666667,
        "depth": 2.154,
        "temperature": 0.0,
        "time": 1782050567000,
        "timestamp": "2026-06-21T14:02:47",
        "water_level": 0.06,
        "nearest_tide_timestamp": "2026-06-21T14:00:00",
        "tide_correction": 2.214,
        "dataset": "training",
        "utm_epsg": 32632,
        "utm_easting": 446911.4710196066,
        "utm_northing": 4890070.581100659
      }
    },
    {
      "type": "Feature",
      "geometry": {
        "type": "Point",
        "coordinates": [
          446953.4475389448,
          4890086.718950444
        ]
      },
      "properties": {
        "longtitude": 8.336549999999999,
        "depth": 3.07,
        "temperature": 0.0,
        "time": 1782050491000,
        "timestamp": "2026-06-21T14:01:31",
        "water_level": 0.06,
        "nearest_tide_timestamp": "2026-06-21T14:00:00",
        "tide_correction": 3.13,
        "dataset": "training",
        "utm_epsg": 32632,
        "utm_easting": 446953.4475389448,
        "utm_northing": 4890086.718950444
      }
    },
    {
      "type": "Feature",
      "geometry": {
        "type": "Point",
        "coordinates": [
          446950.27354036854,
          4890073.23001667
        ]
      },
      "properties": {
        "longtitude": 8.336511666666667,
        "depth": 3.205,
        "temperature": 0.0,
        "time": 1782050420000,
        "timestamp": "2026-06-21T14:00:20",
        "water_level": 0.06,
        "nearest_tide_timestamp": "2026-06-21T14:00:00",
        "tide_correction": 3.265,
        "dataset": "training",
        "utm_epsg": 32632,
        "utm_easting": 446950.27354036854,
        "utm_northing": 4890073.23001667
      }
    },
    {
      "type": "Feature",
      "geometry": {
        "type": "Point",
        "coordinates": [
          446833.92737505026,
          4890023.443909363
        ]
      },
      "properties": {
        "longtitude": 8.335061666666666,
        "depth": 3.153,
        "temperature": 0.0,
        "time": 1782050208000,
        "timestamp": "2026-06-21T13:56:48",
        "water_level": 0.06484703196347032,
        "nearest_tide_timestamp": "2026-06-21T14:00:00",
        "tide_correction": 3.2178470319634704,
        "dataset": "training",
        "utm_epsg": 32632,
        "utm_easting": 446833.92737505026,
        "utm_northing": 4890023.443909363
      }
    },
    {
      "type": "Feature",
      "geometry": {
        "type": "Point",
        "coordinates": [
          446891.9223761332,
          4890059.260859684
        ]
      },
      "properties": {
        "longtitude": 8.335783333333334,
        "depth": 2.435,
        "temperature": 0.0,
        "time": 1782050608000,
        "timestamp": "2026-06-21T14:03:28",
        "water_level": 0.06,
        "nearest_tide_timestamp": "2026-06-21T14:00:00",
        "tide_correction": 2.495,
        "dataset": "training",
        "utm_epsg": 32632,
        "utm_easting": 446891.9223761332,
        "utm_northing": 4890059.260859684
      }
    },
    {
      "type": "Feature",
      "geometry": {
        "type": "Point",
        "coordinates": [
          446850.3946864877,
          4890049.229084237
        ]
      },
      "properties": {
        "longtitude": 8.335265,
        "depth": 1.832,
        "temperature": 0.0,
        "time": 1782050681000,
        "timestamp": "2026-06-21T14:04:41",
        "water_level": 0.06,
        "nearest_tide_timestamp": "2026-06-21T14:00:00",
        "tide_correction": 1.8920000000000001,
        "dataset": "training",
        "utm_epsg": 32632,
        "utm_easting": 446850.3946864877,
        "utm_northing": 4890049.229084237
      }
    },
    {
      "type": "Feature",
      "geometry": {
        "type": "Point",
        "coordinates": [
          446831.48818674416,
          4890051.418374376
        ]
      },
      "properties": {
        "longtitude": 8.335028333333334,
        "depth": 1.062,
        "temperature": 0.0,
        "time": 1782050838000,
        "timestamp": "2026-06-21T14:07:18",
        "water_level": 0.06,
        "nearest_tide_timestamp": "2026-06-21T14:10:00",
        "tide_correction": 1.122,
        "dataset": "training",
        "utm_epsg": 32632,
        "utm_easting": 446831.48818674416,
        "utm_northing": 4890051.418374376
      }
    },
    {
      "type": "Feature",
      "geometry": {
        "type": "Point",
        "coordinates": [
          446885.40942646086,
          4890028.396637121
        ]
      },
      "properties": {
        "longtitude": 8.335704999999999,
        "depth": 3.413,
        "temperature": 0.0,
        "time": 1782050295000,
        "timestamp": "2026-06-21T13:58:15",
        "water_level": 0.062662100456621,
        "nearest_tide_timestamp": "2026-06-21T14:00:00",
        "tide_correction": 3.4756621004566206,
        "dataset": "training",
        "utm_epsg": 32632,
        "utm_easting": 446885.40942646086,
        "utm_northing": 4890028.396637121
      }
    },
    {
      "type": "Feature",
      "geometry": {
        "type": "Point",
        "coordinates": [
          446823.75909057073,
          4890051.480876901
        ]
      },
      "properties": {
        "longtitude": 8.334931666666668,
        "depth": 0.749,
        "temperature": 0.0,
        "time": 1782050138000,
        "timestamp": "2026-06-21T13:55:38",
        "water_level": 0.06660502283105023,
        "nearest_tide_timestamp": "2026-06-21T14:00:00",
        "tide_correction": 0.8156050228310502,
        "dataset": "training",
        "utm_epsg": 32632,
        "utm_easting": 446823.75909057073,
        "utm_northing": 4890051.480876901
      }
    },
    {
      "type": "Feature",
      "geometry": {
        "type": "Point",
        "coordinates": [
          446844.58375317557,
          4890022.802362334
        ]
      },
      "properties": {
        "longtitude": 8.335195,
        "depth": 3.538,
        "temperature": 0.0,
        "time": 1782050230000,
        "timestamp": "2026-06-21T13:57:10",
        "water_level": 0.0642945205479452,
        "nearest_tide_timestamp": "2026-06-21T14:00:00",
        "tide_correction": 3.602294520547945,
        "dataset": "training",
        "utm_epsg": 32632,
        "utm_easting": 446844.58375317557,
        "utm_northing": 4890022.802362334
      }
    },
    {
      "type": "Feature",
      "geometry": {
        "type": "Point",
        "coordinates": [
          446929.56775157276,
          4890050.626028096
        ]
      },
      "properties": {
        "longtitude": 8.336255,
        "depth": 3.341,
        "temperature": 0.0,
        "time": 1782050369000,
        "timestamp": "2026-06-21T13:59:29",
        "water_level": 0.060803652968036526,
        "nearest_tide_timestamp": "2026-06-21T14:00:00",
        "tide_correction": 3.4018036529680367,
        "dataset": "training",
        "utm_epsg": 32632,
        "utm_easting": 446929.56775157276,
        "utm_northing": 4890050.626028096
      }
    },
    {
      "type": "Feature",
      "geometry": {
        "type": "Point",
        "coordinates": [
          446824.3265646345,
          4890055.734294903
        ]
      },
      "properties": {
        "longtitude": 8.334938333333334,
        "depth": 0.947,
        "temperature": 0.0,
        "time": 1782050885000,
        "timestamp": "2026-06-21T14:08:05",
        "water_level": 0.06,
        "nearest_tide_timestamp": "2026-06-21T14:10:00",
        "tide_correction": 1.007,
        "dataset": "training",
        "utm_epsg": 32632,
        "utm_easting": 446824.3265646345,
        "utm_northing": 4890055.734294903
      }
    },
    {
      "type": "Feature",
      "geometry": {
        "type": "Point",
        "coordinates": [
          446823.35930973396,
          4890051.484110037
        ]
      },
      "properties": {
        "longtitude": 8.334926666666666,
        "depth": 0.947,
        "temperature": 0.0,
        "time": 1782050023000,
        "timestamp": "2026-06-21T13:53:43",
        "water_level": 0.06906621004566209,
        "nearest_tide_timestamp": "2026-06-21T13:50:00",
        "tide_correction": 1.016066210045662,
        "dataset": "training",
        "utm_epsg": 32632,
        "utm_easting": 446823.35930973396,
        "utm_northing": 4890051.484110037
      }
    },
    {
      "type": "Feature",
      "geometry": {
        "type": "Point",
        "coordinates": [
          446936.80862411414,
          4890056.121510887
        ]
      },
      "properties": {
        "longtitude": 8.336345,
        "depth": 3.632,
        "temperature": 0.0,
        "time": 1782050386000,
        "timestamp": "2026-06-21T13:59:46",
        "water_level": 0.060376712328767124,
        "nearest_tide_timestamp": "2026-06-21T14:00:00",
        "tide_correction": 3.6923767123287674,
        "dataset": "training",
        "utm_epsg": 32632,
        "utm_easting": 446936.80862411414,
        "utm_northing": 4890056.121510887
      }
    },
    {
      "type": "Feature",
      "geometry": {
        "type": "Point",
        "coordinates": [
          446925.9428280953,
          4890047.322933748
        ]
      },
      "properties": {
        "longtitude": 8.33621,
        "depth": 3.466,
        "temperature": 0.0,
        "time": 1782050362000,
        "timestamp": "2026-06-21T13:59:22",
        "water_level": 0.06097945205479452,
        "nearest_tide_timestamp": "2026-06-21T14:00:00",
        "tide_correction": 3.526979452054795,
        "dataset": "training",
        "utm_epsg": 32632,
        "utm_easting": 446925.9428280953,
        "utm_northing": 4890047.322933748
      }
    },
    {
      "type": "Feature",
      "geometry": {
        "type": "Point",
        "coordinates": [
          446824.32955880504,
          4890056.104532193
        ]
      },
      "properties": {
        "longtitude": 8.334938333333334,
        "depth": 0.479,
        "temperature": 0.0,
        "time": 1782050888000,
        "timestamp": "2026-06-21T14:08:08",
        "water_level": 0.06,
        "nearest_tide_timestamp": "2026-06-21T14:10:00",
        "tide_correction": 0.5389999999999999,
        "dataset": "training",
        "utm_epsg": 32632,
        "utm_easting": 446824.32955880504,
        "utm_northing": 4890056.104532193
      }
    },
    {
      "type": "Feature",
      "geometry": {
        "type": "Point",
        "coordinates": [
          446835.7390448138,
          4890049.717826326
        ]
      },
      "properties": {
        "longtitude": 8.335081666666667,
        "depth": 1.728,
        "temperature": 0.0,
        "time": 1782050797000,
        "timestamp": "2026-06-21T14:06:37",
        "water_level": 0.06,
        "nearest_tide_timestamp": "2026-06-21T14:10:00",
        "tide_correction": 1.788,
        "dataset": "training",
        "utm_epsg": 32632,
        "utm_easting": 446835.7390448138,
        "utm_northing": 4890049.717826326
      }
    },
    {
      "type": "Feature",
      "geometry": {
        "type": "Point",
        "coordinates": [
          446947.9902001598,
          4890071.0268708
        ]
      },
      "properties": {
        "longtitude": 8.336483333333332,
        "depth": 3.133,
        "temperature": 0.0,
        "time": 1782050413000,
        "timestamp": "2026-06-21T14:00:13",
        "water_level": 0.06,
        "nearest_tide_timestamp": "2026-06-21T14:00:00",
        "tide_correction": 3.193,
        "dataset": "training",
        "utm_epsg": 32632,
        "utm_easting": 446947.9902001598,
        "utm_northing": 4890071.0268708
      }
    },
    {
      "type": "Feature",
      "geometry": {
        "type": "Point",
        "coordinates": [
          446825.90921950596,
          4890053.685057643
        ]
      },
      "properties": {
        "longtitude": 8.334958333333333,
        "depth": 0.448,
        "temperature": 0.0,
        "time": 1782050875000,
        "timestamp": "2026-06-21T14:07:55",
        "water_level": 0.06,
        "nearest_tide_timestamp": "2026-06-21T14:10:00",
        "tide_correction": 0.508,
        "dataset": "training",
        "utm_epsg": 32632,
        "utm_easting": 446825.90921950596,
        "utm_northing": 4890053.685057643
      }
    },
    {
      "type": "Feature",
      "geometry": {
        "type": "Point",
        "coordinates": [
          446914.7805913578,
          4890034.824153397
        ]
      },
      "properties": {
        "longtitude": 8.336071666666667,
        "depth": 3.83,
        "temperature": 0.0,
        "time": 1782050341000,
        "timestamp": "2026-06-21T13:59:01",
        "water_level": 0.06150684931506849,
        "nearest_tide_timestamp": "2026-06-21T14:00:00",
        "tide_correction": 3.8915068493150686,
        "dataset": "training",
        "utm_epsg": 32632,
        "utm_easting": 446914.7805913578,
        "utm_northing": 4890034.824153397
      }
    },
    {
      "type": "Feature",
      "geometry": {
        "type": "Point",
        "coordinates": [
          446921.91460341995,
          4890076.606101449
        ]
      },
      "properties": {
        "longtitude": 8.336156666666666,
        "depth": 1.988,
        "temperature": 0.0,
        "time": 1782050548000,
        "timestamp": "2026-06-21T14:02:28",
        "water_level": 0.06,
        "nearest_tide_timestamp": "2026-06-21T14:00:00",
        "tide_correction": 2.048,
        "dataset": "training",
        "utm_epsg": 32632,
        "utm_easting": 446921.91460341995,
        "utm_northing": 4890076.606101449
      }
    },
    {
      "type": "Feature",
      "geometry": {
        "type": "Point",
        "coordinates": [
          446937.0781322669,
          4890056.48959734
        ]
      },
      "properties": {
        "longtitude": 8.336348333333332,
        "depth": 3.653,
        "temperature": 0.0,
        "time": 1782050387000,
        "timestamp": "2026-06-21T13:59:47",
        "water_level": 0.06035159817351598,
        "nearest_tide_timestamp": "2026-06-21T14:00:00",
        "tide_correction": 3.713351598173516,
        "dataset": "training",
        "utm_epsg": 32632,
        "utm_easting": 446937.0781322669,
        "utm_northing": 4890056.48959734
      }
    },
    {
      "type": "Feature",
      "geometry": {
        "type": "Point",
        "coordinates": [
          446838.5225445559,
          4890047.844013735
        ]
      },
      "properties": {
        "longtitude": 8.335116666666666,
        "depth": 1.582,
        "temperature": 0.0,
        "time": 1782050704000,
        "timestamp": "2026-06-21T14:05:04",
        "water_level": 0.06,
        "nearest_tide_timestamp": "2026-06-21T14:10:00",
        "tide_correction": 1.6420000000000001,
        "dataset": "training",
        "utm_epsg": 32632,
        "utm_easting": 446838.5225445559,
        "utm_northing": 4890047.844013735
      }
    },
    {
      "type": "Feature",
      "geometry": {
        "type": "Point",
        "coordinates": [
          446948.7972272696,
          4890071.946012924
        ]
      },
      "properties": {
        "longtitude": 8.336493333333333,
        "depth": 3.226,
        "temperature": 0.0,
        "time": 1782050415000,
        "timestamp": "2026-06-21T14:00:15",
        "water_level": 0.06,
        "nearest_tide_timestamp": "2026-06-21T14:00:00",
        "tide_correction": 3.286,
        "dataset": "training",
        "utm_epsg": 32632,
        "utm_easting": 446948.7972272696,
        "utm_northing": 4890071.946012924
      }
    },
    {
      "type": "Feature",
      "geometry": {
        "type": "Point",
        "coordinates": [
          446965.21767956833,
          4890091.992794278
        ]
      },
      "properties": {
        "longtitude": 8.336696666666667,
        "depth": 3.133,
        "temperature": 0.0,
        "time": 1782050464000,
        "timestamp": "2026-06-21T14:01:04",
        "water_level": 0.06,
        "nearest_tide_timestamp": "2026-06-21T14:00:00",
        "tide_correction": 3.193,
        "dataset": "training",
        "utm_epsg": 32632,
        "utm_easting": 446965.21767956833,
        "utm_northing": 4890091.992794278
      }
    },
    {
      "type": "Feature",
      "geometry": {
        "type": "Point",
        "coordinates": [
          446958.33483556955,
          4890081.3107332345
        ]
      },
      "properties": {
        "longtitude": 8.336611666666666,
        "depth": 3.32,
        "temperature": 0.0,
        "time": 1782050441000,
        "timestamp": "2026-06-21T14:00:41",
        "water_level": 0.06,
        "nearest_tide_timestamp": "2026-06-21T14:00:00",
        "tide_correction": 3.38,
        "dataset": "training",
        "utm_epsg": 32632,
        "utm_easting": 446958.33483556955,
        "utm_northing": 4890081.3107332345
      }
    },
    {
      "type": "Feature",
      "geometry": {
        "type": "Point",
        "coordinates": [
          446869.8627941104,
          4890034.076159906
        ]
      },
      "properties": {
        "longtitude": 8.33551,
        "depth": 3.153,
        "temperature": 0.0,
        "time": 1782050269000,
        "timestamp": "2026-06-21T13:57:49",
        "water_level": 0.06331506849315068,
        "nearest_tide_timestamp": "2026-06-21T14:00:00",
        "tide_correction": 3.2163150684931505,
        "dataset": "training",
        "utm_epsg": 32632,
        "utm_easting": 446869.8627941104,
        "utm_northing": 4890034.076159906
      }
    },
    {
      "type": "Feature",
      "geometry": {
        "type": "Point",
        "coordinates": [
          446865.5805032002,
          4890031.889194299
        ]
      },
      "properties": {
        "longtitude": 8.335456666666666,
        "depth": 3.06,
        "temperature": 0.0,
        "time": 1782050262000,
        "timestamp": "2026-06-21T13:57:42",
        "water_level": 0.06349086757990867,
        "nearest_tide_timestamp": "2026-06-21T14:00:00",
        "tide_correction": 3.1234908675799087,
        "dataset": "training",
        "utm_epsg": 32632,
        "utm_easting": 446865.5805032002,
        "utm_northing": 4890031.889194299
      }
    },
    {
      "type": "Feature",
      "geometry": {
        "type": "Point",
        "coordinates": [
          446866.53713591845,
          4890051.32019041
        ]
      },
      "properties": {
        "longtitude": 8.335466666666667,
        "depth": 2.55,
        "temperature": 0.0,
        "time": 1782050653000,
        "timestamp": "2026-06-21T14:04:13",
        "water_level": 0.06,
        "nearest_tide_timestamp": "2026-06-21T14:00:00",
        "tide_correction": 2.61,
        "dataset": "training",
        "utm_epsg": 32632,
        "utm_easting": 446866.53713591845,
        "utm_northing": 4890051.32019041
      }
    },
    {
      "type": "Feature",
      "geometry": {
        "type": "Point",
        "coordinates": [
          446824.4298832066,
          4890052.030844326
        ]
      },
      "properties": {
        "longtitude": 8.33494,
        "depth": 1.166,
        "temperature": 0.0,
        "time": 1782050129000,
        "timestamp": "2026-06-21T13:55:29",
        "water_level": 0.0668310502283105,
        "nearest_tide_timestamp": "2026-06-21T14:00:00",
        "tide_correction": 1.2328310502283104,
        "dataset": "training",
        "utm_epsg": 32632,
        "utm_easting": 446824.4298832066,
        "utm_northing": 4890052.030844326
      }
    },
    {
      "type": "Feature",
      "geometry": {
        "type": "Point",
        "coordinates": [
          446834.927508671,
          4890048.243342024
        ]
      },
      "properties": {
        "longtitude": 8.335071666666666,
        "depth": 1.613,
        "temperature": 0.0,
        "time": 1782050713000,
        "timestamp": "2026-06-21T14:05:13",
        "water_level": 0.06,
        "nearest_tide_timestamp": "2026-06-21T14:10:00",
        "tide_correction": 1.673,
        "dataset": "training",
        "utm_epsg": 32632,
        "utm_easting": 446834.927508671,
        "utm_northing": 4890048.243342024
      }
    },
    {
      "type": "Feature",
      "geometry": {
        "type": "Point",
        "coordinates": [
          446839.7713959984,
          4890020.989959853
        ]
      },
      "properties": {
        "longtitude": 8.335135000000001,
        "depth": 3.413,
        "temperature": 0.0,
        "time": 1782050223000,
        "timestamp": "2026-06-21T13:57:03",
        "water_level": 0.06447031963470319,
        "nearest_tide_timestamp": "2026-06-21T14:00:00",
        "tide_correction": 3.477470319634703,
        "dataset": "training",
        "utm_epsg": 32632,
        "utm_easting": 446839.7713959984,
        "utm_northing": 4890020.989959853
      }
    },
    {
      "type": "Feature",
      "geometry": {
        "type": "Point",
        "coordinates": [
          446912.0085429846,
          4890071.132152889
        ]
      },
      "properties": {
        "longtitude": 8.336033333333335,
        "depth": 2.133,
        "temperature": 0.0,
        "time": 1782050566000,
        "timestamp": "2026-06-21T14:02:46",
        "water_level": 0.06,
        "nearest_tide_timestamp": "2026-06-21T14:00:00",
        "tide_correction": 2.193,
        "dataset": "training",
        "utm_epsg": 32632,
        "utm_easting": 446912.0085429846,
        "utm_northing": 4890071.132152889
      }
    },
    {
      "type": "Feature",
      "geometry": {
        "type": "Point",
        "coordinates": [
          446836.40833986126,
          4890050.082676322
        ]
      },
      "properties": {
        "longtitude": 8.335090000000001,
        "depth": 1.53,
        "temperature": 0.0,
        "time": 1782050770000,
        "timestamp": "2026-06-21T14:06:10",
        "water_level": 0.06,
        "nearest_tide_timestamp": "2026-06-21T14:10:00",
        "tide_correction": 1.59,
        "dataset": "training",
        "utm_epsg": 32632,
        "utm_easting": 446836.40833986126,
        "utm_northing": 4890050.082676322
      }
    },
    {
      "type": "Feature",
      "geometry": {
        "type": "Point",
        "coordinates": [
          446861.8342443027,
          4890030.068160985
        ]
      },
      "properties": {
        "longtitude": 8.33541,
        "depth": 3.372,
        "temperature": 0.0,
        "time": 1782050256000,
        "timestamp": "2026-06-21T13:57:36",
        "water_level": 0.06364155251141553,
        "nearest_tide_timestamp": "2026-06-21T14:00:00",
        "tide_correction": 3.4356415525114152,
        "dataset": "training",
        "utm_epsg": 32632,
        "utm_easting": 446861.8342443027,
        "utm_northing": 4890030.068160985
      }
    },
    {
      "type": "Feature",
      "geometry": {
        "type": "Point",
        "coordinates": [
          446823.09129205847,
          4890051.301146833
        ]
      },
      "properties": {
        "longtitude": 8.334923333333334,
        "depth": 0.905,
        "temperature": 0.0,
        "time": 1782050025000,
        "timestamp": "2026-06-21T13:53:45",
        "water_level": 0.06901598173515981,
        "nearest_tide_timestamp": "2026-06-21T13:50:00",
        "tide_correction": 0.9740159817351598,
        "dataset": "training",
        "utm_epsg": 32632,
        "utm_easting": 446823.09129205847,
        "utm_northing": 4890051.301146833
      }
    },
    {
      "type": "Feature",
      "geometry": {
        "type": "Point",
        "coordinates": [
          446904.4731857764,
          4890029.168324915
        ]
      },
      "properties": {
        "longtitude": 8.335943333333335,
        "depth": 3.799,
        "temperature": 0.0,
        "time": 1782050323000,
        "timestamp": "2026-06-21T13:58:43",
        "water_level": 0.06195890410958904,
        "nearest_tide_timestamp": "2026-06-21T14:00:00",
        "tide_correction": 3.860958904109589,
        "dataset": "training",
        "utm_epsg": 32632,
        "utm_easting": 446904.4731857764,
        "utm_northing": 4890029.168324915
      }
    },
    {
      "type": "Feature",
      "geometry": {
        "type": "Point",
        "coordinates": [
          446828.7017278304,
          4890036.445316008
        ]
      },
      "properties": {
        "longtitude": 8.334995,
        "depth": 2.758,
        "temperature": 0.0,
        "time": 1782050182000,
        "timestamp": "2026-06-21T13:56:22",
        "water_level": 0.0655,
        "nearest_tide_timestamp": "2026-06-21T14:00:00",
        "tide_correction": 2.8235,
        "dataset": "training",
        "utm_epsg": 32632,
        "utm_easting": 446828.7017278304,
        "utm_northing": 4890036.445316008
      }
    },
    {
      "type": "Feature",
      "geometry": {
        "type": "Point",
        "coordinates": [
          446831.4403251382,
          4890029.017941376
        ]
      },
      "properties": {
        "longtitude": 8.33503,
        "depth": 3.091,
        "temperature": 0.0,
        "time": 1782050195000,
        "timestamp": "2026-06-21T13:56:35",
        "water_level": 0.06517351598173515,
        "nearest_tide_timestamp": "2026-06-21T14:00:00",
        "tide_correction": 3.1561735159817355,
        "dataset": "training",
        "utm_epsg": 32632,
        "utm_easting": 446831.4403251382,
        "utm_northing": 4890029.017941376
      }
    },
    {
      "type": "Feature",
      "geometry": {
        "type": "Point",
        "coordinates": [
          446835.6072812661,
          4890049.904022436
        ]
      },
      "properties": {
        "longtitude": 8.33508,
        "depth": 1.665,
        "temperature": 0.0,
        "time": 1782050803000,
        "timestamp": "2026-06-21T14:06:43",
        "water_level": 0.06,
        "nearest_tide_timestamp": "2026-06-21T14:10:00",
        "tide_correction": 1.725,
        "dataset": "training",
        "utm_epsg": 32632,
        "utm_easting": 446835.6072812661,
        "utm_northing": 4890049.904022436
      }
    },
    {
      "type": "Feature",
      "geometry": {
        "type": "Point",
        "coordinates": [
          446916.427041544,
          4890073.688309981
        ]
      },
      "properties": {
        "longtitude": 8.336088333333333,
        "depth": 2.123,
        "temperature": 0.0,
        "time": 1782050558000,
        "timestamp": "2026-06-21T14:02:38",
        "water_level": 0.06,
        "nearest_tide_timestamp": "2026-06-21T14:00:00",
        "tide_correction": 2.1830000000000003,
        "dataset": "training",
        "utm_epsg": 32632,
        "utm_easting": 446916.427041544,
        "utm_northing": 4890073.688309981
      }
    },
    {
      "type": "Feature",
      "geometry": {
        "type": "Point",
        "coordinates": [
          446928.61643922556,
          4890081.365403572
        ]
      },
      "properties": {
        "longtitude": 8.33624,
        "depth": 2.3,
        "temperature": 0.0,
        "time": 1782050534000,
        "timestamp": "2026-06-21T14:02:14",
        "water_level": 0.06,
        "nearest_tide_timestamp": "2026-06-21T14:00:00",
        "tide_correction": 2.36,
        "dataset": "training",
        "utm_epsg": 32632,
        "utm_easting": 446928.61643922556,
        "utm_northing": 4890081.365403572
      }
    },
    {
      "type": "Feature",
      "geometry": {
        "type": "Point",
        "coordinates": [
          446841.99030682485,
          4890048.186239316
        ]
      },
      "properties": {
        "longtitude": 8.33516,
        "depth": 1.561,
        "temperature": 0.0,
        "time": 1782050698000,
        "timestamp": "2026-06-21T14:04:58",
        "water_level": 0.06,
        "nearest_tide_timestamp": "2026-06-21T14:00:00",
        "tide_correction": 1.621,
        "dataset": "training",
        "utm_epsg": 32632,
        "utm_easting": 446841.99030682485,
        "utm_northing": 4890048.186239316
      }
    },
    {
      "type": "Feature",
      "geometry": {
        "type": "Point",
        "coordinates": [
          446822.96701450634,
          4890052.412936415
        ]
      },
      "properties": {
        "longtitude": 8.334921666666666,
        "depth": 0.999,
        "temperature": 0.0,
        "time": 1782050012000,
        "timestamp": "2026-06-21T13:53:32",
        "water_level": 0.06934246575342465,
        "nearest_tide_timestamp": "2026-06-21T13:50:00",
        "tide_correction": 1.0683424657534246,
        "dataset": "training",
        "utm_epsg": 32632,
        "utm_easting": 446822.96701450634,
        "utm_northing": 4890052.412936415
      }
    },
    {
      "type": "Feature",
      "geometry": {
        "type": "Point",
        "coordinates": [
          446823.9043276146,
          4890052.960748345
        ]
      },
      "properties": {
        "longtitude": 8.334933333333334,
        "depth": 0.853,
        "temperature": 0.0,
        "time": 1782050104000,
        "timestamp": "2026-06-21T13:55:04",
        "water_level": 0.0674337899543379,
        "nearest_tide_timestamp": "2026-06-21T14:00:00",
        "tide_correction": 0.9204337899543379,
        "dataset": "training",
        "utm_epsg": 32632,
        "utm_easting": 446823.9043276146,
        "utm_northing": 4890052.960748345
      }
    },
    {
      "type": "Feature",
      "geometry": {
        "type": "Point",
        "coordinates": [
          446872.2674682374,
          4890034.797253023
        ]
      },
      "properties": {
        "longtitude": 8.33554,
        "depth": 3.07,
        "temperature": 0.0,
        "time": 1782050274000,
        "timestamp": "2026-06-21T13:57:54",
        "water_level": 0.06318949771689497,
        "nearest_tide_timestamp": "2026-06-21T14:00:00",
        "tide_correction": 3.133189497716895,
        "dataset": "training",
        "utm_epsg": 32632,
        "utm_easting": 446872.2674682374,
        "utm_northing": 4890034.797253023
      }
    },
    {
      "type": "Feature",
      "geometry": {
        "type": "Point",
        "coordinates": [
          446825.5513792429,
          4890042.394975789
        ]
      },
      "properties": {
        "longtitude": 8.334955,
        "depth": 1.665,
        "temperature": 0.0,
        "time": 1782050172000,
        "timestamp": "2026-06-21T13:56:12",
        "water_level": 0.06575114155251141,
        "nearest_tide_timestamp": "2026-06-21T14:00:00",
        "tide_correction": 1.7307511415525114,
        "dataset": "training",
        "utm_epsg": 32632,
        "utm_easting": 446825.5513792429,
        "utm_northing": 4890042.394975789
      }
    },
    {
      "type": "Feature",
      "geometry": {
        "type": "Point",
        "coordinates": [
          446905.8412192805,
          4890066.553682014
        ]
      },
      "properties": {
        "longtitude": 8.335956666666668,
        "depth": 2.05,
        "temperature": 0.0,
        "time": 1782050579000,
        "timestamp": "2026-06-21T14:02:59",
        "water_level": 0.06,
        "nearest_tide_timestamp": "2026-06-21T14:00:00",
        "tide_correction": 2.11,
        "dataset": "training",
        "utm_epsg": 32632,
        "utm_easting": 446905.8412192805,
        "utm_northing": 4890066.553682014
      }
    },
    {
      "type": "Feature",
      "geometry": {
        "type": "Point",
        "coordinates": [
          446834.13094022725,
          4890048.620044245
        ]
      },
      "properties": {
        "longtitude": 8.335061666666666,
        "depth": 1.457,
        "temperature": 0.0,
        "time": 1782050714000,
        "timestamp": "2026-06-21T14:05:14",
        "water_level": 0.06,
        "nearest_tide_timestamp": "2026-06-21T14:10:00",
        "tide_correction": 1.5170000000000001,
        "dataset": "training",
        "utm_epsg": 32632,
        "utm_easting": 446834.13094022725,
        "utm_northing": 4890048.620044245
      }
    },
    {
      "type": "Feature",
      "geometry": {
        "type": "Point",
        "coordinates": [
          446887.5326264816,
          4890027.268702381
        ]
      },
      "properties": {
        "longtitude": 8.335731666666668,
        "depth": 3.403,
        "temperature": 0.0,
        "time": 1782050298000,
        "timestamp": "2026-06-21T13:58:18",
        "water_level": 0.06258675799086758,
        "nearest_tide_timestamp": "2026-06-21T14:00:00",
        "tide_correction": 3.4655867579908675,
        "dataset": "training",
        "utm_epsg": 32632,
        "utm_easting": 446887.5326264816,
        "utm_northing": 4890027.268702381
      }
    },
    {
      "type": "Feature",
      "geometry": {
        "type": "Point",
        "coordinates": [
          446833.879387693,
          4890050.473385672
        ]
      },
      "properties": {
        "longtitude": 8.335058333333334,
        "depth": 0.853,
        "temperature": 0.0,
        "time": 1782050826000,
        "timestamp": "2026-06-21T14:07:06",
        "water_level": 0.06,
        "nearest_tide_timestamp": "2026-06-21T14:10:00",
        "tide_correction": 0.913,
        "dataset": "training",
        "utm_epsg": 32632,
        "utm_easting": 446833.879387693,
        "utm_northing": 4890050.473385672
      }
    },
    {
      "type": "Feature",
      "geometry": {
        "type": "Point",
        "coordinates": [
          446836.703401994,
          4890020.644502997
        ]
      },
      "properties": {
        "longtitude": 8.335096666666667,
        "depth": 3.497,
        "temperature": 0.0,
        "time": 1782050218000,
        "timestamp": "2026-06-21T13:56:58",
        "water_level": 0.0645958904109589,
        "nearest_tide_timestamp": "2026-06-21T14:00:00",
        "tide_correction": 3.561595890410959,
        "dataset": "training",
        "utm_epsg": 32632,
        "utm_easting": 446836.703401994,
        "utm_northing": 4890020.644502997
      }
    },
    {
      "type": "Feature",
      "geometry": {
        "type": "Point",
        "coordinates": [
          446834.5891889344,
          4890022.883166007
        ]
      },
      "properties": {
        "longtitude": 8.33507,
        "depth": 3.112,
        "temperature": 0.0,
        "time": 1782050211000,
        "timestamp": "2026-06-21T13:56:51",
        "water_level": 0.06477168949771689,
        "nearest_tide_timestamp": "2026-06-21T14:00:00",
        "tide_correction": 3.176771689497717,
        "dataset": "training",
        "utm_epsg": 32632,
        "utm_easting": 446834.5891889344,
        "utm_northing": 4890022.883166007
      }
    },
    {
      "type": "Feature",
      "geometry": {
        "type": "Point",
        "coordinates": [
          446822.83225712064,
          4890052.228895498
        ]
      },
      "properties": {
        "longtitude": 8.33492,
        "depth": 1.238,
        "temperature": 0.0,
        "time": 1782049996000,
        "timestamp": "2026-06-21T13:53:16",
        "water_level": 0.06974429223744291,
        "nearest_tide_timestamp": "2026-06-21T13:50:00",
        "tide_correction": 1.307744292237443,
        "dataset": "training",
        "utm_epsg": 32632,
        "utm_easting": 446822.83225712064,
        "utm_northing": 4890052.228895498
      }
    },
    {
      "type": "Feature",
      "geometry": {
        "type": "Point",
        "coordinates": [
          446872.8123345767,
          4890052.750531008
        ]
      },
      "properties": {
        "longtitude": 8.335545,
        "depth": 2.331,
        "temperature": 0.0,
        "time": 1782050641000,
        "timestamp": "2026-06-21T14:04:01",
        "water_level": 0.06,
        "nearest_tide_timestamp": "2026-06-21T14:00:00",
        "tide_correction": 2.391,
        "dataset": "training",
        "utm_epsg": 32632,
        "utm_easting": 446872.8123345767,
        "utm_northing": 4890052.750531008
      }
    },
    {
      "type": "Feature",
      "geometry": {
        "type": "Point",
        "coordinates": [
          446941.7132302579,
          4890085.88797519
        ]
      },
      "properties": {
        "longtitude": 8.336403333333333,
        "depth": 2.487,
        "temperature": 0.0,
        "time": 1782050509000,
        "timestamp": "2026-06-21T14:01:49",
        "water_level": 0.06,
        "nearest_tide_timestamp": "2026-06-21T14:00:00",
        "tide_correction": 2.547,
        "dataset": "training",
        "utm_epsg": 32632,
        "utm_easting": 446941.7132302579,
        "utm_northing": 4890085.88797519
      }
    },
    {
      "type": "Feature",
      "geometry": {
        "type": "Point",
        "coordinates": [
          446823.7171718111,
          4890046.297554908
        ]
      },
      "properties": {
        "longtitude": 8.334931666666668,
        "depth": 0.656,
        "temperature": 0.0,
        "time": 1782050162000,
        "timestamp": "2026-06-21T13:56:02",
        "water_level": 0.06600228310502283,
        "nearest_tide_timestamp": "2026-06-21T14:00:00",
        "tide_correction": 0.7220022831050229,
        "dataset": "training",
        "utm_epsg": 32632,
        "utm_easting": 446823.7171718111,
        "utm_northing": 4890046.297554908
      }
    },
    {
      "type": "Feature",
      "geometry": {
        "type": "Point",
        "coordinates": [
          446954.42998300714,
          4890076.343705414
        ]
      },
      "properties": {
        "longtitude": 8.336563333333334,
        "depth": 3.185,
        "temperature": 0.0,
        "time": 1782050431000,
        "timestamp": "2026-06-21T14:00:31",
        "water_level": 0.06,
        "nearest_tide_timestamp": "2026-06-21T14:00:00",
        "tide_correction": 3.245,
        "dataset": "training",
        "utm_epsg": 32632,
        "utm_easting": 446954.42998300714,
        "utm_northing": 4890076.343705414
      }
    },
    {
      "type": "Feature",
      "geometry": {
        "type": "Point",
        "coordinates": [
          446941.53995037434,
          4890064.414211925
        ]
      },
      "properties": {
        "longtitude": 8.336403333333333,
        "depth": 3.382,
        "temperature": 0.0,
        "time": 1782050400000,
        "timestamp": "2026-06-21T14:00:00",
        "water_level": 0.060025114155251136,
        "nearest_tide_timestamp": "2026-06-21T14:00:00",
        "tide_correction": 3.442025114155251,
        "dataset": "training",
        "utm_epsg": 32632,
        "utm_easting": 446941.53995037434,
        "utm_northing": 4890064.414211925
      }
    },
    {
      "type": "Feature",
      "geometry": {
        "type": "Point",
        "coordinates": [
          446824.4568306642,
          4890055.36297992
        ]
      },
      "properties": {
        "longtitude": 8.33494,
        "depth": 1.197,
        "temperature": 0.0,
        "time": 1782050884000,
        "timestamp": "2026-06-21T14:08:04",
        "water_level": 0.06,
        "nearest_tide_timestamp": "2026-06-21T14:10:00",
        "tide_correction": 1.2570000000000001,
        "dataset": "training",
        "utm_epsg": 32632,
        "utm_easting": 446824.4568306642,
        "utm_northing": 4890055.36297992
      }
    },
    {
      "type": "Feature",
      "geometry": {
        "type": "Point",
        "coordinates": [
          446932.9112107284,
          4890052.080088991
        ]
      },
      "properties": {
        "longtitude": 8.336296666666668,
        "depth": 3.611,
        "temperature": 0.0,
        "time": 1782050376000,
        "timestamp": "2026-06-21T13:59:36",
        "water_level": 0.06062785388127854,
        "nearest_tide_timestamp": "2026-06-21T14:00:00",
        "tide_correction": 3.6716278538812785,
        "dataset": "training",
        "utm_epsg": 32632,
        "utm_easting": 446932.9112107284,
        "utm_northing": 4890052.080088991
      }
    },
    {
      "type": "Feature",
      "geometry": {
        "type": "Point",
        "coordinates": [
          446831.9569026417,
          4890026.977326202
        ]
      },
      "properties": {
        "longtitude": 8.335036666666667,
        "depth": 3.122,
        "temperature": 0.0,
        "time": 1782050199000,
        "timestamp": "2026-06-21T13:56:39",
        "water_level": 0.06507305936073059,
        "nearest_tide_timestamp": "2026-06-21T14:00:00",
        "tide_correction": 3.1870730593607304,
        "dataset": "training",
        "utm_epsg": 32632,
        "utm_easting": 446831.9569026417,
        "utm_northing": 4890026.977326202
      }
    },
    {
      "type": "Feature",
      "geometry": {
        "type": "Point",
        "coordinates": [
          446823.6497839448,
          4890054.443852912
        ]
      },
      "properties": {
        "longtitude": 8.334930000000002,
        "depth": 0.957,
        "temperature": 0.0,
        "time": 1782049980000,
        "timestamp": "2026-06-21T13:53:00",
        "water_level": 0.07014611872146118,
        "nearest_tide_timestamp": "2026-06-21T13:50:00",
        "tide_correction": 1.0271461187214612,
        "dataset": "training",
        "utm_epsg": 32632,
        "utm_easting": 446823.6497839448,
        "utm_northing": 4890054.443852912
      }
    },
    {
      "type": "Feature",
      "geometry": {
        "type": "Point",
        "coordinates": [
          446823.5150266184,
          4890054.259811981
        ]
      },
      "properties": {
        "longtitude": 8.334928333333332,
        "depth": 0.916,
        "temperature": 0.0,
        "time": 1782049978000,
        "timestamp": "2026-06-21T13:52:58",
        "water_level": 0.07019634703196347,
        "nearest_tide_timestamp": "2026-06-21T13:50:00",
        "tide_correction": 0.9861963470319635,
        "dataset": "training",
        "utm_epsg": 32632,
        "utm_easting": 446823.5150266184,
        "utm_northing": 4890054.259811981
      }
    },
    {
      "type": "Feature",
      "geometry": {
        "type": "Point",
        "coordinates": [
          446867.07167289703,
          4890051.501001711
        ]
      },
      "properties": {
        "longtitude": 8.335473333333335,
        "depth": 2.747,
        "temperature": 0.0,
        "time": 1782050652000,
        "timestamp": "2026-06-21T14:04:12",
        "water_level": 0.06,
        "nearest_tide_timestamp": "2026-06-21T14:00:00",
        "tide_correction": 2.807,
        "dataset": "training",
        "utm_epsg": 32632,
        "utm_easting": 446867.07167289703,
        "utm_northing": 4890051.501001711
      }
    },
    {
      "type": "Feature",
      "geometry": {
        "type": "Point",
        "coordinates": [
          446835.475517726,
          4890050.090218549
        ]
      },
      "properties": {
        "longtitude": 8.335078333333334,
        "depth": 1.613,
        "temperature": 0.0,
        "time": 1782050816000,
        "timestamp": "2026-06-21T14:06:56",
        "water_level": 0.06,
        "nearest_tide_timestamp": "2026-06-21T14:10:00",
        "tide_correction": 1.673,
        "dataset": "training",
        "utm_epsg": 32632,
        "utm_easting": 446835.475517726,
        "utm_northing": 4890050.090218549
      }
    },
    {
      "type": "Feature",
      "geometry": {
        "type": "Point",
        "coordinates": [
          446951.8469309294,
          4890086.546733014
        ]
      },
      "properties": {
        "longtitude": 8.33653,
        "depth": 2.935,
        "temperature": 0.0,
        "time": 1782050493000,
        "timestamp": "2026-06-21T14:01:33",
        "water_level": 0.06,
        "nearest_tide_timestamp": "2026-06-21T14:00:00",
        "tide_correction": 2.995,
        "dataset": "training",
        "utm_epsg": 32632,
        "utm_easting": 446951.8469309294,
        "utm_northing": 4890086.546733014
      }
    },
    {
      "type": "Feature",
      "geometry": {
        "type": "Point",
        "coordinates": [
          446938.8403915768,
          4890060.177990091
        ]
      },
      "properties": {
        "longtitude": 8.336369999999999,
        "depth": 3.32,
        "temperature": 0.0,
        "time": 1782050393000,
        "timestamp": "2026-06-21T13:59:53",
        "water_level": 0.06020091324200913,
        "nearest_tide_timestamp": "2026-06-21T14:00:00",
        "tide_correction": 3.380200913242009,
        "dataset": "training",
        "utm_epsg": 32632,
        "utm_easting": 446938.8403915768,
        "utm_northing": 4890060.177990091
      }
    },
    {
      "type": "Feature",
      "geometry": {
        "type": "Point",
        "coordinates": [
          446824.30859961506,
          4890053.512871171
        ]
      },
      "properties": {
        "longtitude": 8.334938333333334,
        "depth": 0.708,
        "temperature": 0.0,
        "time": 1782050064000,
        "timestamp": "2026-06-21T13:54:24",
        "water_level": 0.06823744292237442,
        "nearest_tide_timestamp": "2026-06-21T13:50:00",
        "tide_correction": 0.7762374429223744,
        "dataset": "training",
        "utm_epsg": 32632,
        "utm_easting": 446824.30859961506,
        "utm_northing": 4890053.512871171
      }
    },
    {
      "type": "Feature",
      "geometry": {
        "type": "Point",
        "coordinates": [
          446823.2260494552,
          4890051.485187755
        ]
      },
      "properties": {
        "longtitude": 8.334925,
        "depth": 0.957,
        "temperature": 0.0,
        "time": 1782050024000,
        "timestamp": "2026-06-21T13:53:44",
        "water_level": 0.06904109589041095,
        "nearest_tide_timestamp": "2026-06-21T13:50:00",
        "tide_correction": 1.026041095890411,
        "dataset": "training",
        "utm_epsg": 32632,
        "utm_easting": 446823.2260494552,
        "utm_northing": 4890051.485187755
      }
    },
    {
      "type": "Feature",
      "geometry": {
        "type": "Point",
        "coordinates": [
          446833.4601480782,
          4890048.070075838
        ]
      },
      "properties": {
        "longtitude": 8.335053333333333,
        "depth": 1.488,
        "temperature": 0.0,
        "time": 1782050728000,
        "timestamp": "2026-06-21T14:05:28",
        "water_level": 0.06,
        "nearest_tide_timestamp": "2026-06-21T14:10:00",
        "tide_correction": 1.548,
        "dataset": "training",
        "utm_epsg": 32632,
        "utm_easting": 446833.4601480782,
        "utm_northing": 4890048.070075838
      }
    },
    {
      "type": "Feature",
      "geometry": {
        "type": "Point",
        "coordinates": [
          446945.9718845721,
          4890068.636456594
        ]
      },
      "properties": {
        "longtitude": 8.336458333333333,
        "depth": 3.174,
        "temperature": 0.0,
        "time": 1782050408000,
        "timestamp": "2026-06-21T14:00:08",
        "water_level": 0.06,
        "nearest_tide_timestamp": "2026-06-21T14:00:00",
        "tide_correction": 3.234,
        "dataset": "training",
        "utm_epsg": 32632,
        "utm_easting": 446945.9718845721,
        "utm_northing": 4890068.636456594
      }
    },
    {
      "type": "Feature",
      "geometry": {
        "type": "Point",
        "coordinates": [
          446822.549268131,
          4890050.194745881
        ]
      },
      "properties": {
        "longtitude": 8.334916666666667,
        "depth": 1.176,
        "temperature": 0.0,
        "time": 1782050029000,
        "timestamp": "2026-06-21T13:53:49",
        "water_level": 0.06891552511415525,
        "nearest_tide_timestamp": "2026-06-21T13:50:00",
        "tide_correction": 1.2449155251141553,
        "dataset": "training",
        "utm_epsg": 32632,
        "utm_easting": 446822.549268131,
        "utm_northing": 4890050.194745881
      }
    },
    {
      "type": "Feature",
      "geometry": {
        "type": "Point",
        "coordinates": [
          446956.3837290182,
          4890087.250655166
        ]
      },
      "properties": {
        "longtitude": 8.336586666666667,
        "depth": 3.133,
        "temperature": 0.0,
        "time": 1782050487000,
        "timestamp": "2026-06-21T14:01:27",
        "water_level": 0.06,
        "nearest_tide_timestamp": "2026-06-21T14:00:00",
        "tide_correction": 3.193,
        "dataset": "training",
        "utm_epsg": 32632,
        "utm_easting": 446956.3837290182,
        "utm_northing": 4890087.250655166
      }
    },
    {
      "type": "Feature",
      "geometry": {
        "type": "Point",
        "coordinates": [
          446834.26719416655,
          4890048.989204033
        ]
      },
      "properties": {
        "longtitude": 8.335063333333332,
        "depth": 1.748,
        "temperature": 0.0,
        "time": 1782050757000,
        "timestamp": "2026-06-21T14:05:57",
        "water_level": 0.06,
        "nearest_tide_timestamp": "2026-06-21T14:10:00",
        "tide_correction": 1.808,
        "dataset": "training",
        "utm_epsg": 32632,
        "utm_easting": 446834.26719416655,
        "utm_northing": 4890048.989204033
      }
    },
    {
      "type": "Feature",
      "geometry": {
        "type": "Point",
        "coordinates": [
          446944.8998305063,
          4890067.9045839645
        ]
      },
      "properties": {
        "longtitude": 8.336445,
        "depth": 2.976,
        "temperature": 0.0,
        "time": 1782050406000,
        "timestamp": "2026-06-21T14:00:06",
        "water_level": 0.06,
        "nearest_tide_timestamp": "2026-06-21T14:00:00",
        "tide_correction": 3.036,
        "dataset": "training",
        "utm_epsg": 32632,
        "utm_easting": 446944.8998305063,
        "utm_northing": 4890067.9045839645
      }
    },
    {
      "type": "Feature",
      "geometry": {
        "type": "Point",
        "coordinates": [
          446875.85204405064,
          4890033.102114773
        ]
      },
      "properties": {
        "longtitude": 8.335585,
        "depth": 3.382,
        "temperature": 0.0,
        "time": 1782050280000,
        "timestamp": "2026-06-21T13:58:00",
        "water_level": 0.06303881278538813,
        "nearest_tide_timestamp": "2026-06-21T14:00:00",
        "tide_correction": 3.445038812785388,
        "dataset": "training",
        "utm_epsg": 32632,
        "utm_easting": 446875.85204405064,
        "utm_northing": 4890033.102114773
      }
    },
    {
      "type": "Feature",
      "geometry": {
        "type": "Point",
        "coordinates": [
          446833.4616449027,
          4890048.2551944805
        ]
      },
      "properties": {
        "longtitude": 8.335053333333333,
        "depth": 1.54,
        "temperature": 0.0,
        "time": 1782050722000,
        "timestamp": "2026-06-21T14:05:22",
        "water_level": 0.06,
        "nearest_tide_timestamp": "2026-06-21T14:10:00",
        "tide_correction": 1.6,
        "dataset": "training",
        "utm_epsg": 32632,
        "utm_easting": 446833.4616449027,
        "utm_northing": 4890048.2551944805
      }
    },
    {
      "type": "Feature",
      "geometry": {
        "type": "Point",
        "coordinates": [
          446881.9566109278,
          4890029.905574946
        ]
      },
      "properties": {
        "longtitude": 8.335661666666665,
        "depth": 3.403,
        "temperature": 0.0,
        "time": 1782050290000,
        "timestamp": "2026-06-21T13:58:10",
        "water_level": 0.06278767123287671,
        "nearest_tide_timestamp": "2026-06-21T14:00:00",
        "tide_correction": 3.4657876712328766,
        "dataset": "training",
        "utm_epsg": 32632,
        "utm_easting": 446881.9566109278,
        "utm_northing": 4890029.905574946
      }
    },
    {
      "type": "Feature",
      "geometry": {
        "type": "Point",
        "coordinates": [
          446833.7491210306,
          4890050.844700463
        ]
      },
      "properties": {
        "longtitude": 8.335056666666667,
        "depth": 0.822,
        "temperature": 0.0,
        "time": 1782050827000,
        "timestamp": "2026-06-21T14:07:07",
        "water_level": 0.06,
        "nearest_tide_timestamp": "2026-06-21T14:10:00",
        "tide_correction": 0.8819999999999999,
        "dataset": "training",
        "utm_epsg": 32632,
        "utm_easting": 446833.7491210306,
        "utm_northing": 4890050.844700463
      }
    },
    {
      "type": "Feature",
      "geometry": {
        "type": "Point",
        "coordinates": [
          446817.741416271,
          4890048.937715494
        ]
      },
      "properties": {
        "longtitude": 8.334856666666667,
        "depth": 0.937,
        "temperature": 0.0,
        "time": 1782049950000,
        "timestamp": "2026-06-21T13:52:30",
        "water_level": 0.07084931506849314,
        "nearest_tide_timestamp": "2026-06-21T13:50:00",
        "tide_correction": 1.0078493150684933,
        "dataset": "training",
        "utm_epsg": 32632,
        "utm_easting": 446817.741416271,
        "utm_northing": 4890048.937715494
      }
    },
    {
      "type": "Feature",
      "geometry": {
        "type": "Point",
        "coordinates": [
          446822.5687308592,
          4890052.601288245
        ]
      },
      "properties": {
        "longtitude": 8.334916666666667,
        "depth": 1.114,
        "temperature": 0.0,
        "time": 1782050001000,
        "timestamp": "2026-06-21T13:53:21",
        "water_level": 0.06961872146118721,
        "nearest_tide_timestamp": "2026-06-21T13:50:00",
        "tide_correction": 1.1836187214611873,
        "dataset": "training",
        "utm_epsg": 32632,
        "utm_easting": 446822.5687308592,
        "utm_northing": 4890052.601288245
      }
    },
    {
      "type": "Feature",
      "geometry": {
        "type": "Point",
        "coordinates": [
          446836.26759582595,
          4890049.15816056
        ]
      },
      "properties": {
        "longtitude": 8.335088333333335,
        "depth": 1.478,
        "temperature": 0.0,
        "time": 1782050793000,
        "timestamp": "2026-06-21T14:06:33",
        "water_level": 0.06,
        "nearest_tide_timestamp": "2026-06-21T14:10:00",
        "tide_correction": 1.538,
        "dataset": "training",
        "utm_epsg": 32632,
        "utm_easting": 446836.26759582595,
        "utm_northing": 4890049.15816056
      }
    },
    {
      "type": "Feature",
      "geometry": {
        "type": "Point",
        "coordinates": [
          446826.3015150658,
          4890052.756231441
        ]
      },
      "properties": {
        "longtitude": 8.334963333333333,
        "depth": 1.311,
        "temperature": 0.0,
        "time": 1782050865000,
        "timestamp": "2026-06-21T14:07:45",
        "water_level": 0.06,
        "nearest_tide_timestamp": "2026-06-21T14:10:00",
        "tide_correction": 1.371,
        "dataset": "training",
        "utm_epsg": 32632,
        "utm_easting": 446826.3015150658,
        "utm_northing": 4890052.756231441
      }
    },
    {
      "type": "Feature",
      "geometry": {
        "type": "Point",
        "coordinates": [
          446903.6911216713,
          4890064.349475357
        ]
      },
      "properties": {
        "longtitude": 8.33593,
        "depth": 2.321,
        "temperature": 0.0,
        "time": 1782050584000,
        "timestamp": "2026-06-21T14:03:04",
        "water_level": 0.06,
        "nearest_tide_timestamp": "2026-06-21T14:00:00",
        "tide_correction": 2.3810000000000002,
        "dataset": "training",
        "utm_epsg": 32632,
        "utm_easting": 446903.6911216713,
        "utm_northing": 4890064.349475357
      }
    },
    {
      "type": "Feature",
      "geometry": {
        "type": "Point",
        "coordinates": [
          446835.47402095736,
          4890049.905099904
        ]
      },
      "properties": {
        "longtitude": 8.335078333333334,
        "depth": 1.488,
        "temperature": 0.0,
        "time": 1782050809000,
        "timestamp": "2026-06-21T14:06:49",
        "water_level": 0.06,
        "nearest_tide_timestamp": "2026-06-21T14:10:00",
        "tide_correction": 1.548,
        "dataset": "training",
        "utm_epsg": 32632,
        "utm_easting": 446835.47402095736,
        "utm_northing": 4890049.905099904
      }
    },
    {
      "type": "Feature",
      "geometry": {
        "type": "Point",
        "coordinates": [
          446821.08939347,
          4890050.947075673
        ]
      },
      "properties": {
        "longtitude": 8.334898333333333,
        "depth": 0.302,
        "temperature": 0.0,
        "time": 1782050044000,
        "timestamp": "2026-06-21T13:54:04",
        "water_level": 0.06853881278538812,
        "nearest_tide_timestamp": "2026-06-21T13:50:00",
        "tide_correction": 0.37053881278538814,
        "dataset": "training",
        "utm_epsg": 32632,
        "utm_easting": 446821.08939347,
        "utm_northing": 4890050.947075673
      }
    },
    {
      "type": "Feature",
      "geometry": {
        "type": "Point",
        "coordinates": [
          446830.7904872792,
          4890031.059634161
        ]
      },
      "properties": {
        "longtitude": 8.335021666666668,
        "depth": 3.028,
        "temperature": 0.0,
        "time": 1782050191000,
        "timestamp": "2026-06-21T13:56:31",
        "water_level": 0.06527397260273972,
        "nearest_tide_timestamp": "2026-06-21T14:00:00",
        "tide_correction": 3.0932739726027396,
        "dataset": "training",
        "utm_epsg": 32632,
        "utm_easting": 446830.7904872792,
        "utm_northing": 4890031.059634161
      }
    },
    {
      "type": "Feature",
      "geometry": {
        "type": "Point",
        "coordinates": [
          446864.4034755683,
          4890051.152301569
        ]
      },
      "properties": {
        "longtitude": 8.33544,
        "depth": 2.05,
        "temperature": 0.0,
        "time": 1782050657000,
        "timestamp": "2026-06-21T14:04:17",
        "water_level": 0.06,
        "nearest_tide_timestamp": "2026-06-21T14:00:00",
        "tide_correction": 2.11,
        "dataset": "training",
        "utm_epsg": 32632,
        "utm_easting": 446864.4034755683,
        "utm_northing": 4890051.152301569
      }
    },
    {
      "type": "Feature",
      "geometry": {
        "type": "Point",
        "coordinates": [
          446919.9052463043,
          4890075.326407055
        ]
      },
      "properties": {
        "longtitude": 8.336131666666667,
        "depth": 1.873,
        "temperature": 0.0,
        "time": 1782050552000,
        "timestamp": "2026-06-21T14:02:32",
        "water_level": 0.06,
        "nearest_tide_timestamp": "2026-06-21T14:00:00",
        "tide_correction": 1.933,
        "dataset": "training",
        "utm_epsg": 32632,
        "utm_easting": 446919.9052463043,
        "utm_northing": 4890075.326407055
      }
    },
    {
      "type": "Feature",
      "geometry": {
        "type": "Point",
        "coordinates": [
          446827.0891005372,
          4890051.268816402
        ]
      },
      "properties": {
        "longtitude": 8.334973333333332,
        "depth": 1.54,
        "temperature": 0.0,
        "time": 1782050850000,
        "timestamp": "2026-06-21T14:07:30",
        "water_level": 0.06,
        "nearest_tide_timestamp": "2026-06-21T14:10:00",
        "tide_correction": 1.6,
        "dataset": "training",
        "utm_epsg": 32632,
        "utm_easting": 446827.0891005372,
        "utm_northing": 4890051.268816402
      }
    },
    {
      "type": "Feature",
      "geometry": {
        "type": "Point",
        "coordinates": [
          446953.62146376615,
          4890075.239443956
        ]
      },
      "properties": {
        "longtitude": 8.336553333333335,
        "depth": 3.299,
        "temperature": 0.0,
        "time": 1782050428000,
        "timestamp": "2026-06-21T14:00:28",
        "water_level": 0.06,
        "nearest_tide_timestamp": "2026-06-21T14:00:00",
        "tide_correction": 3.359,
        "dataset": "training",
        "utm_epsg": 32632,
        "utm_easting": 446953.62146376615,
        "utm_northing": 4890075.239443956
      }
    },
    {
      "type": "Feature",
      "geometry": {
        "type": "Point",
        "coordinates": [
          446835.33627033164,
          4890049.350821448
        ]
      },
      "properties": {
        "longtitude": 8.335076666666668,
        "depth": 1.759,
        "temperature": 0.0,
        "time": 1782050766000,
        "timestamp": "2026-06-21T14:06:06",
        "water_level": 0.06,
        "nearest_tide_timestamp": "2026-06-21T14:10:00",
        "tide_correction": 1.819,
        "dataset": "training",
        "utm_epsg": 32632,
        "utm_easting": 446835.33627033164,
        "utm_northing": 4890049.350821448
      }
    },
    {
      "type": "Feature",
      "geometry": {
        "type": "Point",
        "coordinates": [
          446823.2470090584,
          4890054.076848768
        ]
      },
      "properties": {
        "longtitude": 8.334925,
        "depth": 0.77,
        "temperature": 0.0,
        "time": 1782049972000,
        "timestamp": "2026-06-21T13:52:52",
        "water_level": 0.07034703196347031,
        "nearest_tide_timestamp": "2026-06-21T13:50:00",
        "tide_correction": 0.8403470319634703,
        "dataset": "training",
        "utm_epsg": 32632,
        "utm_easting": 446823.2470090584,
        "utm_northing": 4890054.076848768
      }
    },
    {
      "type": "Feature",
      "geometry": {
        "type": "Point",
        "coordinates": [
          446822.14799007156,
          4890050.012860446
        ]
      },
      "properties": {
        "longtitude": 8.334911666666667,
        "depth": 1.093,
        "temperature": 0.0,
        "time": 1782050031000,
        "timestamp": "2026-06-21T13:53:51",
        "water_level": 0.06886529680365296,
        "nearest_tide_timestamp": "2026-06-21T13:50:00",
        "tide_correction": 1.161865296803653,
        "dataset": "training",
        "utm_epsg": 32632,
        "utm_easting": 446822.14799007156,
        "utm_northing": 4890050.012860446
      }
    },
    {
      "type": "Feature",
      "geometry": {
        "type": "Point",
        "coordinates": [
          446822.18841297214,
          4890055.011063828
        ]
      },
      "properties": {
        "longtitude": 8.334911666666667,
        "depth": 1.041,
        "temperature": 0.0,
        "time": 1782049957000,
        "timestamp": "2026-06-21T13:52:37",
        "water_level": 0.07072374429223743,
        "nearest_tide_timestamp": "2026-06-21T13:50:00",
        "tide_correction": 1.1117237442922374,
        "dataset": "training",
        "utm_epsg": 32632,
        "utm_easting": 446822.18841297214,
        "utm_northing": 4890055.011063828
      }
    },
    {
      "type": "Feature",
      "geometry": {
        "type": "Point",
        "coordinates": [
          446899.26106818573,
          4890027.359107276
        ]
      },
      "properties": {
        "longtitude": 8.335878333333334,
        "depth": 3.851,
        "temperature": 0.0,
        "time": 1782050315000,
        "timestamp": "2026-06-21T13:58:35",
        "water_level": 0.06215981735159817,
        "nearest_tide_timestamp": "2026-06-21T14:00:00",
        "tide_correction": 3.9131598173515982,
        "dataset": "training",
        "utm_epsg": 32632,
        "utm_easting": 446899.26106818573,
        "utm_northing": 4890027.359107276
      }
    },
    {
      "type": "Feature",
      "geometry": {
        "type": "Point",
        "coordinates": [
          446879.0368396618,
          4890031.410208238
        ]
      },
      "properties": {
        "longtitude": 8.335625,
        "depth": 3.361,
        "temperature": 0.0,
        "time": 1782050285000,
        "timestamp": "2026-06-21T13:58:05",
        "water_level": 0.06291324200913241,
        "nearest_tide_timestamp": "2026-06-21T14:00:00",
        "tide_correction": 3.4239132420091325,
        "dataset": "training",
        "utm_epsg": 32632,
        "utm_easting": 446879.0368396618,
        "utm_northing": 4890031.410208238
      }
    },
    {
      "type": "Feature",
      "geometry": {
        "type": "Point",
        "coordinates": [
          446930.90782476374,
          4890051.540865807
        ]
      },
      "properties": {
        "longtitude": 8.336271666666667,
        "depth": 3.497,
        "temperature": 0.0,
        "time": 1782050372000,
        "timestamp": "2026-06-21T13:59:32",
        "water_level": 0.060728310502283105,
        "nearest_tide_timestamp": "2026-06-21T14:00:00",
        "tide_correction": 3.557728310502283,
        "dataset": "training",
        "utm_epsg": 32632,
        "utm_easting": 446930.90782476374,
        "utm_northing": 4890051.540865807
      }
    },
    {
      "type": "Feature",
      "geometry": {
        "type": "Point",
        "coordinates": [
          446851.5940293666,
          4890049.219389836
        ]
      },
      "properties": {
        "longtitude": 8.335280000000001,
        "depth": 1.936,
        "temperature": 0.0,
        "time": 1782050679000,
        "timestamp": "2026-06-21T14:04:39",
        "water_level": 0.06,
        "nearest_tide_timestamp": "2026-06-21T14:00:00",
        "tide_correction": 1.996,
        "dataset": "training",
        "utm_epsg": 32632,
        "utm_easting": 446851.5940293666,
        "utm_northing": 4890049.219389836
      }
    },
    {
      "type": "Feature",
      "geometry": {
        "type": "Point",
        "coordinates": [
          446826.3015150658,
          4890052.756231441
        ]
      },
      "properties": {
        "longtitude": 8.334963333333333,
        "depth": 1.28,
        "temperature": 0.0,
        "time": 1782050864000,
        "timestamp": "2026-06-21T14:07:44",
        "water_level": 0.06,
        "nearest_tide_timestamp": "2026-06-21T14:10:00",
        "tide_correction": 1.34,
        "dataset": "training",
        "utm_epsg": 32632,
        "utm_easting": 446826.3015150658,
        "utm_northing": 4890052.756231441
      }
    },
    {
      "type": "Feature",
      "geometry": {
        "type": "Point",
        "coordinates": [
          446825.10516691644,
          4890053.136167747
        ]
      },
      "properties": {
        "longtitude": 8.334948333333333,
        "depth": 0.583,
        "temperature": 0.0,
        "time": 1782050074000,
        "timestamp": "2026-06-21T13:54:34",
        "water_level": 0.06801141552511415,
        "nearest_tide_timestamp": "2026-06-21T13:50:00",
        "tide_correction": 0.6510114155251141,
        "dataset": "training",
        "utm_epsg": 32632,
        "utm_easting": 446825.10516691644,
        "utm_northing": 4890053.136167747
      }
    },
    {
      "type": "Feature",
      "geometry": {
        "type": "Point",
        "coordinates": [
          446870.39733238285,
          4890034.256971482
        ]
      },
      "properties": {
        "longtitude": 8.335516666666667,
        "depth": 2.997,
        "temperature": 0.0,
        "time": 1782050270000,
        "timestamp": "2026-06-21T13:57:50",
        "water_level": 0.06328995433789954,
        "nearest_tide_timestamp": "2026-06-21T14:00:00",
        "tide_correction": 3.0602899543378994,
        "dataset": "training",
        "utm_epsg": 32632,
        "utm_easting": 446870.39733238285,
        "utm_northing": 4890034.256971482
      }
    },
    {
      "type": "Feature",
      "geometry": {
        "type": "Point",
        "coordinates": [
          446886.20600021665,
          4890028.019941173
        ]
      },
      "properties": {
        "longtitude": 8.335715,
        "depth": 3.528,
        "temperature": 0.0,
        "time": 1782050296000,
        "timestamp": "2026-06-21T13:58:16",
        "water_level": 0.06263698630136987,
        "nearest_tide_timestamp": "2026-06-21T14:00:00",
        "tide_correction": 3.59063698630137,
        "dataset": "training",
        "utm_epsg": 32632,
        "utm_easting": 446886.20600021665,
        "utm_northing": 4890028.019941173
      }
    },
    {
      "type": "Feature",
      "geometry": {
        "type": "Point",
        "coordinates": [
          446823.37727506267,
          4890053.705533763
        ]
      },
      "properties": {
        "longtitude": 8.334926666666666,
        "depth": 0.895,
        "temperature": 0.0,
        "time": 1782049976000,
        "timestamp": "2026-06-21T13:52:56",
        "water_level": 0.07024657534246574,
        "nearest_tide_timestamp": "2026-06-21T13:50:00",
        "tide_correction": 0.9652465753424657,
        "dataset": "training",
        "utm_epsg": 32632,
        "utm_easting": 446823.37727506267,
        "utm_northing": 4890053.705533763
      }
    },
    {
      "type": "Feature",
      "geometry": {
        "type": "Point",
        "coordinates": [
          446822.7019911155,
          4890052.600210514
        ]
      },
      "properties": {
        "longtitude": 8.334918333333333,
        "depth": 1.114,
        "temperature": 0.0,
        "time": 1782050002000,
        "timestamp": "2026-06-21T13:53:22",
        "water_level": 0.06959360730593607,
        "nearest_tide_timestamp": "2026-06-21T13:50:00",
        "tide_correction": 1.183593607305936,
        "dataset": "training",
        "utm_epsg": 32632,
        "utm_easting": 446822.7019911155,
        "utm_northing": 4890052.600210514
      }
    },
    {
      "type": "Feature",
      "geometry": {
        "type": "Point",
        "coordinates": [
          446943.9565549734,
          4890066.616280297
        ]
      },
      "properties": {
        "longtitude": 8.336433333333334,
        "depth": 3.341,
        "temperature": 0.0,
        "time": 1782050404000,
        "timestamp": "2026-06-21T14:00:04",
        "water_level": 0.06,
        "nearest_tide_timestamp": "2026-06-21T14:00:00",
        "tide_correction": 3.4010000000000002,
        "dataset": "training",
        "utm_epsg": 32632,
        "utm_easting": 446943.9565549734,
        "utm_northing": 4890066.616280297
      }
    },
    {
      "type": "Feature",
      "geometry": {
        "type": "Point",
        "coordinates": [
          446870.9318706253,
          4890034.4377831025
        ]
      },
      "properties": {
        "longtitude": 8.335523333333333,
        "depth": 2.914,
        "temperature": 0.0,
        "time": 1782050271000,
        "timestamp": "2026-06-21T13:57:51",
        "water_level": 0.0632648401826484,
        "nearest_tide_timestamp": "2026-06-21T14:00:00",
        "tide_correction": 2.9772648401826487,
        "dataset": "training",
        "utm_epsg": 32632,
        "utm_easting": 446870.9318706253,
        "utm_northing": 4890034.4377831025
      }
    },
    {
      "type": "Feature",
      "geometry": {
        "type": "Point",
        "coordinates": [
          446907.5825672298,
          4890067.650405511
        ]
      },
      "properties": {
        "longtitude": 8.335978333333333,
        "depth": 2.331,
        "temperature": 0.0,
        "time": 1782050575000,
        "timestamp": "2026-06-21T14:02:55",
        "water_level": 0.06,
        "nearest_tide_timestamp": "2026-06-21T14:00:00",
        "tide_correction": 2.391,
        "dataset": "training",
        "utm_epsg": 32632,
        "utm_easting": 446907.5825672298,
        "utm_northing": 4890067.650405511
      }
    },
    {
      "type": "Feature",
      "geometry": {
        "type": "Point",
        "coordinates": [
          446840.5694647513,
          4890020.798376998
        ]
      },
      "properties": {
        "longtitude": 8.335145,
        "depth": 3.538,
        "temperature": 0.0,
        "time": 1782050224000,
        "timestamp": "2026-06-21T13:57:04",
        "water_level": 0.06444520547945205,
        "nearest_tide_timestamp": "2026-06-21T14:00:00",
        "tide_correction": 3.602445205479452,
        "dataset": "training",
        "utm_epsg": 32632,
        "utm_easting": 446840.5694647513,
        "utm_northing": 4890020.798376998
      }
    },
    {
      "type": "Feature",
      "geometry": {
        "type": "Point",
        "coordinates": [
          446824.6559827856,
          4890047.030485584
        ]
      },
      "properties": {
        "longtitude": 8.334943333333333,
        "depth": 1.009,
        "temperature": 0.0,
        "time": 1782050160000,
        "timestamp": "2026-06-21T13:56:00",
        "water_level": 0.06605251141552511,
        "nearest_tide_timestamp": "2026-06-21T14:00:00",
        "tide_correction": 1.075052511415525,
        "dataset": "training",
        "utm_epsg": 32632,
        "utm_easting": 446824.6559827856,
        "utm_northing": 4890047.030485584
      }
    },
    {
      "type": "Feature",
      "geometry": {
        "type": "Point",
        "coordinates": [
          446920.4268508595,
          4890040.887884705
        ]
      },
      "properties": {
        "longtitude": 8.336141666666666,
        "depth": 3.518,
        "temperature": 0.0,
        "time": 1782050352000,
        "timestamp": "2026-06-21T13:59:12",
        "water_level": 0.061230593607305935,
        "nearest_tide_timestamp": "2026-06-21T14:00:00",
        "tide_correction": 3.579230593607306,
        "dataset": "training",
        "utm_epsg": 32632,
        "utm_easting": 446920.4268508595,
        "utm_northing": 4890040.887884705
      }
    },
    {
      "type": "Feature",
      "geometry": {
        "type": "Point",
        "coordinates": [
          446822.8172858665,
          4890050.377709065
        ]
      },
      "properties": {
        "longtitude": 8.33492,
        "depth": 1.145,
        "temperature": 0.0,
        "time": 1782050028000,
        "timestamp": "2026-06-21T13:53:48",
        "water_level": 0.06894063926940638,
        "nearest_tide_timestamp": "2026-06-21T13:50:00",
        "tide_correction": 1.2139406392694063,
        "dataset": "training",
        "utm_epsg": 32632,
        "utm_easting": 446822.8172858665,
        "utm_northing": 4890050.377709065
      }
    },
    {
      "type": "Feature",
      "geometry": {
        "type": "Point",
        "coordinates": [
          446916.3931689214,
          4890036.477311007
        ]
      },
      "properties": {
        "longtitude": 8.336091666666666,
        "depth": 3.861,
        "temperature": 0.0,
        "time": 1782050344000,
        "timestamp": "2026-06-21T13:59:04",
        "water_level": 0.061431506849315066,
        "nearest_tide_timestamp": "2026-06-21T14:00:00",
        "tide_correction": 3.9224315068493154,
        "dataset": "training",
        "utm_epsg": 32632,
        "utm_easting": 446916.3931689214,
        "utm_northing": 4890036.477311007
      }
    },
    {
      "type": "Feature",
      "geometry": {
        "type": "Point",
        "coordinates": [
          446935.3188589426,
          4890053.171442355
        ]
      },
      "properties": {
        "longtitude": 8.336326666666668,
        "depth": 3.445,
        "temperature": 0.0,
        "time": 1782050381000,
        "timestamp": "2026-06-21T13:59:41",
        "water_level": 0.06050228310502283,
        "nearest_tide_timestamp": "2026-06-21T14:00:00",
        "tide_correction": 3.505502283105023,
        "dataset": "training",
        "utm_epsg": 32632,
        "utm_easting": 446935.3188589426,
        "utm_northing": 4890053.171442355
      }
    },
    {
      "type": "Feature",
      "geometry": {
        "type": "Point",
        "coordinates": [
          446927.6761507037,
          4890080.447339501
        ]
      },
      "properties": {
        "longtitude": 8.336228333333334,
        "depth": 2.29,
        "temperature": 0.0,
        "time": 1782050536000,
        "timestamp": "2026-06-21T14:02:16",
        "water_level": 0.06,
        "nearest_tide_timestamp": "2026-06-21T14:00:00",
        "tide_correction": 2.35,
        "dataset": "training",
        "utm_epsg": 32632,
        "utm_easting": 446927.6761507037,
        "utm_northing": 4890080.447339501
      }
    },
    {
      "type": "Feature",
      "geometry": {
        "type": "Point",
        "coordinates": [
          446857.55793260597,
          4890028.621675118
        ]
      },
      "properties": {
        "longtitude": 8.335356666666666,
        "depth": 3.497,
        "temperature": 0.0,
        "time": 1782050250000,
        "timestamp": "2026-06-21T13:57:30",
        "water_level": 0.06379223744292237,
        "nearest_tide_timestamp": "2026-06-21T14:00:00",
        "tide_correction": 3.5607922374429224,
        "dataset": "training",
        "utm_epsg": 32632,
        "utm_easting": 446857.55793260597,
        "utm_northing": 4890028.621675118
      }
    },
    {
      "type": "Feature",
      "geometry": {
        "type": "Point",
        "coordinates": [
          446836.40384963417,
          4890049.527320392
        ]
      },
      "properties": {
        "longtitude": 8.335090000000001,
        "depth": 1.665,
        "temperature": 0.0,
        "time": 1782050774000,
        "timestamp": "2026-06-21T14:06:14",
        "water_level": 0.06,
        "nearest_tide_timestamp": "2026-06-21T14:10:00",
        "tide_correction": 1.725,
        "dataset": "training",
        "utm_epsg": 32632,
        "utm_easting": 446836.40384963417,
        "utm_northing": 4890049.527320392
      }
    },
    {
      "type": "Feature",
      "geometry": {
        "type": "Point",
        "coordinates": [
          446824.76529007114,
          4890044.067509628
        ]
      },
      "properties": {
        "longtitude": 8.334945000000001,
        "depth": 1.478,
        "temperature": 0.0,
        "time": 1782050168000,
        "timestamp": "2026-06-21T13:56:08",
        "water_level": 0.06585159817351598,
        "nearest_tide_timestamp": "2026-06-21T14:00:00",
        "tide_correction": 1.543851598173516,
        "dataset": "training",
        "utm_epsg": 32632,
        "utm_easting": 446824.76529007114,
        "utm_northing": 4890044.067509628
      }
    },
    {
      "type": "Feature",
      "geometry": {
        "type": "Point",
        "coordinates": [
          446826.4722263379,
          4890040.906483042
        ]
      },
      "properties": {
        "longtitude": 8.334966666666666,
        "depth": 1.686,
        "temperature": 0.0,
        "time": 1782050175000,
        "timestamp": "2026-06-21T13:56:15",
        "water_level": 0.06567579908675798,
        "nearest_tide_timestamp": "2026-06-21T14:00:00",
        "tide_correction": 1.751675799086758,
        "dataset": "training",
        "utm_epsg": 32632,
        "utm_easting": 446826.4722263379,
        "utm_northing": 4890040.906483042
      }
    },
    {
      "type": "Feature",
      "geometry": {
        "type": "Point",
        "coordinates": [
          446934.77327515575,
          4890084.648065099
        ]
      },
      "properties": {
        "longtitude": 8.336316666666667,
        "depth": 2.425,
        "temperature": 0.0,
        "time": 1782050522000,
        "timestamp": "2026-06-21T14:02:02",
        "water_level": 0.06,
        "nearest_tide_timestamp": "2026-06-21T14:00:00",
        "tide_correction": 2.485,
        "dataset": "training",
        "utm_epsg": 32632,
        "utm_easting": 446934.77327515575,
        "utm_northing": 4890084.648065099
      }
    },
    {
      "type": "Feature",
      "geometry": {
        "type": "Point",
        "coordinates": [
          446881.50116902974,
          4890056.012685879
        ]
      },
      "properties": {
        "longtitude": 8.335653333333333,
        "depth": 2.227,
        "temperature": 0.0,
        "time": 1782050626000,
        "timestamp": "2026-06-21T14:03:46",
        "water_level": 0.06,
        "nearest_tide_timestamp": "2026-06-21T14:00:00",
        "tide_correction": 2.287,
        "dataset": "training",
        "utm_epsg": 32632,
        "utm_easting": 446881.50116902974,
        "utm_northing": 4890056.012685879
      }
    },
    {
      "type": "Feature",
      "geometry": {
        "type": "Point",
        "coordinates": [
          446867.9911619978,
          4890033.350760409
        ]
      },
      "properties": {
        "longtitude": 8.335486666666666,
        "depth": 3.237,
        "temperature": 0.0,
        "time": 1782050266000,
        "timestamp": "2026-06-21T13:57:46",
        "water_level": 0.0633904109589041,
        "nearest_tide_timestamp": "2026-06-21T14:00:00",
        "tide_correction": 3.3003904109589044,
        "dataset": "training",
        "utm_epsg": 32632,
        "utm_easting": 446867.9911619978,
        "utm_northing": 4890033.350760409
      }
    },
    {
      "type": "Feature",
      "geometry": {
        "type": "Point",
        "coordinates": [
          446906.2145437042,
          4890030.265048072
        ]
      },
      "properties": {
        "longtitude": 8.335965,
        "depth": 3.778,
        "temperature": 0.0,
        "time": 1782050326000,
        "timestamp": "2026-06-21T13:58:46",
        "water_level": 0.06188356164383561,
        "nearest_tide_timestamp": "2026-06-21T14:00:00",
        "tide_correction": 3.839883561643836,
        "dataset": "training",
        "utm_epsg": 32632,
        "utm_easting": 446906.2145437042,
        "utm_northing": 4890030.265048072
      }
    },
    {
      "type": "Feature",
      "geometry": {
        "type": "Point",
        "coordinates": [
          446938.3757656785,
          4890085.174384514
        ]
      },
      "properties": {
        "longtitude": 8.336361666666667,
        "depth": 2.675,
        "temperature": 0.0,
        "time": 1782050515000,
        "timestamp": "2026-06-21T14:01:55",
        "water_level": 0.06,
        "nearest_tide_timestamp": "2026-06-21T14:00:00",
        "tide_correction": 2.735,
        "dataset": "training",
        "utm_epsg": 32632,
        "utm_easting": 446938.3757656785,
        "utm_northing": 4890085.174384514
      }
    },
    {
      "type": "Feature",
      "geometry": {
        "type": "Point",
        "coordinates": [
          446848.38979607145,
          4890048.50476749
        ]
      },
      "properties": {
        "longtitude": 8.33524,
        "depth": 1.717,
        "temperature": 0.0,
        "time": 1782050686000,
        "timestamp": "2026-06-21T14:04:46",
        "water_level": 0.06,
        "nearest_tide_timestamp": "2026-06-21T14:00:00",
        "tide_correction": 1.7770000000000001,
        "dataset": "training",
        "utm_epsg": 32632,
        "utm_easting": 446848.38979607145,
        "utm_northing": 4890048.50476749
      }
    },
    {
      "type": "Feature",
      "geometry": {
        "type": "Point",
        "coordinates": [
          446834.1324370331,
          4890048.805162885
        ]
      },
      "properties": {
        "longtitude": 8.335061666666666,
        "depth": 1.634,
        "temperature": 0.0,
        "time": 1782050754000,
        "timestamp": "2026-06-21T14:05:54",
        "water_level": 0.06,
        "nearest_tide_timestamp": "2026-06-21T14:10:00",
        "tide_correction": 1.694,
        "dataset": "training",
        "utm_epsg": 32632,
        "utm_easting": 446834.1324370331,
        "utm_northing": 4890048.805162885
      }
    },
    {
      "type": "Feature",
      "geometry": {
        "type": "Point",
        "coordinates": [
          446932.5114299851,
          4890052.083315492
        ]
      },
      "properties": {
        "longtitude": 8.336291666666666,
        "depth": 3.528,
        "temperature": 0.0,
        "time": 1782050375000,
        "timestamp": "2026-06-21T13:59:35",
        "water_level": 0.06065296803652968,
        "nearest_tide_timestamp": "2026-06-21T14:00:00",
        "tide_correction": 3.5886529680365298,
        "dataset": "training",
        "utm_epsg": 32632,
        "utm_easting": 446932.5114299851,
        "utm_northing": 4890052.083315492
      }
    },
    {
      "type": "Feature",
      "geometry": {
        "type": "Point",
        "coordinates": [
          446902.4828123022,
          4890063.248448403
        ]
      },
      "properties": {
        "longtitude": 8.335915,
        "depth": 2.321,
        "temperature": 0.0,
        "time": 1782050589000,
        "timestamp": "2026-06-21T14:03:09",
        "water_level": 0.06,
        "nearest_tide_timestamp": "2026-06-21T14:00:00",
        "tide_correction": 2.3810000000000002,
        "dataset": "training",
        "utm_epsg": 32632,
        "utm_easting": 446902.4828123022,
        "utm_northing": 4890063.248448403
      }
    },
    {
      "type": "Feature",
      "geometry": {
        "type": "Point",
        "coordinates": [
          446841.3225085093,
          4890048.006507398
        ]
      },
      "properties": {
        "longtitude": 8.335151666666667,
        "depth": 1.613,
        "temperature": 0.0,
        "time": 1782050699000,
        "timestamp": "2026-06-21T14:04:59",
        "water_level": 0.06,
        "nearest_tide_timestamp": "2026-06-21T14:00:00",
        "tide_correction": 1.673,
        "dataset": "training",
        "utm_epsg": 32632,
        "utm_easting": 446841.3225085093,
        "utm_northing": 4890048.006507398
      }
    },
    {
      "type": "Feature",
      "geometry": {
        "type": "Point",
        "coordinates": [
          446934.7828300931,
          4890052.805506883
        ]
      },
      "properties": {
        "longtitude": 8.33632,
        "depth": 3.57,
        "temperature": 0.0,
        "time": 1782050380000,
        "timestamp": "2026-06-21T13:59:40",
        "water_level": 0.06052739726027397,
        "nearest_tide_timestamp": "2026-06-21T14:00:00",
        "tide_correction": 3.630527397260274,
        "dataset": "training",
        "utm_epsg": 32632,
        "utm_easting": 446934.7828300931,
        "utm_northing": 4890052.805506883
      }
    },
    {
      "type": "Feature",
      "geometry": {
        "type": "Point",
        "coordinates": [
          446822.83525137196,
          4890052.599132786
        ]
      },
      "properties": {
        "longtitude": 8.33492,
        "depth": 0.978,
        "temperature": 0.0,
        "time": 1782050006000,
        "timestamp": "2026-06-21T13:53:26",
        "water_level": 0.0694931506849315,
        "nearest_tide_timestamp": "2026-06-21T13:50:00",
        "tide_correction": 1.0474931506849314,
        "dataset": "training",
        "utm_epsg": 32632,
        "utm_easting": 446822.83525137196,
        "utm_northing": 4890052.599132786
      }
    },
    {
      "type": "Feature",
      "geometry": {
        "type": "Point",
        "coordinates": [
          446833.5978988871,
          4890048.624354255
        ]
      },
      "properties": {
        "longtitude": 8.335055,
        "depth": 1.53,
        "temperature": 0.0,
        "time": 1782050716000,
        "timestamp": "2026-06-21T14:05:16",
        "water_level": 0.06,
        "nearest_tide_timestamp": "2026-06-21T14:10:00",
        "tide_correction": 1.59,
        "dataset": "training",
        "utm_epsg": 32632,
        "utm_easting": 446833.5978988871,
        "utm_northing": 4890048.624354255
      }
    },
    {
      "type": "Feature",
      "geometry": {
        "type": "Point",
        "coordinates": [
          446897.1359658123,
          4890061.2551900465
        ]
      },
      "properties": {
        "longtitude": 8.335848333333333,
        "depth": 2.508,
        "temperature": 0.0,
        "time": 1782050599000,
        "timestamp": "2026-06-21T14:03:19",
        "water_level": 0.06,
        "nearest_tide_timestamp": "2026-06-21T14:00:00",
        "tide_correction": 2.568,
        "dataset": "training",
        "utm_epsg": 32632,
        "utm_easting": 446897.1359658123,
        "utm_northing": 4890061.2551900465
      }
    },
    {
      "type": "Feature",
      "geometry": {
        "type": "Point",
        "coordinates": [
          446835.47402095736,
          4890049.905099904
        ]
      },
      "properties": {
        "longtitude": 8.335078333333334,
        "depth": 1.499,
        "temperature": 0.0,
        "time": 1782050807000,
        "timestamp": "2026-06-21T14:06:47",
        "water_level": 0.06,
        "nearest_tide_timestamp": "2026-06-21T14:10:00",
        "tide_correction": 1.5590000000000002,
        "dataset": "training",
        "utm_epsg": 32632,
        "utm_easting": 446835.47402095736,
        "utm_northing": 4890049.905099904
      }
    },
    {
      "type": "Feature",
      "geometry": {
        "type": "Point",
        "coordinates": [
          446845.5868395886,
          4890047.972033533
        ]
      },
      "properties": {
        "longtitude": 8.335205,
        "depth": 1.717,
        "temperature": 0.0,
        "time": 1782050692000,
        "timestamp": "2026-06-21T14:04:52",
        "water_level": 0.06,
        "nearest_tide_timestamp": "2026-06-21T14:00:00",
        "tide_correction": 1.7770000000000001,
        "dataset": "training",
        "utm_epsg": 32632,
        "utm_easting": 446845.5868395886,
        "utm_northing": 4890047.972033533
      }
    },
    {
      "type": "Feature",
      "geometry": {
        "type": "Point",
        "coordinates": [
          446911.0697453269,
          4890070.399209824
        ]
      },
      "properties": {
        "longtitude": 8.336021666666666,
        "depth": 2.165,
        "temperature": 0.0,
        "time": 1782050568000,
        "timestamp": "2026-06-21T14:02:48",
        "water_level": 0.06,
        "nearest_tide_timestamp": "2026-06-21T14:00:00",
        "tide_correction": 2.225,
        "dataset": "training",
        "utm_epsg": 32632,
        "utm_easting": 446911.0697453269,
        "utm_northing": 4890070.399209824
      }
    },
    {
      "type": "Feature",
      "geometry": {
        "type": "Point",
        "coordinates": [
          446826.30001803755,
          4890052.571112797
        ]
      },
      "properties": {
        "longtitude": 8.334963333333333,
        "depth": 1.353,
        "temperature": 0.0,
        "time": 1782050868000,
        "timestamp": "2026-06-21T14:07:48",
        "water_level": 0.06,
        "nearest_tide_timestamp": "2026-06-21T14:10:00",
        "tide_correction": 1.413,
        "dataset": "training",
        "utm_epsg": 32632,
        "utm_easting": 446826.30001803755,
        "utm_northing": 4890052.571112797
      }
    },
    {
      "type": "Feature",
      "geometry": {
        "type": "Point",
        "coordinates": [
          446823.7755586646,
          4890053.517181982
        ]
      },
      "properties": {
        "longtitude": 8.334931666666668,
        "depth": 0.874,
        "temperature": 0.0,
        "time": 1782049954000,
        "timestamp": "2026-06-21T13:52:34",
        "water_level": 0.07079908675799086,
        "nearest_tide_timestamp": "2026-06-21T13:50:00",
        "tide_correction": 0.9447990867579908,
        "dataset": "training",
        "utm_epsg": 32632,
        "utm_easting": 446823.7755586646,
        "utm_northing": 4890053.517181982
      }
    },
    {
      "type": "Feature",
      "geometry": {
        "type": "Point",
        "coordinates": [
          446935.30780747964,
          4890084.828881917
        ]
      },
      "properties": {
        "longtitude": 8.336323333333333,
        "depth": 2.571,
        "temperature": 0.0,
        "time": 1782050521000,
        "timestamp": "2026-06-21T14:02:01",
        "water_level": 0.06,
        "nearest_tide_timestamp": "2026-06-21T14:00:00",
        "tide_correction": 2.6310000000000002,
        "dataset": "training",
        "utm_epsg": 32632,
        "utm_easting": 446935.30780747964,
        "utm_northing": 4890084.828881917
      }
    },
    {
      "type": "Feature",
      "geometry": {
        "type": "Point",
        "coordinates": [
          446823.7710673658,
          4890052.961826052
        ]
      },
      "properties": {
        "longtitude": 8.334931666666668,
        "depth": 0.25,
        "temperature": 0.0,
        "time": 1782050119000,
        "timestamp": "2026-06-21T13:55:19",
        "water_level": 0.0670821917808219,
        "nearest_tide_timestamp": "2026-06-21T14:00:00",
        "tide_correction": 0.3170821917808219,
        "dataset": "training",
        "utm_epsg": 32632,
        "utm_easting": 446823.7710673658,
        "utm_northing": 4890052.961826052
      }
    },
    {
      "type": "Feature",
      "geometry": {
        "type": "Point",
        "coordinates": [
          446911.30086947914,
          4890033.000940309
        ]
      },
      "properties": {
        "longtitude": 8.336028333333333,
        "depth": 3.757,
        "temperature": 0.0,
        "time": 1782050334000,
        "timestamp": "2026-06-21T13:58:54",
        "water_level": 0.06168264840182648,
        "nearest_tide_timestamp": "2026-06-21T14:00:00",
        "tide_correction": 3.818682648401827,
        "dataset": "training",
        "utm_epsg": 32632,
        "utm_easting": 446911.30086947914,
        "utm_northing": 4890033.000940309
      }
    },
    {
      "type": "Feature",
      "geometry": {
        "type": "Point",
        "coordinates": [
          446949.3332537866,
          4890072.311949532
        ]
      },
      "properties": {
        "longtitude": 8.336500000000001,
        "depth": 3.216,
        "temperature": 0.0,
        "time": 1782050417000,
        "timestamp": "2026-06-21T14:00:17",
        "water_level": 0.06,
        "nearest_tide_timestamp": "2026-06-21T14:00:00",
        "tide_correction": 3.2760000000000002,
        "dataset": "training",
        "utm_epsg": 32632,
        "utm_easting": 446949.3332537866,
        "utm_northing": 4890072.311949532
      }
    },
    {
      "type": "Feature",
      "geometry": {
        "type": "Point",
        "coordinates": [
          446824.82517280197,
          4890051.472255322
        ]
      },
      "properties": {
        "longtitude": 8.334945000000001,
        "depth": 0.635,
        "temperature": 0.0,
        "time": 1782050056000,
        "timestamp": "2026-06-21T13:54:16",
        "water_level": 0.06843835616438355,
        "nearest_tide_timestamp": "2026-06-21T13:50:00",
        "tide_correction": 0.7034383561643835,
        "dataset": "training",
        "utm_epsg": 32632,
        "utm_easting": 446824.82517280197,
        "utm_northing": 4890051.472255322
      }
    },
    {
      "type": "Feature",
      "geometry": {
        "type": "Point",
        "coordinates": [
          446823.44915393763,
          4890046.114591686
        ]
      },
      "properties": {
        "longtitude": 8.334928333333332,
        "depth": 0.604,
        "temperature": 0.0,
        "time": 1782050163000,
        "timestamp": "2026-06-21T13:56:03",
        "water_level": 0.06597716894977168,
        "nearest_tide_timestamp": "2026-06-21T14:00:00",
        "tide_correction": 0.6699771689497717,
        "dataset": "training",
        "utm_epsg": 32632,
        "utm_easting": 446823.44915393763,
        "utm_northing": 4890046.114591686
      }
    },
    {
      "type": "Feature",
      "geometry": {
        "type": "Point",
        "coordinates": [
          446937.7578780905,
          4890058.150288108
        ]
      },
      "properties": {
        "longtitude": 8.336356666666667,
        "depth": 3.143,
        "temperature": 0.0,
        "time": 1782050390000,
        "timestamp": "2026-06-21T13:59:50",
        "water_level": 0.06027625570776256,
        "nearest_tide_timestamp": "2026-06-21T14:00:00",
        "tide_correction": 3.2032762557077623,
        "dataset": "training",
        "utm_epsg": 32632,
        "utm_easting": 446937.7578780905,
        "utm_northing": 4890058.150288108
      }
    },
    {
      "type": "Feature",
      "geometry": {
        "type": "Point",
        "coordinates": [
          446909.4262524742,
          4890031.905291781
        ]
      },
      "properties": {
        "longtitude": 8.336005,
        "depth": 3.507,
        "temperature": 0.0,
        "time": 1782050331000,
        "timestamp": "2026-06-21T13:58:51",
        "water_level": 0.06175799086757991,
        "nearest_tide_timestamp": "2026-06-21T14:00:00",
        "tide_correction": 3.56875799086758,
        "dataset": "training",
        "utm_epsg": 32632,
        "utm_easting": 446909.4262524742,
        "utm_northing": 4890031.905291781
      }
    },
    {
      "type": "Feature",
      "geometry": {
        "type": "Point",
        "coordinates": [
          446869.20383723185,
          4890051.483772773
        ]
      },
      "properties": {
        "longtitude": 8.3355,
        "depth": 2.487,
        "temperature": 0.0,
        "time": 1782050648000,
        "timestamp": "2026-06-21T14:04:08",
        "water_level": 0.06,
        "nearest_tide_timestamp": "2026-06-21T14:00:00",
        "tide_correction": 2.547,
        "dataset": "training",
        "utm_epsg": 32632,
        "utm_easting": 446869.20383723185,
        "utm_northing": 4890051.483772773
      }
    },
    {
      "type": "Feature",
      "geometry": {
        "type": "Point",
        "coordinates": [
          446835.6057845012,
          4890049.718903792
        ]
      },
      "properties": {
        "longtitude": 8.33508,
        "depth": 1.676,
        "temperature": 0.0,
        "time": 1782050800000,
        "timestamp": "2026-06-21T14:06:40",
        "water_level": 0.06,
        "nearest_tide_timestamp": "2026-06-21T14:10:00",
        "tide_correction": 1.736,
        "dataset": "training",
        "utm_epsg": 32632,
        "utm_easting": 446835.6057845012,
        "utm_northing": 4890049.718903792
      }
    },
    {
      "type": "Feature",
      "geometry": {
        "type": "Point",
        "coordinates": [
          446908.0891617201,
          4890031.360695692
        ]
      },
      "properties": {
        "longtitude": 8.335988333333335,
        "depth": 3.684,
        "temperature": 0.0,
        "time": 1782050329000,
        "timestamp": "2026-06-21T13:58:49",
        "water_level": 0.061808219178082185,
        "nearest_tide_timestamp": "2026-06-21T14:00:00",
        "tide_correction": 3.745808219178082,
        "dataset": "training",
        "utm_epsg": 32632,
        "utm_easting": 446908.0891617201,
        "utm_northing": 4890031.360695692
      }
    },
    {
      "type": "Feature",
      "geometry": {
        "type": "Point",
        "coordinates": [
          446884.16936337075,
          4890056.361392937
        ]
      },
      "properties": {
        "longtitude": 8.335686666666668,
        "depth": 2.352,
        "temperature": 0.0,
        "time": 1782050622000,
        "timestamp": "2026-06-21T14:03:42",
        "water_level": 0.06,
        "nearest_tide_timestamp": "2026-06-21T14:00:00",
        "tide_correction": 2.412,
        "dataset": "training",
        "utm_epsg": 32632,
        "utm_easting": 446884.16936337075,
        "utm_northing": 4890056.361392937
      }
    },
    {
      "type": "Feature",
      "geometry": {
        "type": "Point",
        "coordinates": [
          446938.4361297052,
          4890059.625860301
        ]
      },
      "properties": {
        "longtitude": 8.336365,
        "depth": 3.278,
        "temperature": 0.0,
        "time": 1782050392000,
        "timestamp": "2026-06-21T13:59:52",
        "water_level": 0.06022602739726027,
        "nearest_tide_timestamp": "2026-06-21T14:00:00",
        "tide_correction": 3.33822602739726,
        "dataset": "training",
        "utm_epsg": 32632,
        "utm_easting": 446938.4361297052,
        "utm_northing": 4890059.625860301
      }
    },
    {
      "type": "Feature",
      "geometry": {
        "type": "Point",
        "coordinates": [
          446937.2158741478,
          4890057.043877863
        ]
      },
      "properties": {
        "longtitude": 8.336350000000001,
        "depth": 3.57,
        "temperature": 0.0,
        "time": 1782050388000,
        "timestamp": "2026-06-21T13:59:48",
        "water_level": 0.060326484018264834,
        "nearest_tide_timestamp": "2026-06-21T14:00:00",
        "tide_correction": 3.6303264840182647,
        "dataset": "training",
        "utm_epsg": 32632,
        "utm_easting": 446937.2158741478,
        "utm_northing": 4890057.043877863
      }
    },
    {
      "type": "Feature",
      "geometry": {
        "type": "Point",
        "coordinates": [
          446817.5931832303,
          4890047.087606902
        ]
      },
      "properties": {
        "longtitude": 8.334855000000001,
        "depth": 0.957,
        "temperature": 0.0,
        "time": 1782049947000,
        "timestamp": "2026-06-21T13:52:27",
        "water_level": 0.07092465753424657,
        "nearest_tide_timestamp": "2026-06-21T13:50:00",
        "tide_correction": 1.0279246575342464,
        "dataset": "training",
        "utm_epsg": 32632,
        "utm_easting": 446817.5931832303,
        "utm_northing": 4890047.087606902
      }
    },
    {
      "type": "Feature",
      "geometry": {
        "type": "Point",
        "coordinates": [
          446960.6301148602,
          4890084.994831885
        ]
      },
      "properties": {
        "longtitude": 8.33664,
        "depth": 3.361,
        "temperature": 0.0,
        "time": 1782050447000,
        "timestamp": "2026-06-21T14:00:47",
        "water_level": 0.06,
        "nearest_tide_timestamp": "2026-06-21T14:00:00",
        "tide_correction": 3.4210000000000003,
        "dataset": "training",
        "utm_epsg": 32632,
        "utm_easting": 446960.6301148602,
        "utm_northing": 4890084.994831885
      }
    },
    {
      "type": "Feature",
      "geometry": {
        "type": "Point",
        "coordinates": [
          446957.0515200359,
          4890087.43039872
        ]
      },
      "properties": {
        "longtitude": 8.336594999999999,
        "depth": 3.122,
        "temperature": 0.0,
        "time": 1782050486000,
        "timestamp": "2026-06-21T14:01:26",
        "water_level": 0.06,
        "nearest_tide_timestamp": "2026-06-21T14:00:00",
        "tide_correction": 3.182,
        "dataset": "training",
        "utm_epsg": 32632,
        "utm_easting": 446957.0515200359,
        "utm_northing": 4890087.43039872
      }
    },
    {
      "type": "Feature",
      "geometry": {
        "type": "Point",
        "coordinates": [
          446906.64526335424,
          4890067.102581722
        ]
      },
      "properties": {
        "longtitude": 8.335966666666668,
        "depth": 2.227,
        "temperature": 0.0,
        "time": 1782050577000,
        "timestamp": "2026-06-21T14:02:57",
        "water_level": 0.06,
        "nearest_tide_timestamp": "2026-06-21T14:00:00",
        "tide_correction": 2.287,
        "dataset": "training",
        "utm_epsg": 32632,
        "utm_easting": 446906.64526335424,
        "utm_northing": 4890067.102581722
      }
    },
    {
      "type": "Feature",
      "geometry": {
        "type": "Point",
        "coordinates": [
          446853.67691255314,
          4890026.616604811
        ]
      },
      "properties": {
        "longtitude": 8.335308333333334,
        "depth": 3.372,
        "temperature": 0.0,
        "time": 1782050244000,
        "timestamp": "2026-06-21T13:57:24",
        "water_level": 0.06394292237442922,
        "nearest_tide_timestamp": "2026-06-21T14:00:00",
        "tide_correction": 3.435942922374429,
        "dataset": "training",
        "utm_epsg": 32632,
        "utm_easting": 446853.67691255314,
        "utm_northing": 4890026.616604811
      }
    },
    {
      "type": "Feature",
      "geometry": {
        "type": "Point",
        "coordinates": [
          446949.84355704277,
          4890086.007504138
        ]
      },
      "properties": {
        "longtitude": 8.336504999999999,
        "depth": 3.049,
        "temperature": 0.0,
        "time": 1782050496000,
        "timestamp": "2026-06-21T14:01:36",
        "water_level": 0.06,
        "nearest_tide_timestamp": "2026-06-21T14:00:00",
        "tide_correction": 3.109,
        "dataset": "training",
        "utm_epsg": 32632,
        "utm_easting": 446949.84355704277,
        "utm_northing": 4890086.007504138
      }
    },
    {
      "type": "Feature",
      "geometry": {
        "type": "Point",
        "coordinates": [
          446834.0141448006,
          4890050.657426814
        ]
      },
      "properties": {
        "longtitude": 8.33506,
        "depth": 0.833,
        "temperature": 0.0,
        "time": 1782050825000,
        "timestamp": "2026-06-21T14:07:05",
        "water_level": 0.06,
        "nearest_tide_timestamp": "2026-06-21T14:10:00",
        "tide_correction": 0.893,
        "dataset": "training",
        "utm_epsg": 32632,
        "utm_easting": 446834.0141448006,
        "utm_northing": 4890050.657426814
      }
    },
    {
      "type": "Feature",
      "geometry": {
        "type": "Point",
        "coordinates": [
          446922.98367007624,
          4890076.967733049
        ]
      },
      "properties": {
        "longtitude": 8.336170000000001,
        "depth": 2.009,
        "temperature": 0.0,
        "time": 1782050546000,
        "timestamp": "2026-06-21T14:02:26",
        "water_level": 0.06,
        "nearest_tide_timestamp": "2026-06-21T14:00:00",
        "tide_correction": 2.069,
        "dataset": "training",
        "utm_epsg": 32632,
        "utm_easting": 446922.98367007624,
        "utm_northing": 4890076.967733049
      }
    },
    {
      "type": "Feature",
      "geometry": {
        "type": "Point",
        "coordinates": [
          446825.90921950596,
          4890053.685057643
        ]
      },
      "properties": {
        "longtitude": 8.334958333333333,
        "depth": 0.416,
        "temperature": 0.0,
        "time": 1782050876000,
        "timestamp": "2026-06-21T14:07:56",
        "water_level": 0.06,
        "nearest_tide_timestamp": "2026-06-21T14:10:00",
        "tide_correction": 0.476,
        "dataset": "training",
        "utm_epsg": 32632,
        "utm_easting": 446825.90921950596,
        "utm_northing": 4890053.685057643
      }
    },
    {
      "type": "Feature",
      "geometry": {
        "type": "Point",
        "coordinates": [
          446943.44709829695,
          4890086.059114867
        ]
      },
      "properties": {
        "longtitude": 8.336425,
        "depth": 2.779,
        "temperature": 0.0,
        "time": 1782050506000,
        "timestamp": "2026-06-21T14:01:46",
        "water_level": 0.06,
        "nearest_tide_timestamp": "2026-06-21T14:00:00",
        "tide_correction": 2.839,
        "dataset": "training",
        "utm_epsg": 32632,
        "utm_easting": 446943.44709829695,
        "utm_northing": 4890086.059114867
      }
    },
    {
      "type": "Feature",
      "geometry": {
        "type": "Point",
        "coordinates": [
          446914.4206715689,
          4890072.778854548
        ]
      },
      "properties": {
        "longtitude": 8.336063333333334,
        "depth": 2.206,
        "temperature": 0.0,
        "time": 1782050561000,
        "timestamp": "2026-06-21T14:02:41",
        "water_level": 0.06,
        "nearest_tide_timestamp": "2026-06-21T14:00:00",
        "tide_correction": 2.266,
        "dataset": "training",
        "utm_epsg": 32632,
        "utm_easting": 446914.4206715689,
        "utm_northing": 4890072.778854548
      }
    },
    {
      "type": "Feature",
      "geometry": {
        "type": "Point",
        "coordinates": [
          446917.6014807266,
          4890037.578340492
        ]
      },
      "properties": {
        "longtitude": 8.336106666666666,
        "depth": 3.622,
        "temperature": 0.0,
        "time": 1782050346000,
        "timestamp": "2026-06-21T13:59:06",
        "water_level": 0.061381278538812784,
        "nearest_tide_timestamp": "2026-06-21T14:00:00",
        "tide_correction": 3.6833812785388127,
        "dataset": "training",
        "utm_epsg": 32632,
        "utm_easting": 446917.6014807266,
        "utm_northing": 4890037.578340492
      }
    },
    {
      "type": "Feature",
      "geometry": {
        "type": "Point",
        "coordinates": [
          446834.400454494,
          4890048.988126541
        ]
      },
      "properties": {
        "longtitude": 8.335064999999998,
        "depth": 1.405,
        "temperature": 0.0,
        "time": 1782050758000,
        "timestamp": "2026-06-21T14:05:58",
        "water_level": 0.06,
        "nearest_tide_timestamp": "2026-06-21T14:10:00",
        "tide_correction": 1.465,
        "dataset": "training",
        "utm_epsg": 32632,
        "utm_easting": 446834.400454494,
        "utm_northing": 4890048.988126541
      }
    },
    {
      "type": "Feature",
      "geometry": {
        "type": "Point",
        "coordinates": [
          446964.55436871166,
          4890092.368405862
        ]
      },
      "properties": {
        "longtitude": 8.336688333333333,
        "depth": 3.257,
        "temperature": 0.0,
        "time": 1782050463000,
        "timestamp": "2026-06-21T14:01:03",
        "water_level": 0.06,
        "nearest_tide_timestamp": "2026-06-21T14:00:00",
        "tide_correction": 3.317,
        "dataset": "training",
        "utm_epsg": 32632,
        "utm_easting": 446964.55436871166,
        "utm_northing": 4890092.368405862
      }
    },
    {
      "type": "Feature",
      "geometry": {
        "type": "Point",
        "coordinates": [
          446864.5114259659,
          4890031.527571968
        ]
      },
      "properties": {
        "longtitude": 8.335443333333334,
        "depth": 3.049,
        "temperature": 0.0,
        "time": 1782050260000,
        "timestamp": "2026-06-21T13:57:40",
        "water_level": 0.06354109589041096,
        "nearest_tide_timestamp": "2026-06-21T14:00:00",
        "tide_correction": 3.112541095890411,
        "dataset": "training",
        "utm_epsg": 32632,
        "utm_easting": 446864.5114259659,
        "utm_northing": 4890031.527571968
      }
    },
    {
      "type": "Feature",
      "geometry": {
        "type": "Point",
        "coordinates": [
          446874.95197678485,
          4890053.658897143
        ]
      },
      "properties": {
        "longtitude": 8.335571666666668,
        "depth": 1.988,
        "temperature": 0.0,
        "time": 1782050637000,
        "timestamp": "2026-06-21T14:03:57",
        "water_level": 0.06,
        "nearest_tide_timestamp": "2026-06-21T14:00:00",
        "tide_correction": 2.048,
        "dataset": "training",
        "utm_epsg": 32632,
        "utm_easting": 446874.95197678485,
        "utm_northing": 4890053.658897143
      }
    },
    {
      "type": "Feature",
      "geometry": {
        "type": "Point",
        "coordinates": [
          446826.73126227246,
          4890039.978734544
        ]
      },
      "properties": {
        "longtitude": 8.33497,
        "depth": 2.133,
        "temperature": 0.0,
        "time": 1782050176000,
        "timestamp": "2026-06-21T13:56:16",
        "water_level": 0.06565068493150684,
        "nearest_tide_timestamp": "2026-06-21T14:00:00",
        "tide_correction": 2.198650684931507,
        "dataset": "training",
        "utm_epsg": 32632,
        "utm_easting": 446826.73126227246,
        "utm_northing": 4890039.978734544
      }
    },
    {
      "type": "Feature",
      "geometry": {
        "type": "Point",
        "coordinates": [
          446823.0882978227,
          4890050.930909546
        ]
      },
      "properties": {
        "longtitude": 8.334923333333334,
        "depth": 0.905,
        "temperature": 0.0,
        "time": 1782050026000,
        "timestamp": "2026-06-21T13:53:46",
        "water_level": 0.06899086757990867,
        "nearest_tide_timestamp": "2026-06-21T13:50:00",
        "tide_correction": 0.9739908675799087,
        "dataset": "training",
        "utm_epsg": 32632,
        "utm_easting": 446823.0882978227,
        "utm_northing": 4890050.930909546
      }
    },
    {
      "type": "Feature",
      "geometry": {
        "type": "Point",
        "coordinates": [
          446823.51053529646,
          4890053.704456048
        ]
      },
      "properties": {
        "longtitude": 8.334928333333332,
        "depth": 0.312,
        "temperature": 0.0,
        "time": 1782050111000,
        "timestamp": "2026-06-21T13:55:11",
        "water_level": 0.0672579908675799,
        "nearest_tide_timestamp": "2026-06-21T14:00:00",
        "tide_correction": 0.3792579908675799,
        "dataset": "training",
        "utm_epsg": 32632,
        "utm_easting": 446823.51053529646,
        "utm_northing": 4890053.704456048
      }
    },
    {
      "type": "Feature",
      "geometry": {
        "type": "Point",
        "coordinates": [
          446833.08281958033,
          4890050.850088024
        ]
      },
      "properties": {
        "longtitude": 8.335048333333333,
        "depth": 1.322,
        "temperature": 0.0,
        "time": 1782050829000,
        "timestamp": "2026-06-21T14:07:09",
        "water_level": 0.06,
        "nearest_tide_timestamp": "2026-06-21T14:10:00",
        "tide_correction": 1.3820000000000001,
        "dataset": "training",
        "utm_epsg": 32632,
        "utm_easting": 446833.08281958033,
        "utm_northing": 4890050.850088024
      }
    },
    {
      "type": "Feature",
      "geometry": {
        "type": "Point",
        "coordinates": [
          446936.53314022714,
          4890055.012949867
        ]
      },
      "properties": {
        "longtitude": 8.336341666666668,
        "depth": 3.622,
        "temperature": 0.0,
        "time": 1782050384000,
        "timestamp": "2026-06-21T13:59:44",
        "water_level": 0.0604269406392694,
        "nearest_tide_timestamp": "2026-06-21T14:00:00",
        "tide_correction": 3.682426940639269,
        "dataset": "training",
        "utm_epsg": 32632,
        "utm_easting": 446936.53314022714,
        "utm_northing": 4890055.012949867
      }
    },
    {
      "type": "Feature",
      "geometry": {
        "type": "Point",
        "coordinates": [
          446937.84123347094,
          4890084.993567447
        ]
      },
      "properties": {
        "longtitude": 8.336355,
        "depth": 2.695,
        "temperature": 0.0,
        "time": 1782050516000,
        "timestamp": "2026-06-21T14:01:56",
        "water_level": 0.06,
        "nearest_tide_timestamp": "2026-06-21T14:00:00",
        "tide_correction": 2.755,
        "dataset": "training",
        "utm_epsg": 32632,
        "utm_easting": 446937.84123347094,
        "utm_northing": 4890084.993567447
      }
    },
    {
      "type": "Feature",
      "geometry": {
        "type": "Point",
        "coordinates": [
          446929.0302280568,
          4890050.0749744475
        ]
      },
      "properties": {
        "longtitude": 8.336248333333334,
        "depth": 3.413,
        "temperature": 0.0,
        "time": 1782050368000,
        "timestamp": "2026-06-21T13:59:28",
        "water_level": 0.06082876712328767,
        "nearest_tide_timestamp": "2026-06-21T14:00:00",
        "tide_correction": 3.4738287671232877,
        "dataset": "training",
        "utm_epsg": 32632,
        "utm_easting": 446929.0302280568,
        "utm_northing": 4890050.0749744475
      }
    },
    {
      "type": "Feature",
      "geometry": {
        "type": "Point",
        "coordinates": [
          446871.86619067483,
          4890034.615364564
        ]
      },
      "properties": {
        "longtitude": 8.335535,
        "depth": 3.112,
        "temperature": 0.0,
        "time": 1782050273000,
        "timestamp": "2026-06-21T13:57:53",
        "water_level": 0.06321461187214611,
        "nearest_tide_timestamp": "2026-06-21T14:00:00",
        "tide_correction": 3.1752146118721463,
        "dataset": "training",
        "utm_epsg": 32632,
        "utm_easting": 446871.86619067483,
        "utm_northing": 4890034.615364564
      }
    },
    {
      "type": "Feature",
      "geometry": {
        "type": "Point",
        "coordinates": [
          446824.17084811226,
          4890052.958592939
        ]
      },
      "properties": {
        "longtitude": 8.334936666666666,
        "depth": 0.916,
        "temperature": 0.0,
        "time": 1782050096000,
        "timestamp": "2026-06-21T13:54:56",
        "water_level": 0.06763470319634703,
        "nearest_tide_timestamp": "2026-06-21T13:50:00",
        "tide_correction": 0.983634703196347,
        "dataset": "training",
        "utm_epsg": 32632,
        "utm_easting": 446824.17084811226,
        "utm_northing": 4890052.958592939
      }
    },
    {
      "type": "Feature",
      "geometry": {
        "type": "Point",
        "coordinates": [
          446963.7533189804,
          4890092.189736426
        ]
      },
      "properties": {
        "longtitude": 8.336678333333333,
        "depth": 3.101,
        "temperature": 0.0,
        "time": 1782050461000,
        "timestamp": "2026-06-21T14:01:01",
        "water_level": 0.06,
        "nearest_tide_timestamp": "2026-06-21T14:00:00",
        "tide_correction": 3.161,
        "dataset": "training",
        "utm_epsg": 32632,
        "utm_easting": 446963.7533189804,
        "utm_northing": 4890092.189736426
      }
    },
    {
      "type": "Feature",
      "geometry": {
        "type": "Point",
        "coordinates": [
          446826.42429614824,
          4890051.45932328
        ]
      },
      "properties": {
        "longtitude": 8.334965,
        "depth": 1.374,
        "temperature": 0.0,
        "time": 1782050852000,
        "timestamp": "2026-06-21T14:07:32",
        "water_level": 0.06,
        "nearest_tide_timestamp": "2026-06-21T14:10:00",
        "tide_correction": 1.4340000000000002,
        "dataset": "training",
        "utm_epsg": 32632,
        "utm_easting": 446826.42429614824,
        "utm_northing": 4890051.45932328
      }
    },
    {
      "type": "Feature",
      "geometry": {
        "type": "Point",
        "coordinates": [
          446910.09554509685,
          4890032.270149247
        ]
      },
      "properties": {
        "longtitude": 8.336013333333334,
        "depth": 3.705,
        "temperature": 0.0,
        "time": 1782050332000,
        "timestamp": "2026-06-21T13:58:52",
        "water_level": 0.061732876712328764,
        "nearest_tide_timestamp": "2026-06-21T14:00:00",
        "tide_correction": 3.7667328767123287,
        "dataset": "training",
        "utm_epsg": 32632,
        "utm_easting": 446910.09554509685,
        "utm_northing": 4890032.270149247
      }
    },
    {
      "type": "Feature",
      "geometry": {
        "type": "Point",
        "coordinates": [
          446888.1806260496,
          4890057.995167414
        ]
      },
      "properties": {
        "longtitude": 8.335736666666666,
        "depth": 2.414,
        "temperature": 0.0,
        "time": 1782050615000,
        "timestamp": "2026-06-21T14:03:35",
        "water_level": 0.06,
        "nearest_tide_timestamp": "2026-06-21T14:00:00",
        "tide_correction": 2.474,
        "dataset": "training",
        "utm_epsg": 32632,
        "utm_easting": 446888.1806260496,
        "utm_northing": 4890057.995167414
      }
    },
    {
      "type": "Feature",
      "geometry": {
        "type": "Point",
        "coordinates": [
          446887.6460902035,
          4890057.814354405
        ]
      },
      "properties": {
        "longtitude": 8.335730000000002,
        "depth": 2.425,
        "temperature": 0.0,
        "time": 1782050616000,
        "timestamp": "2026-06-21T14:03:36",
        "water_level": 0.06,
        "nearest_tide_timestamp": "2026-06-21T14:00:00",
        "tide_correction": 2.485,
        "dataset": "training",
        "utm_epsg": 32632,
        "utm_easting": 446887.6460902035,
        "utm_northing": 4890057.814354405
      }
    },
    {
      "type": "Feature",
      "geometry": {
        "type": "Point",
        "coordinates": [
          446962.1392736067,
          4890090.3514486225
        ]
      },
      "properties": {
        "longtitude": 8.336658333333332,
        "depth": 3.06,
        "temperature": 0.0,
        "time": 1782050454000,
        "timestamp": "2026-06-21T14:00:54",
        "water_level": 0.06,
        "nearest_tide_timestamp": "2026-06-21T14:00:00",
        "tide_correction": 3.12,
        "dataset": "training",
        "utm_epsg": 32632,
        "utm_easting": 446962.1392736067,
        "utm_northing": 4890090.3514486225
      }
    },
    {
      "type": "Feature",
      "geometry": {
        "type": "Point",
        "coordinates": [
          446826.6893196895,
          4890051.272049337
        ]
      },
      "properties": {
        "longtitude": 8.334968333333334,
        "depth": 1.415,
        "temperature": 0.0,
        "time": 1782050851000,
        "timestamp": "2026-06-21T14:07:31",
        "water_level": 0.06,
        "nearest_tide_timestamp": "2026-06-21T14:10:00",
        "tide_correction": 1.475,
        "dataset": "training",
        "utm_epsg": 32632,
        "utm_easting": 446826.6893196895,
        "utm_northing": 4890051.272049337
      }
    },
    {
      "type": "Feature",
      "geometry": {
        "type": "Point",
        "coordinates": [
          446833.4616449027,
          4890048.2551944805
        ]
      },
      "properties": {
        "longtitude": 8.335053333333333,
        "depth": 1.582,
        "temperature": 0.0,
        "time": 1782050725000,
        "timestamp": "2026-06-21T14:05:25",
        "water_level": 0.06,
        "nearest_tide_timestamp": "2026-06-21T14:10:00",
        "tide_correction": 1.6420000000000001,
        "dataset": "training",
        "utm_epsg": 32632,
        "utm_easting": 446833.4616449027,
        "utm_northing": 4890048.2551944805
      }
    },
    {
      "type": "Feature",
      "geometry": {
        "type": "Point",
        "coordinates": [
          446885.2399308388,
          4890056.908137078
        ]
      },
      "properties": {
        "longtitude": 8.335700000000001,
        "depth": 2.238,
        "temperature": 0.0,
        "time": 1782050620000,
        "timestamp": "2026-06-21T14:03:40",
        "water_level": 0.06,
        "nearest_tide_timestamp": "2026-06-21T14:00:00",
        "tide_correction": 2.298,
        "dataset": "training",
        "utm_epsg": 32632,
        "utm_easting": 446885.2399308388,
        "utm_northing": 4890056.908137078
      }
    },
    {
      "type": "Feature",
      "geometry": {
        "type": "Point",
        "coordinates": [
          446873.0685275921,
          4890034.975911379
        ]
      },
      "properties": {
        "longtitude": 8.335550000000001,
        "depth": 3.237,
        "temperature": 0.0,
        "time": 1782050276000,
        "timestamp": "2026-06-21T13:57:56",
        "water_level": 0.0631392694063927,
        "nearest_tide_timestamp": "2026-06-21T14:00:00",
        "tide_correction": 3.300139269406393,
        "dataset": "training",
        "utm_epsg": 32632,
        "utm_easting": 446873.0685275921,
        "utm_northing": 4890034.975911379
      }
    },
    {
      "type": "Feature",
      "geometry": {
        "type": "Point",
        "coordinates": [
          446823.89983632736,
          4890052.405392411
        ]
      },
      "properties": {
        "longtitude": 8.334933333333334,
        "depth": 0.728,
        "temperature": 0.0,
        "time": 1782050136000,
        "timestamp": "2026-06-21T13:55:36",
        "water_level": 0.0666552511415525,
        "nearest_tide_timestamp": "2026-06-21T14:00:00",
        "tide_correction": 0.7946552511415524,
        "dataset": "training",
        "utm_epsg": 32632,
        "utm_easting": 446823.89983632736,
        "utm_northing": 4890052.405392411
      }
    },
    {
      "type": "Feature",
      "geometry": {
        "type": "Point",
        "coordinates": [
          446833.5978988871,
          4890048.624354255
        ]
      },
      "properties": {
        "longtitude": 8.335055,
        "depth": 1.665,
        "temperature": 0.0,
        "time": 1782050717000,
        "timestamp": "2026-06-21T14:05:17",
        "water_level": 0.06,
        "nearest_tide_timestamp": "2026-06-21T14:10:00",
        "tide_correction": 1.725,
        "dataset": "training",
        "utm_epsg": 32632,
        "utm_easting": 446833.5978988871,
        "utm_northing": 4890048.624354255
      }
    },
    {
      "type": "Feature",
      "geometry": {
        "type": "Point",
        "coordinates": [
          446887.00257406256,
          4890027.643245319
        ]
      },
      "properties": {
        "longtitude": 8.335725,
        "depth": 3.476,
        "temperature": 0.0,
        "time": 1782050297000,
        "timestamp": "2026-06-21T13:58:17",
        "water_level": 0.06261187214611871,
        "nearest_tide_timestamp": "2026-06-21T14:00:00",
        "tide_correction": 3.538611872146119,
        "dataset": "training",
        "utm_epsg": 32632,
        "utm_easting": 446887.00257406256,
        "utm_northing": 4890027.643245319
      }
    },
    {
      "type": "Feature",
      "geometry": {
        "type": "Point",
        "coordinates": [
          446900.19538840407,
          4890027.536692762
        ]
      },
      "properties": {
        "longtitude": 8.335890000000001,
        "depth": 3.851,
        "temperature": 0.0,
        "time": 1782050316000,
        "timestamp": "2026-06-21T13:58:36",
        "water_level": 0.06213470319634703,
        "nearest_tide_timestamp": "2026-06-21T14:00:00",
        "tide_correction": 3.913134703196347,
        "dataset": "training",
        "utm_epsg": 32632,
        "utm_easting": 446900.19538840407,
        "utm_northing": 4890027.536692762
      }
    },
    {
      "type": "Feature",
      "geometry": {
        "type": "Point",
        "coordinates": [
          446835.8723051263,
          4890049.7167488625
        ]
      },
      "properties": {
        "longtitude": 8.335083333333333,
        "depth": 1.603,
        "temperature": 0.0,
        "time": 1782050796000,
        "timestamp": "2026-06-21T14:06:36",
        "water_level": 0.06,
        "nearest_tide_timestamp": "2026-06-21T14:10:00",
        "tide_correction": 1.663,
        "dataset": "training",
        "utm_epsg": 32632,
        "utm_easting": 446835.8723051263,
        "utm_northing": 4890049.7167488625
      }
    },
    {
      "type": "Feature",
      "geometry": {
        "type": "Point",
        "coordinates": [
          446821.6209374716,
          4890050.757646003
        ]
      },
      "properties": {
        "longtitude": 8.334905,
        "depth": 0.739,
        "temperature": 0.0,
        "time": 1782050037000,
        "timestamp": "2026-06-21T13:53:57",
        "water_level": 0.06871461187214611,
        "nearest_tide_timestamp": "2026-06-21T13:50:00",
        "tide_correction": 0.8077146118721461,
        "dataset": "training",
        "utm_epsg": 32632,
        "utm_easting": 446821.6209374716,
        "utm_northing": 4890050.757646003
      }
    },
    {
      "type": "Feature",
      "geometry": {
        "type": "Point",
        "coordinates": [
          446832.68453555804,
          4890051.038439236
        ]
      },
      "properties": {
        "longtitude": 8.335043333333335,
        "depth": 1.29,
        "temperature": 0.0,
        "time": 1782050830000,
        "timestamp": "2026-06-21T14:07:10",
        "water_level": 0.06,
        "nearest_tide_timestamp": "2026-06-21T14:10:00",
        "tide_correction": 1.35,
        "dataset": "training",
        "utm_epsg": 32632,
        "utm_easting": 446832.68453555804,
        "utm_northing": 4890051.038439236
      }
    },
    {
      "type": "Feature",
      "geometry": {
        "type": "Point",
        "coordinates": [
          446824.55266393773,
          4890050.733936128
        ]
      },
      "properties": {
        "longtitude": 8.334941666666667,
        "depth": 1.02,
        "temperature": 0.0,
        "time": 1782050145000,
        "timestamp": "2026-06-21T13:55:45",
        "water_level": 0.06642922374429223,
        "nearest_tide_timestamp": "2026-06-21T14:00:00",
        "tide_correction": 1.0864292237442923,
        "dataset": "training",
        "utm_epsg": 32632,
        "utm_easting": 446824.55266393773,
        "utm_northing": 4890050.733936128
      }
    },
    {
      "type": "Feature",
      "geometry": {
        "type": "Point",
        "coordinates": [
          446831.61995014513,
          4890051.232178185
        ]
      },
      "properties": {
        "longtitude": 8.33503,
        "depth": 1.238,
        "temperature": 0.0,
        "time": 1782050837000,
        "timestamp": "2026-06-21T14:07:17",
        "water_level": 0.06,
        "nearest_tide_timestamp": "2026-06-21T14:10:00",
        "tide_correction": 1.298,
        "dataset": "training",
        "utm_epsg": 32632,
        "utm_easting": 446831.61995014513,
        "utm_northing": 4890051.232178185
      }
    },
    {
      "type": "Feature",
      "geometry": {
        "type": "Point",
        "coordinates": [
          446836.134335502,
          4890049.159238016
        ]
      },
      "properties": {
        "longtitude": 8.335086666666665,
        "depth": 1.395,
        "temperature": 0.0,
        "time": 1782050789000,
        "timestamp": "2026-06-21T14:06:29",
        "water_level": 0.06,
        "nearest_tide_timestamp": "2026-06-21T14:10:00",
        "tide_correction": 1.455,
        "dataset": "training",
        "utm_epsg": 32632,
        "utm_easting": 446836.134335502,
        "utm_northing": 4890049.159238016
      }
    },
    {
      "type": "Feature",
      "geometry": {
        "type": "Point",
        "coordinates": [
          446823.2260494552,
          4890051.485187755
        ]
      },
      "properties": {
        "longtitude": 8.334925,
        "depth": 1.124,
        "temperature": 0.0,
        "time": 1782050016000,
        "timestamp": "2026-06-21T13:53:36",
        "water_level": 0.06924200913242008,
        "nearest_tide_timestamp": "2026-06-21T13:50:00",
        "tide_correction": 1.1932420091324203,
        "dataset": "training",
        "utm_epsg": 32632,
        "utm_easting": 446823.2260494552,
        "utm_northing": 4890051.485187755
      }
    },
    {
      "type": "Feature",
      "geometry": {
        "type": "Point",
        "coordinates": [
          446861.1679407716,
          4890030.073545681
        ]
      },
      "properties": {
        "longtitude": 8.335401666666666,
        "depth": 3.351,
        "temperature": 0.0,
        "time": 1782050255000,
        "timestamp": "2026-06-21T13:57:35",
        "water_level": 0.06366666666666666,
        "nearest_tide_timestamp": "2026-06-21T14:00:00",
        "tide_correction": 3.4146666666666667,
        "dataset": "training",
        "utm_epsg": 32632,
        "utm_easting": 446861.1679407716,
        "utm_northing": 4890030.073545681
      }
    },
    {
      "type": "Feature",
      "geometry": {
        "type": "Point",
        "coordinates": [
          446824.169351024,
          4890052.773474295
        ]
      },
      "properties": {
        "longtitude": 8.334936666666666,
        "depth": 0.999,
        "temperature": 0.0,
        "time": 1782050094000,
        "timestamp": "2026-06-21T13:54:54",
        "water_level": 0.06768493150684932,
        "nearest_tide_timestamp": "2026-06-21T13:50:00",
        "tide_correction": 1.0666849315068494,
        "dataset": "training",
        "utm_epsg": 32632,
        "utm_easting": 446824.169351024,
        "utm_northing": 4890052.773474295
      }
    },
    {
      "type": "Feature",
      "geometry": {
        "type": "Point",
        "coordinates": [
          446866.51931142656,
          4890032.6221309155
        ]
      },
      "properties": {
        "longtitude": 8.335468333333333,
        "depth": 3.247,
        "temperature": 0.0,
        "time": 1782050264000,
        "timestamp": "2026-06-21T13:57:44",
        "water_level": 0.0634406392694064,
        "nearest_tide_timestamp": "2026-06-21T14:00:00",
        "tide_correction": 3.310440639269406,
        "dataset": "training",
        "utm_epsg": 32632,
        "utm_easting": 446866.51931142656,
        "utm_northing": 4890032.6221309155
      }
    },
    {
      "type": "Feature",
      "geometry": {
        "type": "Point",
        "coordinates": [
          446902.200279186,
          4890028.261025285
        ]
      },
      "properties": {
        "longtitude": 8.335915,
        "depth": 3.83,
        "temperature": 0.0,
        "time": 1782050319000,
        "timestamp": "2026-06-21T13:58:39",
        "water_level": 0.06205936073059361,
        "nearest_tide_timestamp": "2026-06-21T14:00:00",
        "tide_correction": 3.8920593607305936,
        "dataset": "training",
        "utm_epsg": 32632,
        "utm_easting": 446902.200279186,
        "utm_northing": 4890028.261025285
      }
    },
    {
      "type": "Feature",
      "geometry": {
        "type": "Point",
        "coordinates": [
          446964.392739283,
          4890088.852226319
        ]
      },
      "properties": {
        "longtitude": 8.336686666666667,
        "depth": 3.164,
        "temperature": 0.0,
        "time": 1782050471000,
        "timestamp": "2026-06-21T14:01:11",
        "water_level": 0.06,
        "nearest_tide_timestamp": "2026-06-21T14:00:00",
        "tide_correction": 3.224,
        "dataset": "training",
        "utm_epsg": 32632,
        "utm_easting": 446964.392739283,
        "utm_northing": 4890088.852226319
      }
    },
    {
      "type": "Feature",
      "geometry": {
        "type": "Point",
        "coordinates": [
          446823.9043276146,
          4890052.960748345
        ]
      },
      "properties": {
        "longtitude": 8.334933333333334,
        "depth": 0.905,
        "temperature": 0.0,
        "time": 1782050098000,
        "timestamp": "2026-06-21T13:54:58",
        "water_level": 0.06758447488584475,
        "nearest_tide_timestamp": "2026-06-21T13:50:00",
        "tide_correction": 0.9725844748858448,
        "dataset": "training",
        "utm_epsg": 32632,
        "utm_easting": 446823.9043276146,
        "utm_northing": 4890052.960748345
      }
    },
    {
      "type": "Feature",
      "geometry": {
        "type": "Point",
        "coordinates": [
          446824.29662293906,
          4890052.031922022
        ]
      },
      "properties": {
        "longtitude": 8.334938333333334,
        "depth": 1.082,
        "temperature": 0.0,
        "time": 1782050128000,
        "timestamp": "2026-06-21T13:55:28",
        "water_level": 0.06685616438356164,
        "nearest_tide_timestamp": "2026-06-21T14:00:00",
        "tide_correction": 1.1488561643835618,
        "dataset": "training",
        "utm_epsg": 32632,
        "utm_easting": 446824.29662293906,
        "utm_northing": 4890052.031922022
      }
    },
    {
      "type": "Feature",
      "geometry": {
        "type": "Point",
        "coordinates": [
          446823.2440148289,
          4890053.7066114815
        ]
      },
      "properties": {
        "longtitude": 8.334925,
        "depth": 0.885,
        "temperature": 0.0,
        "time": 1782049975000,
        "timestamp": "2026-06-21T13:52:55",
        "water_level": 0.0702716894977169,
        "nearest_tide_timestamp": "2026-06-21T13:50:00",
        "tide_correction": 0.9552716894977169,
        "dataset": "training",
        "utm_epsg": 32632,
        "utm_easting": 446823.2440148289,
        "utm_northing": 4890053.7066114815
      }
    },
    {
      "type": "Feature",
      "geometry": {
        "type": "Point",
        "coordinates": [
          446959.3199185959,
          4890087.782361196
        ]
      },
      "properties": {
        "longtitude": 8.336623333333334,
        "depth": 3.08,
        "temperature": 0.0,
        "time": 1782050482000,
        "timestamp": "2026-06-21T14:01:22",
        "water_level": 0.06,
        "nearest_tide_timestamp": "2026-06-21T14:00:00",
        "tide_correction": 3.14,
        "dataset": "training",
        "utm_epsg": 32632,
        "utm_easting": 446959.3199185959,
        "utm_northing": 4890087.782361196
      }
    },
    {
      "type": "Feature",
      "geometry": {
        "type": "Point",
        "coordinates": [
          446825.4690184451,
          4890048.690087279
        ]
      },
      "properties": {
        "longtitude": 8.334953333333335,
        "depth": 0.968,
        "temperature": 0.0,
        "time": 1782050157000,
        "timestamp": "2026-06-21T13:55:57",
        "water_level": 0.06612785388127854,
        "nearest_tide_timestamp": "2026-06-21T14:00:00",
        "tide_correction": 1.0341278538812786,
        "dataset": "training",
        "utm_epsg": 32632,
        "utm_easting": 446825.4690184451,
        "utm_northing": 4890048.690087279
      }
    },
    {
      "type": "Feature",
      "geometry": {
        "type": "Point",
        "coordinates": [
          446882.6199235943,
          4890029.529955082
        ]
      },
      "properties": {
        "longtitude": 8.33567,
        "depth": 3.393,
        "temperature": 0.0,
        "time": 1782050291000,
        "timestamp": "2026-06-21T13:58:11",
        "water_level": 0.06276255707762557,
        "nearest_tide_timestamp": "2026-06-21T14:00:00",
        "tide_correction": 3.4557625570776254,
        "dataset": "training",
        "utm_epsg": 32632,
        "utm_easting": 446882.6199235943,
        "utm_northing": 4890029.529955082
      }
    },
    {
      "type": "Feature",
      "geometry": {
        "type": "Point",
        "coordinates": [
          446919.3707127703,
          4890075.145591482
        ]
      },
      "properties": {
        "longtitude": 8.336125000000001,
        "depth": 2.019,
        "temperature": 0.0,
        "time": 1782050553000,
        "timestamp": "2026-06-21T14:02:33",
        "water_level": 0.06,
        "nearest_tide_timestamp": "2026-06-21T14:00:00",
        "tide_correction": 2.079,
        "dataset": "training",
        "utm_epsg": 32632,
        "utm_easting": 446919.3707127703,
        "utm_northing": 4890075.145591482
      }
    },
    {
      "type": "Feature",
      "geometry": {
        "type": "Point",
        "coordinates": [
          446824.29662293906,
          4890052.031922022
        ]
      },
      "properties": {
        "longtitude": 8.334938333333334,
        "depth": 1.124,
        "temperature": 0.0,
        "time": 1782050133000,
        "timestamp": "2026-06-21T13:55:33",
        "water_level": 0.06673059360730593,
        "nearest_tide_timestamp": "2026-06-21T14:00:00",
        "tide_correction": 1.190730593607306,
        "dataset": "training",
        "utm_epsg": 32632,
        "utm_easting": 446824.29662293906,
        "utm_northing": 4890052.031922022
      }
    },
    {
      "type": "Feature",
      "geometry": {
        "type": "Point",
        "coordinates": [
          446943.9801365259,
          4890086.054813734
        ]
      },
      "properties": {
        "longtitude": 8.336431666666666,
        "depth": 2.831,
        "temperature": 0.0,
        "time": 1782050505000,
        "timestamp": "2026-06-21T14:01:45",
        "water_level": 0.06,
        "nearest_tide_timestamp": "2026-06-21T14:00:00",
        "tide_correction": 2.891,
        "dataset": "training",
        "utm_epsg": 32632,
        "utm_easting": 446943.9801365259,
        "utm_northing": 4890086.054813734
      }
    },
    {
      "type": "Feature",
      "geometry": {
        "type": "Point",
        "coordinates": [
          446823.7710673658,
          4890052.961826052
        ]
      },
      "properties": {
        "longtitude": 8.334931666666668,
        "depth": 1.072,
        "temperature": 0.0,
        "time": 1782050103000,
        "timestamp": "2026-06-21T13:55:03",
        "water_level": 0.06745890410958903,
        "nearest_tide_timestamp": "2026-06-21T14:00:00",
        "tide_correction": 1.139458904109589,
        "dataset": "training",
        "utm_epsg": 32632,
        "utm_easting": 446823.7710673658,
        "utm_northing": 4890052.961826052
      }
    },
    {
      "type": "Feature",
      "geometry": {
        "type": "Point",
        "coordinates": [
          446823.8983392317,
          4890052.220273769
        ]
      },
      "properties": {
        "longtitude": 8.334933333333334,
        "depth": 0.77,
        "temperature": 0.0,
        "time": 1782050137000,
        "timestamp": "2026-06-21T13:55:37",
        "water_level": 0.06663013698630137,
        "nearest_tide_timestamp": "2026-06-21T14:00:00",
        "tide_correction": 0.8366301369863014,
        "dataset": "training",
        "utm_epsg": 32632,
        "utm_easting": 446823.8983392317,
        "utm_northing": 4890052.220273769
      }
    },
    {
      "type": "Feature",
      "geometry": {
        "type": "Point",
        "coordinates": [
          446824.17683646583,
          4890053.699067514
        ]
      },
      "properties": {
        "longtitude": 8.334936666666666,
        "depth": 0.739,
        "temperature": 0.0,
        "time": 1782049953000,
        "timestamp": "2026-06-21T13:52:33",
        "water_level": 0.070824200913242,
        "nearest_tide_timestamp": "2026-06-21T13:50:00",
        "tide_correction": 0.809824200913242,
        "dataset": "training",
        "utm_epsg": 32632,
        "utm_easting": 446824.17683646583,
        "utm_northing": 4890053.699067514
      }
    },
    {
      "type": "Feature",
      "geometry": {
        "type": "Point",
        "coordinates": [
          446917.09483508946,
          4890073.868049493
        ]
      },
      "properties": {
        "longtitude": 8.336096666666666,
        "depth": 2.133,
        "temperature": 0.0,
        "time": 1782050557000,
        "timestamp": "2026-06-21T14:02:37",
        "water_level": 0.06,
        "nearest_tide_timestamp": "2026-06-21T14:00:00",
        "tide_correction": 2.193,
        "dataset": "training",
        "utm_epsg": 32632,
        "utm_easting": 446917.09483508946,
        "utm_northing": 4890073.868049493
      }
    },
    {
      "type": "Feature",
      "geometry": {
        "type": "Point",
        "coordinates": [
          446909.9961928847,
          4890069.482224206
        ]
      },
      "properties": {
        "longtitude": 8.336008333333332,
        "depth": 2.331,
        "temperature": 0.0,
        "time": 1782050570000,
        "timestamp": "2026-06-21T14:02:50",
        "water_level": 0.06,
        "nearest_tide_timestamp": "2026-06-21T14:00:00",
        "tide_correction": 2.391,
        "dataset": "training",
        "utm_epsg": 32632,
        "utm_easting": 446909.9961928847,
        "utm_northing": 4890069.482224206
      }
    },
    {
      "type": "Feature",
      "geometry": {
        "type": "Point",
        "coordinates": [
          446823.3578126236,
          4890051.298991396
        ]
      },
      "properties": {
        "longtitude": 8.334926666666666,
        "depth": 0.874,
        "temperature": 0.0,
        "time": 1782050020000,
        "timestamp": "2026-06-21T13:53:40",
        "water_level": 0.06914155251141552,
        "nearest_tide_timestamp": "2026-06-21T13:50:00",
        "tide_correction": 0.9431415525114155,
        "dataset": "training",
        "utm_epsg": 32632,
        "utm_easting": 446823.3578126236,
        "utm_northing": 4890051.298991396
      }
    },
    {
      "type": "Feature",
      "geometry": {
        "type": "Point",
        "coordinates": [
          446900.07516208634,
          4890062.157107029
        ]
      },
      "properties": {
        "longtitude": 8.335885,
        "depth": 2.362,
        "temperature": 0.0,
        "time": 1782050594000,
        "timestamp": "2026-06-21T14:03:14",
        "water_level": 0.06,
        "nearest_tide_timestamp": "2026-06-21T14:00:00",
        "tide_correction": 2.422,
        "dataset": "training",
        "utm_epsg": 32632,
        "utm_easting": 446900.07516208634,
        "utm_northing": 4890062.157107029
      }
    },
    {
      "type": "Feature",
      "geometry": {
        "type": "Point",
        "coordinates": [
          446858.53104659566,
          4890050.088975236
        ]
      },
      "properties": {
        "longtitude": 8.335366666666665,
        "depth": 2.321,
        "temperature": 0.0,
        "time": 1782050667000,
        "timestamp": "2026-06-21T14:04:27",
        "water_level": 0.06,
        "nearest_tide_timestamp": "2026-06-21T14:00:00",
        "tide_correction": 2.3810000000000002,
        "dataset": "training",
        "utm_epsg": 32632,
        "utm_easting": 446858.53104659566,
        "utm_northing": 4890050.088975236
      }
    },
    {
      "type": "Feature",
      "geometry": {
        "type": "Point",
        "coordinates": [
          446961.5898101368,
          4890088.319443106
        ]
      },
      "properties": {
        "longtitude": 8.336651666666667,
        "depth": 3.268,
        "temperature": 0.0,
        "time": 1782050451000,
        "timestamp": "2026-06-21T14:00:51",
        "water_level": 0.06,
        "nearest_tide_timestamp": "2026-06-21T14:00:00",
        "tide_correction": 3.328,
        "dataset": "training",
        "utm_epsg": 32632,
        "utm_easting": 446961.5898101368,
        "utm_northing": 4890088.319443106
      }
    },
    {
      "type": "Feature",
      "geometry": {
        "type": "Point",
        "coordinates": [
          446823.64379553054,
          4890053.7033783365
        ]
      },
      "properties": {
        "longtitude": 8.334930000000002,
        "depth": 0.125,
        "temperature": 0.0,
        "time": 1782050108000,
        "timestamp": "2026-06-21T13:55:08",
        "water_level": 0.06733333333333333,
        "nearest_tide_timestamp": "2026-06-21T14:00:00",
        "tide_correction": 0.19233333333333333,
        "dataset": "training",
        "utm_epsg": 32632,
        "utm_easting": 446823.64379553054,
        "utm_northing": 4890053.7033783365
      }
    },
    {
      "type": "Feature",
      "geometry": {
        "type": "Point",
        "coordinates": [
          446831.8281324495,
          4890027.533759651
        ]
      },
      "properties": {
        "longtitude": 8.335035,
        "depth": 3.195,
        "temperature": 0.0,
        "time": 1782050198000,
        "timestamp": "2026-06-21T13:56:38",
        "water_level": 0.06509817351598172,
        "nearest_tide_timestamp": "2026-06-21T14:00:00",
        "tide_correction": 3.2600981735159817,
        "dataset": "training",
        "utm_epsg": 32632,
        "utm_easting": 446831.8281324495,
        "utm_northing": 4890027.533759651
      }
    },
    {
      "type": "Feature",
      "geometry": {
        "type": "Point",
        "coordinates": [
          446829.0910309882,
          4890035.146252733
        ]
      },
      "properties": {
        "longtitude": 8.335,
        "depth": 2.893,
        "temperature": 0.0,
        "time": 1782050184000,
        "timestamp": "2026-06-21T13:56:24",
        "water_level": 0.06544977168949771,
        "nearest_tide_timestamp": "2026-06-21T14:00:00",
        "tide_correction": 2.9584497716894975,
        "dataset": "training",
        "utm_epsg": 32632,
        "utm_easting": 446829.0910309882,
        "utm_northing": 4890035.146252733
      }
    },
    {
      "type": "Feature",
      "geometry": {
        "type": "Point",
        "coordinates": [
          446923.78974264616,
          4890044.748483308
        ]
      },
      "properties": {
        "longtitude": 8.336183333333334,
        "depth": 3.778,
        "temperature": 0.0,
        "time": 1782050358000,
        "timestamp": "2026-06-21T13:59:18",
        "water_level": 0.061079908675799086,
        "nearest_tide_timestamp": "2026-06-21T14:00:00",
        "tide_correction": 3.839079908675799,
        "dataset": "training",
        "utm_epsg": 32632,
        "utm_easting": 446923.78974264616,
        "utm_northing": 4890044.748483308
      }
    },
    {
      "type": "Feature",
      "geometry": {
        "type": "Point",
        "coordinates": [
          446854.26372448256,
          4890049.753203433
        ]
      },
      "properties": {
        "longtitude": 8.335313333333334,
        "depth": 2.165,
        "temperature": 0.0,
        "time": 1782050675000,
        "timestamp": "2026-06-21T14:04:35",
        "water_level": 0.06,
        "nearest_tide_timestamp": "2026-06-21T14:00:00",
        "tide_correction": 2.225,
        "dataset": "training",
        "utm_epsg": 32632,
        "utm_easting": 446854.26372448256,
        "utm_northing": 4890049.753203433
      }
    },
    {
      "type": "Feature",
      "geometry": {
        "type": "Point",
        "coordinates": [
          446824.17084811226,
          4890052.958592939
        ]
      },
      "properties": {
        "longtitude": 8.334936666666666,
        "depth": 0.614,
        "temperature": 0.0,
        "time": 1782050095000,
        "timestamp": "2026-06-21T13:54:55",
        "water_level": 0.06765981735159816,
        "nearest_tide_timestamp": "2026-06-21T13:50:00",
        "tide_correction": 0.6816598173515982,
        "dataset": "training",
        "utm_epsg": 32632,
        "utm_easting": 446824.17084811226,
        "utm_northing": 4890052.958592939
      }
    },
    {
      "type": "Feature",
      "geometry": {
        "type": "Point",
        "coordinates": [
          446889.51472265716,
          4890058.169522157
        ]
      },
      "properties": {
        "longtitude": 8.335753333333335,
        "depth": 2.477,
        "temperature": 0.0,
        "time": 1782050613000,
        "timestamp": "2026-06-21T14:03:33",
        "water_level": 0.06,
        "nearest_tide_timestamp": "2026-06-21T14:00:00",
        "tide_correction": 2.537,
        "dataset": "training",
        "utm_epsg": 32632,
        "utm_easting": 446889.51472265716,
        "utm_northing": 4890058.169522157
      }
    },
    {
      "type": "Feature",
      "geometry": {
        "type": "Point",
        "coordinates": [
          446893.65514577227,
          4890026.293597139
        ]
      },
      "properties": {
        "longtitude": 8.335808333333334,
        "depth": 3.694,
        "temperature": 0.0,
        "time": 1782050308000,
        "timestamp": "2026-06-21T13:58:28",
        "water_level": 0.06233561643835616,
        "nearest_tide_timestamp": "2026-06-21T14:00:00",
        "tide_correction": 3.756335616438356,
        "dataset": "training",
        "utm_epsg": 32632,
        "utm_easting": 446893.65514577227,
        "utm_northing": 4890026.293597139
      }
    },
    {
      "type": "Feature",
      "geometry": {
        "type": "Point",
        "coordinates": [
          446824.8221786637,
          4890051.102018036
        ]
      },
      "properties": {
        "longtitude": 8.334945000000001,
        "depth": 0.989,
        "temperature": 0.0,
        "time": 1782050149000,
        "timestamp": "2026-06-21T13:55:49",
        "water_level": 0.06632876712328767,
        "nearest_tide_timestamp": "2026-06-21T14:00:00",
        "tide_correction": 1.0553287671232876,
        "dataset": "training",
        "utm_epsg": 32632,
        "utm_easting": 446824.8221786637,
        "utm_northing": 4890051.102018036
      }
    },
    {
      "type": "Feature",
      "geometry": {
        "type": "Point",
        "coordinates": [
          446822.4474477002,
          4890054.08331513
        ]
      },
      "properties": {
        "longtitude": 8.334915,
        "depth": 0.957,
        "temperature": 0.0,
        "time": 1782049988000,
        "timestamp": "2026-06-21T13:53:08",
        "water_level": 0.06994520547945204,
        "nearest_tide_timestamp": "2026-06-21T13:50:00",
        "tide_correction": 1.0269452054794521,
        "dataset": "training",
        "utm_epsg": 32632,
        "utm_easting": 446822.4474477002,
        "utm_northing": 4890054.08331513
      }
    },
    {
      "type": "Feature",
      "geometry": {
        "type": "Point",
        "coordinates": [
          446862.2698150979,
          4890050.984413424
        ]
      },
      "properties": {
        "longtitude": 8.335413333333333,
        "depth": 2.373,
        "temperature": 0.0,
        "time": 1782050661000,
        "timestamp": "2026-06-21T14:04:21",
        "water_level": 0.06,
        "nearest_tide_timestamp": "2026-06-21T14:00:00",
        "tide_correction": 2.4330000000000003,
        "dataset": "training",
        "utm_epsg": 32632,
        "utm_easting": 446862.2698150979,
        "utm_northing": 4890050.984413424
      }
    },
    {
      "type": "Feature",
      "geometry": {
        "type": "Point",
        "coordinates": [
          446824.5751200903,
          4890053.510715783
        ]
      },
      "properties": {
        "longtitude": 8.334941666666667,
        "depth": 0.781,
        "temperature": 0.0,
        "time": 1782050063000,
        "timestamp": "2026-06-21T13:54:23",
        "water_level": 0.06826255707762556,
        "nearest_tide_timestamp": "2026-06-21T13:50:00",
        "tide_correction": 0.8492625570776255,
        "dataset": "training",
        "utm_epsg": 32632,
        "utm_easting": 446824.5751200903,
        "utm_northing": 4890053.510715783
      }
    },
    {
      "type": "Feature",
      "geometry": {
        "type": "Point",
        "coordinates": [
          446947.5874333322,
          4890070.659859098
        ]
      },
      "properties": {
        "longtitude": 8.336478333333334,
        "depth": 3.049,
        "temperature": 0.0,
        "time": 1782050412000,
        "timestamp": "2026-06-21T14:00:12",
        "water_level": 0.06,
        "nearest_tide_timestamp": "2026-06-21T14:00:00",
        "tide_correction": 3.109,
        "dataset": "training",
        "utm_epsg": 32632,
        "utm_easting": 446947.5874333322,
        "utm_northing": 4890070.659859098
      }
    },
    {
      "type": "Feature",
      "geometry": {
        "type": "Point",
        "coordinates": [
          446822.83525137196,
          4890052.599132786
        ]
      },
      "properties": {
        "longtitude": 8.33492,
        "depth": 0.957,
        "temperature": 0.0,
        "time": 1782050003000,
        "timestamp": "2026-06-21T13:53:23",
        "water_level": 0.06956849315068493,
        "nearest_tide_timestamp": "2026-06-21T13:50:00",
        "tide_correction": 1.0265684931506849,
        "dataset": "training",
        "utm_epsg": 32632,
        "utm_easting": 446822.83525137196,
        "utm_northing": 4890052.599132786
      }
    },
    {
      "type": "Feature",
      "geometry": {
        "type": "Point",
        "coordinates": [
          446905.0092182472,
          4890029.534257935
        ]
      },
      "properties": {
        "longtitude": 8.33595,
        "depth": 3.642,
        "temperature": 0.0,
        "time": 1782050324000,
        "timestamp": "2026-06-21T13:58:44",
        "water_level": 0.061933789954337896,
        "nearest_tide_timestamp": "2026-06-21T14:00:00",
        "tide_correction": 3.7039337899543376,
        "dataset": "training",
        "utm_epsg": 32632,
        "utm_easting": 446905.0092182472,
        "utm_northing": 4890029.534257935
      }
    },
    {
      "type": "Feature",
      "geometry": {
        "type": "Point",
        "coordinates": [
          446961.05378560134,
          4890087.953505507
        ]
      },
      "properties": {
        "longtitude": 8.336645,
        "depth": 3.028,
        "temperature": 0.0,
        "time": 1782050476000,
        "timestamp": "2026-06-21T14:01:16",
        "water_level": 0.06,
        "nearest_tide_timestamp": "2026-06-21T14:00:00",
        "tide_correction": 3.088,
        "dataset": "training",
        "utm_epsg": 32632,
        "utm_easting": 446961.05378560134,
        "utm_northing": 4890087.953505507
      }
    },
    {
      "type": "Feature",
      "geometry": {
        "type": "Point",
        "coordinates": [
          446958.78538720275,
          4890087.601542434
        ]
      },
      "properties": {
        "longtitude": 8.336616666666666,
        "depth": 3.174,
        "temperature": 0.0,
        "time": 1782050483000,
        "timestamp": "2026-06-21T14:01:23",
        "water_level": 0.06,
        "nearest_tide_timestamp": "2026-06-21T14:00:00",
        "tide_correction": 3.234,
        "dataset": "training",
        "utm_epsg": 32632,
        "utm_easting": 446958.78538720275,
        "utm_northing": 4890087.601542434
      }
    },
    {
      "type": "Feature",
      "geometry": {
        "type": "Point",
        "coordinates": [
          446823.2470090584,
          4890054.076848768
        ]
      },
      "properties": {
        "longtitude": 8.334925,
        "depth": 0.781,
        "temperature": 0.0,
        "time": 1782049971000,
        "timestamp": "2026-06-21T13:52:51",
        "water_level": 0.07037214611872146,
        "nearest_tide_timestamp": "2026-06-21T13:50:00",
        "tide_correction": 0.8513721461187215,
        "dataset": "training",
        "utm_epsg": 32632,
        "utm_easting": 446823.2470090584,
        "utm_northing": 4890054.076848768
      }
    },
    {
      "type": "Feature",
      "geometry": {
        "type": "Point",
        "coordinates": [
          446856.92893065413,
          4890049.731662182
        ]
      },
      "properties": {
        "longtitude": 8.335346666666668,
        "depth": 2.373,
        "temperature": 0.0,
        "time": 1782050670000,
        "timestamp": "2026-06-21T14:04:30",
        "water_level": 0.06,
        "nearest_tide_timestamp": "2026-06-21T14:00:00",
        "tide_correction": 2.4330000000000003,
        "dataset": "training",
        "utm_epsg": 32632,
        "utm_easting": 446856.92893065413,
        "utm_northing": 4890049.731662182
      }
    },
    {
      "type": "Feature",
      "geometry": {
        "type": "Point",
        "coordinates": [
          446913.75138326036,
          4890072.413996656
        ]
      },
      "properties": {
        "longtitude": 8.336055,
        "depth": 2.248,
        "temperature": 0.0,
        "time": 1782050562000,
        "timestamp": "2026-06-21T14:02:42",
        "water_level": 0.06,
        "nearest_tide_timestamp": "2026-06-21T14:00:00",
        "tide_correction": 2.3080000000000003,
        "dataset": "training",
        "utm_epsg": 32632,
        "utm_easting": 446913.75138326036,
        "utm_northing": 4890072.413996656
      }
    },
    {
      "type": "Feature",
      "geometry": {
        "type": "Point",
        "coordinates": [
          446825.3806697348,
          4890054.244724256
        ]
      },
      "properties": {
        "longtitude": 8.334951666666665,
        "depth": 0.323,
        "temperature": 0.0,
        "time": 1782050879000,
        "timestamp": "2026-06-21T14:07:59",
        "water_level": 0.06,
        "nearest_tide_timestamp": "2026-06-21T14:10:00",
        "tide_correction": 0.383,
        "dataset": "training",
        "utm_epsg": 32632,
        "utm_easting": 446825.3806697348,
        "utm_northing": 4890054.244724256
      }
    },
    {
      "type": "Feature",
      "geometry": {
        "type": "Point",
        "coordinates": [
          446890.4538967003,
          4890025.949191536
        ]
      },
      "properties": {
        "longtitude": 8.335768333333334,
        "depth": 3.57,
        "temperature": 0.0,
        "time": 1782050302000,
        "timestamp": "2026-06-21T13:58:22",
        "water_level": 0.06248630136986301,
        "nearest_tide_timestamp": "2026-06-21T14:00:00",
        "tide_correction": 3.632486301369863,
        "dataset": "training",
        "utm_epsg": 32632,
        "utm_easting": 446890.4538967003,
        "utm_northing": 4890025.949191536
      }
    },
    {
      "type": "Feature",
      "geometry": {
        "type": "Point",
        "coordinates": [
          446822.703488245,
          4890052.7853291575
        ]
      },
      "properties": {
        "longtitude": 8.334918333333333,
        "depth": 1.207,
        "temperature": 0.0,
        "time": 1782049998000,
        "timestamp": "2026-06-21T13:53:18",
        "water_level": 0.06969406392694064,
        "nearest_tide_timestamp": "2026-06-21T13:50:00",
        "tide_correction": 1.2766940639269406,
        "dataset": "training",
        "utm_epsg": 32632,
        "utm_easting": 446822.703488245,
        "utm_northing": 4890052.7853291575
      }
    },
    {
      "type": "Feature",
      "geometry": {
        "type": "Point",
        "coordinates": [
          446954.0227365334,
          4890075.4213373745
        ]
      },
      "properties": {
        "longtitude": 8.336558333333333,
        "depth": 3.133,
        "temperature": 0.0,
        "time": 1782050429000,
        "timestamp": "2026-06-21T14:00:29",
        "water_level": 0.06,
        "nearest_tide_timestamp": "2026-06-21T14:00:00",
        "tide_correction": 3.193,
        "dataset": "training",
        "utm_epsg": 32632,
        "utm_easting": 446954.0227365334,
        "utm_northing": 4890075.4213373745
      }
    },
    {
      "type": "Feature",
      "geometry": {
        "type": "Point",
        "coordinates": [
          446835.3407606486,
          4890049.906177376
        ]
      },
      "properties": {
        "longtitude": 8.335076666666668,
        "depth": 1.499,
        "temperature": 0.0,
        "time": 1782050812000,
        "timestamp": "2026-06-21T14:06:52",
        "water_level": 0.06,
        "nearest_tide_timestamp": "2026-06-21T14:10:00",
        "tide_correction": 1.5590000000000002,
        "dataset": "training",
        "utm_epsg": 32632,
        "utm_easting": 446835.3407606486,
        "utm_northing": 4890049.906177376
      }
    },
    {
      "type": "Feature",
      "geometry": {
        "type": "Point",
        "coordinates": [
          446921.2453159244,
          4890076.2412428
        ]
      },
      "properties": {
        "longtitude": 8.336148333333334,
        "depth": 2.217,
        "temperature": 0.0,
        "time": 1782050549000,
        "timestamp": "2026-06-21T14:02:29",
        "water_level": 0.06,
        "nearest_tide_timestamp": "2026-06-21T14:00:00",
        "tide_correction": 2.277,
        "dataset": "training",
        "utm_epsg": 32632,
        "utm_easting": 446921.2453159244,
        "utm_northing": 4890076.2412428
      }
    },
    {
      "type": "Feature",
      "geometry": {
        "type": "Point",
        "coordinates": [
          446843.2436619264,
          4890021.887542104
        ]
      },
      "properties": {
        "longtitude": 8.335178333333333,
        "depth": 3.476,
        "temperature": 0.0,
        "time": 1782050228000,
        "timestamp": "2026-06-21T13:57:08",
        "water_level": 0.06434474885844749,
        "nearest_tide_timestamp": "2026-06-21T14:00:00",
        "tide_correction": 3.5403447488584474,
        "dataset": "training",
        "utm_epsg": 32632,
        "utm_easting": 446843.2436619264,
        "utm_northing": 4890021.887542104
      }
    },
    {
      "type": "Feature",
      "geometry": {
        "type": "Point",
        "coordinates": [
          446954.7009827858,
          4890076.89691124
        ]
      },
      "properties": {
        "longtitude": 8.336566666666666,
        "depth": 3.216,
        "temperature": 0.0,
        "time": 1782050432000,
        "timestamp": "2026-06-21T14:00:32",
        "water_level": 0.06,
        "nearest_tide_timestamp": "2026-06-21T14:00:00",
        "tide_correction": 3.2760000000000002,
        "dataset": "training",
        "utm_epsg": 32632,
        "utm_easting": 446954.7009827858,
        "utm_northing": 4890076.89691124
      }
    },
    {
      "type": "Feature",
      "geometry": {
        "type": "Point",
        "coordinates": [
          446900.47793212323,
          4890062.524115842
        ]
      },
      "properties": {
        "longtitude": 8.335890000000001,
        "depth": 2.258,
        "temperature": 0.0,
        "time": 1782050593000,
        "timestamp": "2026-06-21T14:03:13",
        "water_level": 0.06,
        "nearest_tide_timestamp": "2026-06-21T14:00:00",
        "tide_correction": 2.318,
        "dataset": "training",
        "utm_epsg": 32632,
        "utm_easting": 446900.47793212323,
        "utm_northing": 4890062.524115842
      }
    },
    {
      "type": "Feature",
      "geometry": {
        "type": "Point",
        "coordinates": [
          446918.96794456255,
          4890074.778581517
        ]
      },
      "properties": {
        "longtitude": 8.33612,
        "depth": 2.133,
        "temperature": 0.0,
        "time": 1782050554000,
        "timestamp": "2026-06-21T14:02:34",
        "water_level": 0.06,
        "nearest_tide_timestamp": "2026-06-21T14:00:00",
        "tide_correction": 2.193,
        "dataset": "training",
        "utm_epsg": 32632,
        "utm_easting": 446918.96794456255,
        "utm_northing": 4890074.778581517
      }
    },
    {
      "type": "Feature",
      "geometry": {
        "type": "Point",
        "coordinates": [
          446915.2217250919,
          4890072.957518
        ]
      },
      "properties": {
        "longtitude": 8.336073333333333,
        "depth": 2.123,
        "temperature": 0.0,
        "time": 1782050560000,
        "timestamp": "2026-06-21T14:02:40",
        "water_level": 0.06,
        "nearest_tide_timestamp": "2026-06-21T14:00:00",
        "tide_correction": 2.1830000000000003,
        "dataset": "training",
        "utm_epsg": 32632,
        "utm_easting": 446915.2217250919,
        "utm_northing": 4890072.957518
      }
    },
    {
      "type": "Feature",
      "geometry": {
        "type": "Point",
        "coordinates": [
          446822.3246674626,
          4890055.380223379
        ]
      },
      "properties": {
        "longtitude": 8.334913333333333,
        "depth": 0.801,
        "temperature": 0.0,
        "time": 1782049965000,
        "timestamp": "2026-06-21T13:52:45",
        "water_level": 0.0705228310502283,
        "nearest_tide_timestamp": "2026-06-21T13:50:00",
        "tide_correction": 0.8715228310502283,
        "dataset": "training",
        "utm_epsg": 32632,
        "utm_easting": 446822.3246674626,
        "utm_northing": 4890055.380223379
      }
    },
    {
      "type": "Feature",
      "geometry": {
        "type": "Point",
        "coordinates": [
          446882.7020060645,
          4890056.188115787
        ]
      },
      "properties": {
        "longtitude": 8.335668333333333,
        "depth": 2.321,
        "temperature": 0.0,
        "time": 1782050624000,
        "timestamp": "2026-06-21T14:03:44",
        "water_level": 0.06,
        "nearest_tide_timestamp": "2026-06-21T14:00:00",
        "tide_correction": 2.3810000000000002,
        "dataset": "training",
        "utm_epsg": 32632,
        "utm_easting": 446882.7020060645,
        "utm_northing": 4890056.188115787
      }
    },
    {
      "type": "Feature",
      "geometry": {
        "type": "Point",
        "coordinates": [
          446825.8912550328,
          4890051.463633917
        ]
      },
      "properties": {
        "longtitude": 8.334958333333333,
        "depth": 1.249,
        "temperature": 0.0,
        "time": 1782050854000,
        "timestamp": "2026-06-21T14:07:34",
        "water_level": 0.06,
        "nearest_tide_timestamp": "2026-06-21T14:10:00",
        "tide_correction": 1.3090000000000002,
        "dataset": "training",
        "utm_epsg": 32632,
        "utm_easting": 446825.8912550328,
        "utm_northing": 4890051.463633917
      }
    },
    {
      "type": "Feature",
      "geometry": {
        "type": "Point",
        "coordinates": [
          446905.54375587194,
          4890029.715072364
        ]
      },
      "properties": {
        "longtitude": 8.335956666666668,
        "depth": 3.715,
        "temperature": 0.0,
        "time": 1782050325000,
        "timestamp": "2026-06-21T13:58:45",
        "water_level": 0.06190867579908675,
        "nearest_tide_timestamp": "2026-06-21T14:00:00",
        "tide_correction": 3.7769086757990866,
        "dataset": "training",
        "utm_epsg": 32632,
        "utm_easting": 446905.54375587194,
        "utm_northing": 4890029.715072364
      }
    },
    {
      "type": "Feature",
      "geometry": {
        "type": "Point",
        "coordinates": [
          446822.27975324047,
          4890049.826664063
        ]
      },
      "properties": {
        "longtitude": 8.334913333333333,
        "depth": 1.114,
        "temperature": 0.0,
        "time": 1782050030000,
        "timestamp": "2026-06-21T13:53:50",
        "water_level": 0.06889041095890411,
        "nearest_tide_timestamp": "2026-06-21T13:50:00",
        "tide_correction": 1.1828904109589042,
        "dataset": "training",
        "utm_epsg": 32632,
        "utm_easting": 446822.27975324047,
        "utm_northing": 4890049.826664063
      }
    },
    {
      "type": "Feature",
      "geometry": {
        "type": "Point",
        "coordinates": [
          446822.700493986,
          4890052.4150918685
        ]
      },
      "properties": {
        "longtitude": 8.334918333333333,
        "depth": 1.145,
        "temperature": 0.0,
        "time": 1782050008000,
        "timestamp": "2026-06-21T13:53:28",
        "water_level": 0.06944292237442921,
        "nearest_tide_timestamp": "2026-06-21T13:50:00",
        "tide_correction": 1.2144429223744293,
        "dataset": "training",
        "utm_epsg": 32632,
        "utm_easting": 446822.700493986,
        "utm_northing": 4890052.4150918685
      }
    },
    {
      "type": "Feature",
      "geometry": {
        "type": "Point",
        "coordinates": [
          446848.3285247076,
          4890024.43826724
        ]
      },
      "properties": {
        "longtitude": 8.335241666666667,
        "depth": 3.382,
        "temperature": 0.0,
        "time": 1782050236000,
        "timestamp": "2026-06-21T13:57:16",
        "water_level": 0.06414383561643835,
        "nearest_tide_timestamp": "2026-06-21T14:00:00",
        "tide_correction": 3.4461438356164384,
        "dataset": "training",
        "utm_epsg": 32632,
        "utm_easting": 446848.3285247076,
        "utm_northing": 4890024.43826724
      }
    },
    {
      "type": "Feature",
      "geometry": {
        "type": "Point",
        "coordinates": [
          446856.8886366135,
          4890028.256822975
        ]
      },
      "properties": {
        "longtitude": 8.335348333333334,
        "depth": 3.538,
        "temperature": 0.0,
        "time": 1782050249000,
        "timestamp": "2026-06-21T13:57:29",
        "water_level": 0.0638173515981735,
        "nearest_tide_timestamp": "2026-06-21T14:00:00",
        "tide_correction": 3.6018173515981733,
        "dataset": "training",
        "utm_epsg": 32632,
        "utm_easting": 446856.8886366135,
        "utm_northing": 4890028.256822975
      }
    },
    {
      "type": "Feature",
      "geometry": {
        "type": "Point",
        "coordinates": [
          446901.5324806082,
          4890028.081287257
        ]
      },
      "properties": {
        "longtitude": 8.335906666666666,
        "depth": 3.819,
        "temperature": 0.0,
        "time": 1782050318000,
        "timestamp": "2026-06-21T13:58:38",
        "water_level": 0.062084474885844745,
        "nearest_tide_timestamp": "2026-06-21T14:00:00",
        "tide_correction": 3.881084474885845,
        "dataset": "training",
        "utm_epsg": 32632,
        "utm_easting": 446901.5324806082,
        "utm_northing": 4890028.081287257
      }
    },
    {
      "type": "Feature",
      "geometry": {
        "type": "Point",
        "coordinates": [
          446916.9292001273,
          4890036.84324499
        ]
      },
      "properties": {
        "longtitude": 8.336098333333332,
        "depth": 3.747,
        "temperature": 0.0,
        "time": 1782050345000,
        "timestamp": "2026-06-21T13:59:05",
        "water_level": 0.06140639269406392,
        "nearest_tide_timestamp": "2026-06-21T14:00:00",
        "tide_correction": 3.8084063926940637,
        "dataset": "training",
        "utm_epsg": 32632,
        "utm_easting": 446916.9292001273,
        "utm_northing": 4890036.84324499
      }
    },
    {
      "type": "Feature",
      "geometry": {
        "type": "Point",
        "coordinates": [
          446962.8175165674,
          4890091.827023329
        ]
      },
      "properties": {
        "longtitude": 8.336666666666668,
        "depth": 3.101,
        "temperature": 0.0,
        "time": 1782050459000,
        "timestamp": "2026-06-21T14:00:59",
        "water_level": 0.06,
        "nearest_tide_timestamp": "2026-06-21T14:00:00",
        "tide_correction": 3.161,
        "dataset": "training",
        "utm_epsg": 32632,
        "utm_easting": 446962.8175165674,
        "utm_northing": 4890091.827023329
      }
    },
    {
      "type": "Feature",
      "geometry": {
        "type": "Point",
        "coordinates": [
          446821.7961181315,
          4890055.939890284
        ]
      },
      "properties": {
        "longtitude": 8.334906666666665,
        "depth": 1.134,
        "temperature": 0.0,
        "time": 1782049959000,
        "timestamp": "2026-06-21T13:52:39",
        "water_level": 0.07067351598173516,
        "nearest_tide_timestamp": "2026-06-21T13:50:00",
        "tide_correction": 1.204673515981735,
        "dataset": "training",
        "utm_epsg": 32632,
        "utm_easting": 446821.7961181315,
        "utm_northing": 4890055.939890284
      }
    },
    {
      "type": "Feature",
      "geometry": {
        "type": "Point",
        "coordinates": [
          446824.6874213043,
          4890050.917977081
        ]
      },
      "properties": {
        "longtitude": 8.334943333333333,
        "depth": 0.999,
        "temperature": 0.0,
        "time": 1782050146000,
        "timestamp": "2026-06-21T13:55:46",
        "water_level": 0.0664041095890411,
        "nearest_tide_timestamp": "2026-06-21T14:00:00",
        "tide_correction": 1.0654041095890412,
        "dataset": "training",
        "utm_epsg": 32632,
        "utm_easting": 446824.6874213043,
        "utm_northing": 4890050.917977081
      }
    },
    {
      "type": "Feature",
      "geometry": {
        "type": "Point",
        "coordinates": [
          446852.2603309659,
          4890049.2140041515
        ]
      },
      "properties": {
        "longtitude": 8.335288333333333,
        "depth": 1.977,
        "temperature": 0.0,
        "time": 1782050678000,
        "timestamp": "2026-06-21T14:04:38",
        "water_level": 0.06,
        "nearest_tide_timestamp": "2026-06-21T14:00:00",
        "tide_correction": 2.037,
        "dataset": "training",
        "utm_epsg": 32632,
        "utm_easting": 446852.2603309659,
        "utm_northing": 4890049.2140041515
      }
    },
    {
      "type": "Feature",
      "geometry": {
        "type": "Point",
        "coordinates": [
          446929.68849299056,
          4890082.097273557
        ]
      },
      "properties": {
        "longtitude": 8.336253333333334,
        "depth": 1.957,
        "temperature": 0.0,
        "time": 1782050532000,
        "timestamp": "2026-06-21T14:02:12",
        "water_level": 0.06,
        "nearest_tide_timestamp": "2026-06-21T14:00:00",
        "tide_correction": 2.017,
        "dataset": "training",
        "utm_epsg": 32632,
        "utm_easting": 446929.68849299056,
        "utm_northing": 4890082.097273557
      }
    },
    {
      "type": "Feature",
      "geometry": {
        "type": "Point",
        "coordinates": [
          446829.7423648092,
          4890033.289678397
        ]
      },
      "properties": {
        "longtitude": 8.335008333333333,
        "depth": 2.987,
        "temperature": 0.0,
        "time": 1782050187000,
        "timestamp": "2026-06-21T13:56:27",
        "water_level": 0.06537442922374428,
        "nearest_tide_timestamp": "2026-06-21T14:00:00",
        "tide_correction": 3.0523744292237445,
        "dataset": "training",
        "utm_epsg": 32632,
        "utm_easting": 446829.7423648092,
        "utm_northing": 4890033.289678397
      }
    },
    {
      "type": "Feature",
      "geometry": {
        "type": "Point",
        "coordinates": [
          446952.64798169216,
          4890086.725401007
        ]
      },
      "properties": {
        "longtitude": 8.336540000000001,
        "depth": 3.049,
        "temperature": 0.0,
        "time": 1782050492000,
        "timestamp": "2026-06-21T14:01:32",
        "water_level": 0.06,
        "nearest_tide_timestamp": "2026-06-21T14:00:00",
        "tide_correction": 3.109,
        "dataset": "training",
        "utm_epsg": 32632,
        "utm_easting": 446952.64798169216,
        "utm_northing": 4890086.725401007
      }
    },
    {
      "type": "Feature",
      "geometry": {
        "type": "Point",
        "coordinates": [
          446840.7879705063,
          4890047.825698185
        ]
      },
      "properties": {
        "longtitude": 8.335145,
        "depth": 1.467,
        "temperature": 0.0,
        "time": 1782050700000,
        "timestamp": "2026-06-21T14:05:00",
        "water_level": 0.06,
        "nearest_tide_timestamp": "2026-06-21T14:00:00",
        "tide_correction": 1.5270000000000001,
        "dataset": "training",
        "utm_epsg": 32632,
        "utm_easting": 446840.7879705063,
        "utm_northing": 4890047.825698185
      }
    },
    {
      "type": "Feature",
      "geometry": {
        "type": "Point",
        "coordinates": [
          446834.6684719403,
          4890049.171090204
        ]
      },
      "properties": {
        "longtitude": 8.335068333333334,
        "depth": 1.665,
        "temperature": 0.0,
        "time": 1782050760000,
        "timestamp": "2026-06-21T14:06:00",
        "water_level": 0.06,
        "nearest_tide_timestamp": "2026-06-21T14:10:00",
        "tide_correction": 1.725,
        "dataset": "training",
        "utm_epsg": 32632,
        "utm_easting": 446834.6684719403,
        "utm_northing": 4890049.171090204
      }
    },
    {
      "type": "Feature",
      "geometry": {
        "type": "Point",
        "coordinates": [
          446939.246147234,
          4890060.915238551
        ]
      },
      "properties": {
        "longtitude": 8.336375,
        "depth": 3.237,
        "temperature": 0.0,
        "time": 1782050394000,
        "timestamp": "2026-06-21T13:59:54",
        "water_level": 0.06017579908675799,
        "nearest_tide_timestamp": "2026-06-21T14:00:00",
        "tide_correction": 3.2971757990867583,
        "dataset": "training",
        "utm_epsg": 32632,
        "utm_easting": 446939.246147234,
        "utm_northing": 4890060.915238551
      }
    },
    {
      "type": "Feature",
      "geometry": {
        "type": "Point",
        "coordinates": [
          446945.976042535,
          4890085.668447571
        ]
      },
      "properties": {
        "longtitude": 8.336456666666667,
        "depth": 2.914,
        "temperature": 0.0,
        "time": 1782050502000,
        "timestamp": "2026-06-21T14:01:42",
        "water_level": 0.06,
        "nearest_tide_timestamp": "2026-06-21T14:00:00",
        "tide_correction": 2.974,
        "dataset": "training",
        "utm_epsg": 32632,
        "utm_easting": 446945.976042535,
        "utm_northing": 4890085.668447571
      }
    },
    {
      "type": "Feature",
      "geometry": {
        "type": "Point",
        "coordinates": [
          446918.4334109572,
          4890074.597766022
        ]
      },
      "properties": {
        "longtitude": 8.336113333333333,
        "depth": 2.154,
        "temperature": 0.0,
        "time": 1782050555000,
        "timestamp": "2026-06-21T14:02:35",
        "water_level": 0.06,
        "nearest_tide_timestamp": "2026-06-21T14:00:00",
        "tide_correction": 2.214,
        "dataset": "training",
        "utm_epsg": 32632,
        "utm_easting": 446918.4334109572,
        "utm_northing": 4890074.597766022
      }
    },
    {
      "type": "Feature",
      "geometry": {
        "type": "Point",
        "coordinates": [
          446824.0196227621,
          4890050.738246916
        ]
      },
      "properties": {
        "longtitude": 8.334935,
        "depth": 0.853,
        "temperature": 0.0,
        "time": 1782050140000,
        "timestamp": "2026-06-21T13:55:40",
        "water_level": 0.06655479452054794,
        "nearest_tide_timestamp": "2026-06-21T14:00:00",
        "tide_correction": 0.9195547945205479,
        "dataset": "training",
        "utm_epsg": 32632,
        "utm_easting": 446824.0196227621,
        "utm_northing": 4890050.738246916
      }
    },
    {
      "type": "Feature",
      "geometry": {
        "type": "Point",
        "coordinates": [
          446905.30518982303,
          4890066.187748932
        ]
      },
      "properties": {
        "longtitude": 8.33595,
        "depth": 1.717,
        "temperature": 0.0,
        "time": 1782050580000,
        "timestamp": "2026-06-21T14:03:00",
        "water_level": 0.06,
        "nearest_tide_timestamp": "2026-06-21T14:00:00",
        "tide_correction": 1.7770000000000001,
        "dataset": "training",
        "utm_epsg": 32632,
        "utm_easting": 446905.30518982303,
        "utm_northing": 4890066.187748932
      }
    },
    {
      "type": "Feature",
      "geometry": {
        "type": "Point",
        "coordinates": [
          446829.0865078274,
          4890051.067533453
        ]
      },
      "properties": {
        "longtitude": 8.334998333333335,
        "depth": 1.301,
        "temperature": 0.0,
        "time": 1782050847000,
        "timestamp": "2026-06-21T14:07:27",
        "water_level": 0.06,
        "nearest_tide_timestamp": "2026-06-21T14:10:00",
        "tide_correction": 1.361,
        "dataset": "training",
        "utm_epsg": 32632,
        "utm_easting": 446829.0865078274,
        "utm_northing": 4890051.067533453
      }
    },
    {
      "type": "Feature",
      "geometry": {
        "type": "Point",
        "coordinates": [
          446957.71781767136,
          4890087.42502369
        ]
      },
      "properties": {
        "longtitude": 8.336603333333333,
        "depth": 3.195,
        "temperature": 0.0,
        "time": 1782050485000,
        "timestamp": "2026-06-21T14:01:25",
        "water_level": 0.06,
        "nearest_tide_timestamp": "2026-06-21T14:00:00",
        "tide_correction": 3.255,
        "dataset": "training",
        "utm_epsg": 32632,
        "utm_easting": 446957.71781767136,
        "utm_northing": 4890087.42502369
      }
    },
    {
      "type": "Feature",
      "geometry": {
        "type": "Point",
        "coordinates": [
          446824.2981200234,
          4890052.217040665
        ]
      },
      "properties": {
        "longtitude": 8.334938333333334,
        "depth": 0.978,
        "temperature": 0.0,
        "time": 1782050127000,
        "timestamp": "2026-06-21T13:55:27",
        "water_level": 0.06688127853881277,
        "nearest_tide_timestamp": "2026-06-21T14:00:00",
        "tide_correction": 1.0448812785388129,
        "dataset": "training",
        "utm_epsg": 32632,
        "utm_easting": 446824.2981200234,
        "utm_northing": 4890052.217040665
      }
    },
    {
      "type": "Feature",
      "geometry": {
        "type": "Point",
        "coordinates": [
          446834.85271710117,
          4890022.510773773
        ]
      },
      "properties": {
        "longtitude": 8.335073333333334,
        "depth": 3.133,
        "temperature": 0.0,
        "time": 1782050212000,
        "timestamp": "2026-06-21T13:56:52",
        "water_level": 0.06474657534246575,
        "nearest_tide_timestamp": "2026-06-21T14:00:00",
        "tide_correction": 3.1977465753424656,
        "dataset": "training",
        "utm_epsg": 32632,
        "utm_easting": 446834.85271710117,
        "utm_northing": 4890022.510773773
      }
    },
    {
      "type": "Feature",
      "geometry": {
        "type": "Point",
        "coordinates": [
          446903.28984679264,
          4890064.167584992
        ]
      },
      "properties": {
        "longtitude": 8.335925,
        "depth": 2.113,
        "temperature": 0.0,
        "time": 1782050585000,
        "timestamp": "2026-06-21T14:03:05",
        "water_level": 0.06,
        "nearest_tide_timestamp": "2026-06-21T14:00:00",
        "tide_correction": 2.173,
        "dataset": "training",
        "utm_epsg": 32632,
        "utm_easting": 446903.28984679264,
        "utm_northing": 4890064.167584992
      }
    },
    {
      "type": "Feature",
      "geometry": {
        "type": "Point",
        "coordinates": [
          446836.5341164734,
          4890049.156005656
        ]
      },
      "properties": {
        "longtitude": 8.335091666666667,
        "depth": 1.426,
        "temperature": 0.0,
        "time": 1782050780000,
        "timestamp": "2026-06-21T14:06:20",
        "water_level": 0.06,
        "nearest_tide_timestamp": "2026-06-21T14:10:00",
        "tide_correction": 1.486,
        "dataset": "training",
        "utm_epsg": 32632,
        "utm_easting": 446836.5341164734,
        "utm_northing": 4890049.156005656
      }
    },
    {
      "type": "Feature",
      "geometry": {
        "type": "Point",
        "coordinates": [
          446913.843283488,
          4890034.276328574
        ]
      },
      "properties": {
        "longtitude": 8.33606,
        "depth": 3.892,
        "temperature": 0.0,
        "time": 1782050339000,
        "timestamp": "2026-06-21T13:58:59",
        "water_level": 0.06155707762557078,
        "nearest_tide_timestamp": "2026-06-21T14:00:00",
        "tide_correction": 3.953557077625571,
        "dataset": "training",
        "utm_epsg": 32632,
        "utm_easting": 446913.843283488,
        "utm_northing": 4890034.276328574
      }
    },
    {
      "type": "Feature",
      "geometry": {
        "type": "Point",
        "coordinates": [
          446823.6273273949,
          4890051.6670732545
        ]
      },
      "properties": {
        "longtitude": 8.334930000000002,
        "depth": 0.937,
        "temperature": 0.0,
        "time": 1782050021000,
        "timestamp": "2026-06-21T13:53:41",
        "water_level": 0.06911643835616438,
        "nearest_tide_timestamp": "2026-06-21T13:50:00",
        "tide_correction": 1.0061164383561645,
        "dataset": "training",
        "utm_epsg": 32632,
        "utm_easting": 446823.6273273949,
        "utm_northing": 4890051.6670732545
      }
    },
    {
      "type": "Feature",
      "geometry": {
        "type": "Point",
        "coordinates": [
          446824.8416405656,
          4890053.508560403
        ]
      },
      "properties": {
        "longtitude": 8.334945000000001,
        "depth": 0.135,
        "temperature": 0.0,
        "time": 1782050069000,
        "timestamp": "2026-06-21T13:54:29",
        "water_level": 0.06813698630136986,
        "nearest_tide_timestamp": "2026-06-21T13:50:00",
        "tide_correction": 0.20313698630136987,
        "dataset": "training",
        "utm_epsg": 32632,
        "utm_easting": 446824.8416405656,
        "utm_northing": 4890053.508560403
      }
    },
    {
      "type": "Feature",
      "geometry": {
        "type": "Point",
        "coordinates": [
          446954.9163807552,
          4890087.0773619665
        ]
      },
      "properties": {
        "longtitude": 8.336568333333334,
        "depth": 3.008,
        "temperature": 0.0,
        "time": 1782050489000,
        "timestamp": "2026-06-21T14:01:29",
        "water_level": 0.06,
        "nearest_tide_timestamp": "2026-06-21T14:00:00",
        "tide_correction": 3.068,
        "dataset": "training",
        "utm_epsg": 32632,
        "utm_easting": 446954.9163807552,
        "utm_northing": 4890087.0773619665
      }
    },
    {
      "type": "Feature",
      "geometry": {
        "type": "Point",
        "coordinates": [
          446959.8544499592,
          4890087.963180002
        ]
      },
      "properties": {
        "longtitude": 8.336630000000001,
        "depth": 3.268,
        "temperature": 0.0,
        "time": 1782050480000,
        "timestamp": "2026-06-21T14:01:20",
        "water_level": 0.06,
        "nearest_tide_timestamp": "2026-06-21T14:00:00",
        "tide_correction": 3.328,
        "dataset": "training",
        "utm_epsg": 32632,
        "utm_easting": 446959.8544499592,
        "utm_northing": 4890087.963180002
      }
    },
    {
      "type": "Feature",
      "geometry": {
        "type": "Point",
        "coordinates": [
          446824.31009669974,
          4890053.697989816
        ]
      },
      "properties": {
        "longtitude": 8.334938333333334,
        "depth": 0.697,
        "temperature": 0.0,
        "time": 1782050059000,
        "timestamp": "2026-06-21T13:54:19",
        "water_level": 0.06836301369863013,
        "nearest_tide_timestamp": "2026-06-21T13:50:00",
        "tide_correction": 0.76536301369863,
        "dataset": "training",
        "utm_epsg": 32632,
        "utm_easting": 446824.31009669974,
        "utm_northing": 4890053.697989816
      }
    },
    {
      "type": "Feature",
      "geometry": {
        "type": "Point",
        "coordinates": [
          446824.7083803278,
          4890053.509638092
        ]
      },
      "properties": {
        "longtitude": 8.334943333333333,
        "depth": 0.156,
        "temperature": 0.0,
        "time": 1782050070000,
        "timestamp": "2026-06-21T13:54:30",
        "water_level": 0.06811187214611872,
        "nearest_tide_timestamp": "2026-06-21T13:50:00",
        "tide_correction": 0.22411187214611872,
        "dataset": "training",
        "utm_epsg": 32632,
        "utm_easting": 446824.7083803278,
        "utm_northing": 4890053.509638092
      }
    },
    {
      "type": "Feature",
      "geometry": {
        "type": "Point",
        "coordinates": [
          446962.27701272804,
          4890090.905729674
        ]
      },
      "properties": {
        "longtitude": 8.33666,
        "depth": 3.351,
        "temperature": 0.0,
        "time": 1782050457000,
        "timestamp": "2026-06-21T14:00:57",
        "water_level": 0.06,
        "nearest_tide_timestamp": "2026-06-21T14:00:00",
        "tide_correction": 3.411,
        "dataset": "training",
        "utm_epsg": 32632,
        "utm_easting": 446962.27701272804,
        "utm_northing": 4890090.905729674
      }
    },
    {
      "type": "Feature",
      "geometry": {
        "type": "Point",
        "coordinates": [
          446821.3529197174,
          4890050.574682867
        ]
      },
      "properties": {
        "longtitude": 8.334901666666667,
        "depth": 0.77,
        "temperature": 0.0,
        "time": 1782050039000,
        "timestamp": "2026-06-21T13:53:59",
        "water_level": 0.06866438356164382,
        "nearest_tide_timestamp": "2026-06-21T13:50:00",
        "tide_correction": 0.8386643835616439,
        "dataset": "training",
        "utm_epsg": 32632,
        "utm_easting": 446821.3529197174,
        "utm_northing": 4890050.574682867
      }
    },
    {
      "type": "Feature",
      "geometry": {
        "type": "Point",
        "coordinates": [
          446836.67336373625,
          4890049.895402781
        ]
      },
      "properties": {
        "longtitude": 8.335093333333333,
        "depth": 1.551,
        "temperature": 0.0,
        "time": 1782050771000,
        "timestamp": "2026-06-21T14:06:11",
        "water_level": 0.06,
        "nearest_tide_timestamp": "2026-06-21T14:10:00",
        "tide_correction": 1.611,
        "dataset": "training",
        "utm_epsg": 32632,
        "utm_easting": 446836.67336373625,
        "utm_northing": 4890049.895402781
      }
    },
    {
      "type": "Feature",
      "geometry": {
        "type": "Point",
        "coordinates": [
          446821.4891743406,
          4890050.943842398
        ]
      },
      "properties": {
        "longtitude": 8.334903333333333,
        "depth": 0.822,
        "temperature": 0.0,
        "time": 1782050036000,
        "timestamp": "2026-06-21T13:53:56",
        "water_level": 0.06873972602739725,
        "nearest_tide_timestamp": "2026-06-21T13:50:00",
        "tide_correction": 0.8907397260273973,
        "dataset": "training",
        "utm_epsg": 32632,
        "utm_easting": 446821.4891743406,
        "utm_northing": 4890050.943842398
      }
    },
    {
      "type": "Feature",
      "geometry": {
        "type": "Point",
        "coordinates": [
          446888.8577577926,
          4890026.332345225
        ]
      },
      "properties": {
        "longtitude": 8.335748333333333,
        "depth": 3.528,
        "temperature": 0.0,
        "time": 1782050300000,
        "timestamp": "2026-06-21T13:58:20",
        "water_level": 0.0625365296803653,
        "nearest_tide_timestamp": "2026-06-21T14:00:00",
        "tide_correction": 3.5905365296803655,
        "dataset": "training",
        "utm_epsg": 32632,
        "utm_easting": 446888.8577577926,
        "utm_northing": 4890026.332345225
      }
    },
    {
      "type": "Feature",
      "geometry": {
        "type": "Point",
        "coordinates": [
          446825.7774563157,
          4890053.871253951
        ]
      },
      "properties": {
        "longtitude": 8.334956666666667,
        "depth": 0.271,
        "temperature": 0.0,
        "time": 1782050878000,
        "timestamp": "2026-06-21T14:07:58",
        "water_level": 0.06,
        "nearest_tide_timestamp": "2026-06-21T14:10:00",
        "tide_correction": 0.331,
        "dataset": "training",
        "utm_epsg": 32632,
        "utm_easting": 446825.7774563157,
        "utm_northing": 4890053.871253951
      }
    },
    {
      "type": "Feature",
      "geometry": {
        "type": "Point",
        "coordinates": [
          446835.47402095736,
          4890049.905099904
        ]
      },
      "properties": {
        "longtitude": 8.335078333333334,
        "depth": 1.488,
        "temperature": 0.0,
        "time": 1782050813000,
        "timestamp": "2026-06-21T14:06:53",
        "water_level": 0.06,
        "nearest_tide_timestamp": "2026-06-21T14:10:00",
        "tide_correction": 1.548,
        "dataset": "training",
        "utm_epsg": 32632,
        "utm_easting": 446835.47402095736,
        "utm_northing": 4890049.905099904
      }
    },
    {
      "type": "Feature",
      "geometry": {
        "type": "Point",
        "coordinates": [
          446824.32955880504,
          4890056.104532193
        ]
      },
      "properties": {
        "longtitude": 8.334938333333334,
        "depth": 0.916,
        "temperature": 0.0,
        "time": 1782050887000,
        "timestamp": "2026-06-21T14:08:07",
        "water_level": 0.06,
        "nearest_tide_timestamp": "2026-06-21T14:10:00",
        "tide_correction": 0.976,
        "dataset": "training",
        "utm_epsg": 32632,
        "utm_easting": 446824.32955880504,
        "utm_northing": 4890056.104532193
      }
    },
    {
      "type": "Feature",
      "geometry": {
        "type": "Point",
        "coordinates": [
          446934.37050839234,
          4890084.281054201
        ]
      },
      "properties": {
        "longtitude": 8.336311666666667,
        "depth": 2.342,
        "temperature": 0.0,
        "time": 1782050523000,
        "timestamp": "2026-06-21T14:02:03",
        "water_level": 0.06,
        "nearest_tide_timestamp": "2026-06-21T14:00:00",
        "tide_correction": 2.402,
        "dataset": "training",
        "utm_epsg": 32632,
        "utm_easting": 446934.37050839234,
        "utm_northing": 4890084.281054201
      }
    },
    {
      "type": "Feature",
      "geometry": {
        "type": "Point",
        "coordinates": [
          446939.44483000366,
          4890085.536018776
        ]
      },
      "properties": {
        "longtitude": 8.336375,
        "depth": 2.571,
        "temperature": 0.0,
        "time": 1782050513000,
        "timestamp": "2026-06-21T14:01:53",
        "water_level": 0.06,
        "nearest_tide_timestamp": "2026-06-21T14:00:00",
        "tide_correction": 2.6310000000000002,
        "dataset": "training",
        "utm_epsg": 32632,
        "utm_easting": 446939.44483000366,
        "utm_northing": 4890085.536018776
      }
    },
    {
      "type": "Feature",
      "geometry": {
        "type": "Point",
        "coordinates": [
          446834.81071298826,
          4890050.280724577
        ]
      },
      "properties": {
        "longtitude": 8.33507,
        "depth": 1.343,
        "temperature": 0.0,
        "time": 1782050821000,
        "timestamp": "2026-06-21T14:07:01",
        "water_level": 0.06,
        "nearest_tide_timestamp": "2026-06-21T14:10:00",
        "tide_correction": 1.403,
        "dataset": "training",
        "utm_epsg": 32632,
        "utm_easting": 446834.81071298826,
        "utm_northing": 4890050.280724577
      }
    },
    {
      "type": "Feature",
      "geometry": {
        "type": "Point",
        "coordinates": [
          446821.3529197174,
          4890050.574682867
        ]
      },
      "properties": {
        "longtitude": 8.334901666666667,
        "depth": 0.552,
        "temperature": 0.0,
        "time": 1782050041000,
        "timestamp": "2026-06-21T13:54:01",
        "water_level": 0.06861415525114155,
        "nearest_tide_timestamp": "2026-06-21T13:50:00",
        "tide_correction": 0.6206141552511416,
        "dataset": "training",
        "utm_epsg": 32632,
        "utm_easting": 446821.3529197174,
        "utm_northing": 4890050.574682867
      }
    },
    {
      "type": "Feature",
      "geometry": {
        "type": "Point",
        "coordinates": [
          446821.9248868623,
          4890055.383456605
        ]
      },
      "properties": {
        "longtitude": 8.334908333333335,
        "depth": 1.207,
        "temperature": 0.0,
        "time": 1782049958000,
        "timestamp": "2026-06-21T13:52:38",
        "water_level": 0.0706986301369863,
        "nearest_tide_timestamp": "2026-06-21T13:50:00",
        "tide_correction": 1.2776986301369864,
        "dataset": "training",
        "utm_epsg": 32632,
        "utm_easting": 446821.9248868623,
        "utm_northing": 4890055.383456605
      }
    },
    {
      "type": "Feature",
      "geometry": {
        "type": "Point",
        "coordinates": [
          446924.7330252081,
          4890046.0367841
        ]
      },
      "properties": {
        "longtitude": 8.336195,
        "depth": 3.434,
        "temperature": 0.0,
        "time": 1782050360000,
        "timestamp": "2026-06-21T13:59:20",
        "water_level": 0.0610296803652968,
        "nearest_tide_timestamp": "2026-06-21T14:00:00",
        "tide_correction": 3.495029680365297,
        "dataset": "training",
        "utm_epsg": 32632,
        "utm_easting": 446924.7330252081,
        "utm_northing": 4890046.0367841
      }
    },
    {
      "type": "Feature",
      "geometry": {
        "type": "Point",
        "coordinates": [
          446952.55090511485,
          4890074.692688737
        ]
      },
      "properties": {
        "longtitude": 8.336540000000001,
        "depth": 3.195,
        "temperature": 0.0,
        "time": 1782050426000,
        "timestamp": "2026-06-21T14:00:26",
        "water_level": 0.06,
        "nearest_tide_timestamp": "2026-06-21T14:00:00",
        "tide_correction": 3.255,
        "dataset": "training",
        "utm_epsg": 32632,
        "utm_easting": 446952.55090511485,
        "utm_northing": 4890074.692688737
      }
    },
    {
      "type": "Feature",
      "geometry": {
        "type": "Point",
        "coordinates": [
          446822.97450011654,
          4890053.338529635
        ]
      },
      "properties": {
        "longtitude": 8.334921666666666,
        "depth": 0.999,
        "temperature": 0.0,
        "time": 1782049990000,
        "timestamp": "2026-06-21T13:53:10",
        "water_level": 0.06989497716894977,
        "nearest_tide_timestamp": "2026-06-21T13:50:00",
        "tide_correction": 1.0688949771689498,
        "dataset": "training",
        "utm_epsg": 32632,
        "utm_easting": 446822.97450011654,
        "utm_northing": 4890053.338529635
      }
    },
    {
      "type": "Feature",
      "geometry": {
        "type": "Point",
        "coordinates": [
          446822.7079796338,
          4890053.340685089
        ]
      },
      "properties": {
        "longtitude": 8.334918333333333,
        "depth": 0.749,
        "temperature": 0.0,
        "time": 1782049989000,
        "timestamp": "2026-06-21T13:53:09",
        "water_level": 0.0699200913242009,
        "nearest_tide_timestamp": "2026-06-21T13:50:00",
        "tide_correction": 0.818920091324201,
        "dataset": "training",
        "utm_epsg": 32632,
        "utm_easting": 446822.7079796338,
        "utm_northing": 4890053.340685089
      }
    },
    {
      "type": "Feature",
      "geometry": {
        "type": "Point",
        "coordinates": [
          446883.948044547,
          4890028.9638341945
        ]
      },
      "properties": {
        "longtitude": 8.335686666666668,
        "depth": 3.424,
        "temperature": 0.0,
        "time": 1782050293000,
        "timestamp": "2026-06-21T13:58:13",
        "water_level": 0.06271232876712328,
        "nearest_tide_timestamp": "2026-06-21T14:00:00",
        "tide_correction": 3.486712328767123,
        "dataset": "training",
        "utm_epsg": 32632,
        "utm_easting": 446883.948044547,
        "utm_northing": 4890028.9638341945
      }
    },
    {
      "type": "Feature",
      "geometry": {
        "type": "Point",
        "coordinates": [
          446824.29662293906,
          4890052.031922022
        ]
      },
      "properties": {
        "longtitude": 8.334938333333334,
        "depth": 1.238,
        "temperature": 0.0,
        "time": 1782050131000,
        "timestamp": "2026-06-21T13:55:31",
        "water_level": 0.06678082191780821,
        "nearest_tide_timestamp": "2026-06-21T14:00:00",
        "tide_correction": 1.304780821917808,
        "dataset": "training",
        "utm_epsg": 32632,
        "utm_easting": 446824.29662293906,
        "utm_northing": 4890052.031922022
      }
    },
    {
      "type": "Feature",
      "geometry": {
        "type": "Point",
        "coordinates": [
          446836.93988435395,
          4890049.893247894
        ]
      },
      "properties": {
        "longtitude": 8.335096666666667,
        "depth": 1.603,
        "temperature": 0.0,
        "time": 1782050772000,
        "timestamp": "2026-06-21T14:06:12",
        "water_level": 0.06,
        "nearest_tide_timestamp": "2026-06-21T14:10:00",
        "tide_correction": 1.663,
        "dataset": "training",
        "utm_epsg": 32632,
        "utm_easting": 446836.93988435395,
        "utm_northing": 4890049.893247894
      }
    },
    {
      "type": "Feature",
      "geometry": {
        "type": "Point",
        "coordinates": [
          446833.4601480782,
          4890048.070075838
        ]
      },
      "properties": {
        "longtitude": 8.335053333333333,
        "depth": 1.53,
        "temperature": 0.0,
        "time": 1782050726000,
        "timestamp": "2026-06-21T14:05:26",
        "water_level": 0.06,
        "nearest_tide_timestamp": "2026-06-21T14:10:00",
        "tide_correction": 1.59,
        "dataset": "training",
        "utm_epsg": 32632,
        "utm_easting": 446833.4601480782,
        "utm_northing": 4890048.070075838
      }
    },
    {
      "type": "Feature",
      "geometry": {
        "type": "Point",
        "coordinates": [
          446862.93761250516,
          4890051.16414746
        ]
      },
      "properties": {
        "longtitude": 8.335421666666667,
        "depth": 2.279,
        "temperature": 0.0,
        "time": 1782050660000,
        "timestamp": "2026-06-21T14:04:20",
        "water_level": 0.06,
        "nearest_tide_timestamp": "2026-06-21T14:00:00",
        "tide_correction": 2.339,
        "dataset": "training",
        "utm_epsg": 32632,
        "utm_easting": 446862.93761250516,
        "utm_northing": 4890051.16414746
      }
    },
    {
      "type": "Feature",
      "geometry": {
        "type": "Point",
        "coordinates": [
          446824.8116991812,
          4890049.806187534
        ]
      },
      "properties": {
        "longtitude": 8.334945000000001,
        "depth": 0.281,
        "temperature": 0.0,
        "time": 1782050055000,
        "timestamp": "2026-06-21T13:54:15",
        "water_level": 0.06846347031963469,
        "nearest_tide_timestamp": "2026-06-21T13:50:00",
        "tide_correction": 0.3494634703196347,
        "dataset": "training",
        "utm_epsg": 32632,
        "utm_easting": 446824.8116991812,
        "utm_northing": 4890049.806187534
      }
    },
    {
      "type": "Feature",
      "geometry": {
        "type": "Point",
        "coordinates": [
          446824.5496697848,
          4890050.363698843
        ]
      },
      "properties": {
        "longtitude": 8.334941666666667,
        "depth": 1.041,
        "temperature": 0.0,
        "time": 1782050142000,
        "timestamp": "2026-06-21T13:55:42",
        "water_level": 0.06650456621004566,
        "nearest_tide_timestamp": "2026-06-21T14:00:00",
        "tide_correction": 1.1075045662100456,
        "dataset": "training",
        "utm_epsg": 32632,
        "utm_easting": 446824.5496697848,
        "utm_northing": 4890050.363698843
      }
    },
    {
      "type": "Feature",
      "geometry": {
        "type": "Point",
        "coordinates": [
          446913.4818744164,
          4890072.045911142
        ]
      },
      "properties": {
        "longtitude": 8.336051666666666,
        "depth": 1.998,
        "temperature": 0.0,
        "time": 1782050563000,
        "timestamp": "2026-06-21T14:02:43",
        "water_level": 0.06,
        "nearest_tide_timestamp": "2026-06-21T14:00:00",
        "tide_correction": 2.058,
        "dataset": "training",
        "utm_epsg": 32632,
        "utm_easting": 446913.4818744164,
        "utm_northing": 4890072.045911142
      }
    },
    {
      "type": "Feature",
      "geometry": {
        "type": "Point",
        "coordinates": [
          446836.27058931795,
          4890049.528397846
        ]
      },
      "properties": {
        "longtitude": 8.335088333333335,
        "depth": 1.8,
        "temperature": 0.0,
        "time": 1782050777000,
        "timestamp": "2026-06-21T14:06:17",
        "water_level": 0.06,
        "nearest_tide_timestamp": "2026-06-21T14:10:00",
        "tide_correction": 1.86,
        "dataset": "training",
        "utm_epsg": 32632,
        "utm_easting": 446836.27058931795,
        "utm_northing": 4890049.528397846
      }
    },
    {
      "type": "Feature",
      "geometry": {
        "type": "Point",
        "coordinates": [
          446878.56346290273,
          4890055.295895807
        ]
      },
      "properties": {
        "longtitude": 8.335616666666665,
        "depth": 2.3,
        "temperature": 0.0,
        "time": 1782050631000,
        "timestamp": "2026-06-21T14:03:51",
        "water_level": 0.06,
        "nearest_tide_timestamp": "2026-06-21T14:00:00",
        "tide_correction": 2.36,
        "dataset": "training",
        "utm_epsg": 32632,
        "utm_easting": 446878.56346290273,
        "utm_northing": 4890055.295895807
      }
    },
    {
      "type": "Feature",
      "geometry": {
        "type": "Point",
        "coordinates": [
          446824.2861433499,
          4890050.736091517
        ]
      },
      "properties": {
        "longtitude": 8.334938333333334,
        "depth": 0.916,
        "temperature": 0.0,
        "time": 1782050141000,
        "timestamp": "2026-06-21T13:55:41",
        "water_level": 0.0665296803652968,
        "nearest_tide_timestamp": "2026-06-21T14:00:00",
        "tide_correction": 0.9825296803652969,
        "dataset": "training",
        "utm_epsg": 32632,
        "utm_easting": 446824.2861433499,
        "utm_northing": 4890050.736091517
      }
    },
    {
      "type": "Feature",
      "geometry": {
        "type": "Point",
        "coordinates": [
          446836.27058931795,
          4890049.528397846
        ]
      },
      "properties": {
        "longtitude": 8.335088333333335,
        "depth": 1.8,
        "temperature": 0.0,
        "time": 1782050776000,
        "timestamp": "2026-06-21T14:06:16",
        "water_level": 0.06,
        "nearest_tide_timestamp": "2026-06-21T14:10:00",
        "tide_correction": 1.86,
        "dataset": "training",
        "utm_epsg": 32632,
        "utm_easting": 446836.27058931795,
        "utm_northing": 4890049.528397846
      }
    },
    {
      "type": "Feature",
      "geometry": {
        "type": "Point",
        "coordinates": [
          446833.4616449027,
          4890048.2551944805
        ]
      },
      "properties": {
        "longtitude": 8.335053333333333,
        "depth": 1.571,
        "temperature": 0.0,
        "time": 1782050724000,
        "timestamp": "2026-06-21T14:05:24",
        "water_level": 0.06,
        "nearest_tide_timestamp": "2026-06-21T14:10:00",
        "tide_correction": 1.631,
        "dataset": "training",
        "utm_epsg": 32632,
        "utm_easting": 446833.4616449027,
        "utm_northing": 4890048.2551944805
      }
    },
    {
      "type": "Feature",
      "geometry": {
        "type": "Point",
        "coordinates": [
          446843.1881533566,
          4890047.991424742
        ]
      },
      "properties": {
        "longtitude": 8.335175,
        "depth": 1.655,
        "temperature": 0.0,
        "time": 1782050696000,
        "timestamp": "2026-06-21T14:04:56",
        "water_level": 0.06,
        "nearest_tide_timestamp": "2026-06-21T14:00:00",
        "tide_correction": 1.715,
        "dataset": "training",
        "utm_epsg": 32632,
        "utm_easting": 446843.1881533566,
        "utm_northing": 4890047.991424742
      }
    },
    {
      "type": "Feature",
      "geometry": {
        "type": "Point",
        "coordinates": [
          446899.40736686595,
          4890061.977369232
        ]
      },
      "properties": {
        "longtitude": 8.335876666666667,
        "depth": 2.508,
        "temperature": 0.0,
        "time": 1782050595000,
        "timestamp": "2026-06-21T14:03:15",
        "water_level": 0.06,
        "nearest_tide_timestamp": "2026-06-21T14:00:00",
        "tide_correction": 2.568,
        "dataset": "training",
        "utm_epsg": 32632,
        "utm_easting": 446899.40736686595,
        "utm_northing": 4890061.977369232
      }
    },
    {
      "type": "Feature",
      "geometry": {
        "type": "Point",
        "coordinates": [
          446918.00425123854,
          4890037.945350369
        ]
      },
      "properties": {
        "longtitude": 8.336111666666666,
        "depth": 3.33,
        "temperature": 0.0,
        "time": 1782050347000,
        "timestamp": "2026-06-21T13:59:07",
        "water_level": 0.061356164383561645,
        "nearest_tide_timestamp": "2026-06-21T14:00:00",
        "tide_correction": 3.391356164383562,
        "dataset": "training",
        "utm_epsg": 32632,
        "utm_easting": 446918.00425123854,
        "utm_northing": 4890037.945350369
      }
    },
    {
      "type": "Feature",
      "geometry": {
        "type": "Point",
        "coordinates": [
          446838.70530884585,
          4890020.998578966
        ]
      },
      "properties": {
        "longtitude": 8.335121666666668,
        "depth": 3.642,
        "temperature": 0.0,
        "time": 1782050221000,
        "timestamp": "2026-06-21T13:57:01",
        "water_level": 0.06452054794520548,
        "nearest_tide_timestamp": "2026-06-21T14:00:00",
        "tide_correction": 3.7065205479452055,
        "dataset": "training",
        "utm_epsg": 32632,
        "utm_easting": 446838.70530884585,
        "utm_northing": 4890020.998578966
      }
    },
    {
      "type": "Feature",
      "geometry": {
        "type": "Point",
        "coordinates": [
          446949.0439997,
          4890086.013955139
        ]
      },
      "properties": {
        "longtitude": 8.336495000000001,
        "depth": 2.966,
        "temperature": 0.0,
        "time": 1782050497000,
        "timestamp": "2026-06-21T14:01:37",
        "water_level": 0.06,
        "nearest_tide_timestamp": "2026-06-21T14:00:00",
        "tide_correction": 3.0260000000000002,
        "dataset": "training",
        "utm_epsg": 32632,
        "utm_easting": 446949.0439997,
        "utm_northing": 4890086.013955139
      }
    },
    {
      "type": "Feature",
      "geometry": {
        "type": "Point",
        "coordinates": [
          446888.1959397268,
          4890026.893083085
        ]
      },
      "properties": {
        "longtitude": 8.33574,
        "depth": 3.622,
        "temperature": 0.0,
        "time": 1782050299000,
        "timestamp": "2026-06-21T13:58:19",
        "water_level": 0.06256164383561644,
        "nearest_tide_timestamp": "2026-06-21T14:00:00",
        "tide_correction": 3.6845616438356164,
        "dataset": "training",
        "utm_epsg": 32632,
        "utm_easting": 446888.1959397268,
        "utm_northing": 4890026.893083085
      }
    },
    {
      "type": "Feature",
      "geometry": {
        "type": "Point",
        "coordinates": [
          446930.2230256669,
          4890082.278089964
        ]
      },
      "properties": {
        "longtitude": 8.336260000000001,
        "depth": 1.946,
        "temperature": 0.0,
        "time": 1782050531000,
        "timestamp": "2026-06-21T14:02:11",
        "water_level": 0.06,
        "nearest_tide_timestamp": "2026-06-21T14:00:00",
        "tide_correction": 2.006,
        "dataset": "training",
        "utm_epsg": 32632,
        "utm_easting": 446930.2230256669,
        "utm_northing": 4890082.278089964
      }
    },
    {
      "type": "Feature",
      "geometry": {
        "type": "Point",
        "coordinates": [
          446822.05664991343,
          4890055.197260214
        ]
      },
      "properties": {
        "longtitude": 8.33491,
        "depth": 0.978,
        "temperature": 0.0,
        "time": 1782049962000,
        "timestamp": "2026-06-21T13:52:42",
        "water_level": 0.07059817351598173,
        "nearest_tide_timestamp": "2026-06-21T13:50:00",
        "tide_correction": 1.0485981735159817,
        "dataset": "training",
        "utm_epsg": 32632,
        "utm_easting": 446822.05664991343,
        "utm_northing": 4890055.197260214
      }
    },
    {
      "type": "Feature",
      "geometry": {
        "type": "Point",
        "coordinates": [
          446817.8671902848,
          4890048.011044454
        ]
      },
      "properties": {
        "longtitude": 8.334858333333333,
        "depth": 0.978,
        "temperature": 0.0,
        "time": 1782049948000,
        "timestamp": "2026-06-21T13:52:28",
        "water_level": 0.07089954337899543,
        "nearest_tide_timestamp": "2026-06-21T13:50:00",
        "tide_correction": 1.0488995433789954,
        "dataset": "training",
        "utm_epsg": 32632,
        "utm_easting": 446817.8671902848,
        "utm_northing": 4890048.011044454
      }
    },
    {
      "type": "Feature",
      "geometry": {
        "type": "Point",
        "coordinates": [
          446965.60999224545,
          4890091.063976482
        ]
      },
      "properties": {
        "longtitude": 8.336701666666666,
        "depth": 2.966,
        "temperature": 0.0,
        "time": 1782050465000,
        "timestamp": "2026-06-21T14:01:05",
        "water_level": 0.06,
        "nearest_tide_timestamp": "2026-06-21T14:00:00",
        "tide_correction": 3.0260000000000002,
        "dataset": "training",
        "utm_epsg": 32632,
        "utm_easting": 446965.60999224545,
        "utm_northing": 4890091.063976482
      }
    },
    {
      "type": "Feature",
      "geometry": {
        "type": "Point",
        "coordinates": [
          446837.7709858969,
          4890020.821002196
        ]
      },
      "properties": {
        "longtitude": 8.335109999999998,
        "depth": 3.538,
        "temperature": 0.0,
        "time": 1782050220000,
        "timestamp": "2026-06-21T13:57:00",
        "water_level": 0.06454566210045662,
        "nearest_tide_timestamp": "2026-06-21T14:00:00",
        "tide_correction": 3.6025456621004563,
        "dataset": "training",
        "utm_epsg": 32632,
        "utm_easting": 446837.7709858969,
        "utm_northing": 4890020.821002196
      }
    },
    {
      "type": "Feature",
      "geometry": {
        "type": "Point",
        "coordinates": [
          446961.04482609493,
          4890086.842793593
        ]
      },
      "properties": {
        "longtitude": 8.336645,
        "depth": 3.351,
        "temperature": 0.0,
        "time": 1782050449000,
        "timestamp": "2026-06-21T14:00:49",
        "water_level": 0.06,
        "nearest_tide_timestamp": "2026-06-21T14:00:00",
        "tide_correction": 3.411,
        "dataset": "training",
        "utm_epsg": 32632,
        "utm_easting": 446961.04482609493,
        "utm_northing": 4890086.842793593
      }
    },
    {
      "type": "Feature",
      "geometry": {
        "type": "Point",
        "coordinates": [
          446835.47402095736,
          4890049.905099904
        ]
      },
      "properties": {
        "longtitude": 8.335078333333334,
        "depth": 1.384,
        "temperature": 0.0,
        "time": 1782050815000,
        "timestamp": "2026-06-21T14:06:55",
        "water_level": 0.06,
        "nearest_tide_timestamp": "2026-06-21T14:10:00",
        "tide_correction": 1.444,
        "dataset": "training",
        "utm_epsg": 32632,
        "utm_easting": 446835.47402095736,
        "utm_northing": 4890049.905099904
      }
    },
    {
      "type": "Feature",
      "geometry": {
        "type": "Point",
        "coordinates": [
          446837.0596741519,
          4890048.226102671
        ]
      },
      "properties": {
        "longtitude": 8.335098333333333,
        "depth": 1.457,
        "temperature": 0.0,
        "time": 1782050707000,
        "timestamp": "2026-06-21T14:05:07",
        "water_level": 0.06,
        "nearest_tide_timestamp": "2026-06-21T14:10:00",
        "tide_correction": 1.5170000000000001,
        "dataset": "training",
        "utm_epsg": 32632,
        "utm_easting": 446837.0596741519,
        "utm_northing": 4890048.226102671
      }
    },
    {
      "type": "Feature",
      "geometry": {
        "type": "Point",
        "coordinates": [
          446923.25221816974,
          4890044.197430127
        ]
      },
      "properties": {
        "longtitude": 8.336176666666667,
        "depth": 3.767,
        "temperature": 0.0,
        "time": 1782050357000,
        "timestamp": "2026-06-21T13:59:17",
        "water_level": 0.061105022831050224,
        "nearest_tide_timestamp": "2026-06-21T14:00:00",
        "tide_correction": 3.8281050228310503,
        "dataset": "training",
        "utm_epsg": 32632,
        "utm_easting": 446923.25221816974,
        "utm_northing": 4890044.197430127
      }
    },
    {
      "type": "Feature",
      "geometry": {
        "type": "Point",
        "coordinates": [
          446829.4803343053,
          4890033.847189484
        ]
      },
      "properties": {
        "longtitude": 8.335004999999999,
        "depth": 2.987,
        "temperature": 0.0,
        "time": 1782050186000,
        "timestamp": "2026-06-21T13:56:26",
        "water_level": 0.06539954337899542,
        "nearest_tide_timestamp": "2026-06-21T14:00:00",
        "tide_correction": 3.0523995433789954,
        "dataset": "training",
        "utm_epsg": 32632,
        "utm_easting": 446829.4803343053,
        "utm_northing": 4890033.847189484
      }
    },
    {
      "type": "Feature",
      "geometry": {
        "type": "Point",
        "coordinates": [
          446824.5511668612,
          4890050.548817485
        ]
      },
      "properties": {
        "longtitude": 8.334941666666667,
        "depth": 1.166,
        "temperature": 0.0,
        "time": 1782050143000,
        "timestamp": "2026-06-21T13:55:43",
        "water_level": 0.06647945205479451,
        "nearest_tide_timestamp": "2026-06-21T14:00:00",
        "tide_correction": 1.2324794520547944,
        "dataset": "training",
        "utm_epsg": 32632,
        "utm_easting": 446824.5511668612,
        "utm_northing": 4890050.548817485
      }
    },
    {
      "type": "Feature",
      "geometry": {
        "type": "Point",
        "coordinates": [
          446961.44908442884,
          4890087.394924766
        ]
      },
      "properties": {
        "longtitude": 8.336649999999999,
        "depth": 3.382,
        "temperature": 0.0,
        "time": 1782050450000,
        "timestamp": "2026-06-21T14:00:50",
        "water_level": 0.06,
        "nearest_tide_timestamp": "2026-06-21T14:00:00",
        "tide_correction": 3.442,
        "dataset": "training",
        "utm_epsg": 32632,
        "utm_easting": 446961.44908442884,
        "utm_northing": 4890087.394924766
      }
    },
    {
      "type": "Feature",
      "geometry": {
        "type": "Point",
        "coordinates": [
          446947.31643270614,
          4890070.106653565
        ]
      },
      "properties": {
        "longtitude": 8.336475,
        "depth": 3.174,
        "temperature": 0.0,
        "time": 1782050411000,
        "timestamp": "2026-06-21T14:00:11",
        "water_level": 0.06,
        "nearest_tide_timestamp": "2026-06-21T14:00:00",
        "tide_correction": 3.234,
        "dataset": "training",
        "utm_epsg": 32632,
        "utm_easting": 446947.31643270614,
        "utm_northing": 4890070.106653565
      }
    },
    {
      "type": "Feature",
      "geometry": {
        "type": "Point",
        "coordinates": [
          446880.89650720253,
          4890030.654661776
        ]
      },
      "properties": {
        "longtitude": 8.335648333333333,
        "depth": 3.341,
        "temperature": 0.0,
        "time": 1782050288000,
        "timestamp": "2026-06-21T13:58:08",
        "water_level": 0.062837899543379,
        "nearest_tide_timestamp": "2026-06-21T14:00:00",
        "tide_correction": 3.403837899543379,
        "dataset": "training",
        "utm_epsg": 32632,
        "utm_easting": 446880.89650720253,
        "utm_northing": 4890030.654661776
      }
    },
    {
      "type": "Feature",
      "geometry": {
        "type": "Point",
        "coordinates": [
          446923.51969766204,
          4890077.333667563
        ]
      },
      "properties": {
        "longtitude": 8.336176666666667,
        "depth": 1.832,
        "temperature": 0.0,
        "time": 1782050545000,
        "timestamp": "2026-06-21T14:02:25",
        "water_level": 0.06,
        "nearest_tide_timestamp": "2026-06-21T14:00:00",
        "tide_correction": 1.8920000000000001,
        "dataset": "training",
        "utm_epsg": 32632,
        "utm_easting": 446923.51969766204,
        "utm_northing": 4890077.333667563
      }
    },
    {
      "type": "Feature",
      "geometry": {
        "type": "Point",
        "coordinates": [
          446822.5822050601,
          4890054.267356041
        ]
      },
      "properties": {
        "longtitude": 8.334916666666667,
        "depth": 1.124,
        "temperature": 0.0,
        "time": 1782049956000,
        "timestamp": "2026-06-21T13:52:36",
        "water_level": 0.07074885844748857,
        "nearest_tide_timestamp": "2026-06-21T13:50:00",
        "tide_correction": 1.1947488584474888,
        "dataset": "training",
        "utm_epsg": 32632,
        "utm_easting": 446822.5822050601,
        "utm_northing": 4890054.267356041
      }
    },
    {
      "type": "Feature",
      "geometry": {
        "type": "Point",
        "coordinates": [
          446835.2510029315,
          4890022.322422715
        ]
      },
      "properties": {
        "longtitude": 8.335078333333334,
        "depth": 3.143,
        "temperature": 0.0,
        "time": 1782050213000,
        "timestamp": "2026-06-21T13:56:53",
        "water_level": 0.06472146118721461,
        "nearest_tide_timestamp": "2026-06-21T14:00:00",
        "tide_correction": 3.2077214611872145,
        "dataset": "training",
        "utm_epsg": 32632,
        "utm_easting": 446835.2510029315,
        "utm_northing": 4890022.322422715
      }
    },
    {
      "type": "Feature",
      "geometry": {
        "type": "Point",
        "coordinates": [
          446823.2515004031,
          4890054.632204701
        ]
      },
      "properties": {
        "longtitude": 8.334925,
        "depth": 0.822,
        "temperature": 0.0,
        "time": 1782049969000,
        "timestamp": "2026-06-21T13:52:49",
        "water_level": 0.07042237442922374,
        "nearest_tide_timestamp": "2026-06-21T13:50:00",
        "tide_correction": 0.8924223744292237,
        "dataset": "training",
        "utm_epsg": 32632,
        "utm_easting": 446823.2515004031,
        "utm_northing": 4890054.632204701
      }
    },
    {
      "type": "Feature",
      "geometry": {
        "type": "Point",
        "coordinates": [
          446902.7363118594,
          4890028.626958123
        ]
      },
      "properties": {
        "longtitude": 8.335921666666668,
        "depth": 3.726,
        "temperature": 0.0,
        "time": 1782050320000,
        "timestamp": "2026-06-21T13:58:40",
        "water_level": 0.06203424657534246,
        "nearest_tide_timestamp": "2026-06-21T14:00:00",
        "tide_correction": 3.7880342465753425,
        "dataset": "training",
        "utm_epsg": 32632,
        "utm_easting": 446902.7363118594,
        "utm_northing": 4890028.626958123
      }
    },
    {
      "type": "Feature",
      "geometry": {
        "type": "Point",
        "coordinates": [
          446829.35156447097,
          4890034.40362299
        ]
      },
      "properties": {
        "longtitude": 8.335003333333333,
        "depth": 2.966,
        "temperature": 0.0,
        "time": 1782050185000,
        "timestamp": "2026-06-21T13:56:25",
        "water_level": 0.06542465753424657,
        "nearest_tide_timestamp": "2026-06-21T14:00:00",
        "tide_correction": 3.031424657534247,
        "dataset": "training",
        "utm_epsg": 32632,
        "utm_easting": 446829.35156447097,
        "utm_northing": 4890034.40362299
      }
    },
    {
      "type": "Feature",
      "geometry": {
        "type": "Point",
        "coordinates": [
          446904.90242028,
          4890065.820739823
        ]
      },
      "properties": {
        "longtitude": 8.335945,
        "depth": 1.832,
        "temperature": 0.0,
        "time": 1782050581000,
        "timestamp": "2026-06-21T14:03:01",
        "water_level": 0.06,
        "nearest_tide_timestamp": "2026-06-21T14:00:00",
        "tide_correction": 1.8920000000000001,
        "dataset": "training",
        "utm_epsg": 32632,
        "utm_easting": 446904.90242028,
        "utm_northing": 4890065.820739823
      }
    },
    {
      "type": "Feature",
      "geometry": {
        "type": "Point",
        "coordinates": [
          446834.53521161654,
          4890049.172167692
        ]
      },
      "properties": {
        "longtitude": 8.335066666666668,
        "depth": 1.54,
        "temperature": 0.0,
        "time": 1782050759000,
        "timestamp": "2026-06-21T14:05:59",
        "water_level": 0.06,
        "nearest_tide_timestamp": "2026-06-21T14:10:00",
        "tide_correction": 1.6,
        "dataset": "training",
        "utm_epsg": 32632,
        "utm_easting": 446834.53521161654,
        "utm_northing": 4890049.172167692
      }
    },
    {
      "type": "Feature",
      "geometry": {
        "type": "Point",
        "coordinates": [
          446826.04098270397,
          4890053.498861334
        ]
      },
      "properties": {
        "longtitude": 8.33496,
        "depth": 1.332,
        "temperature": 0.0,
        "time": 1782050873000,
        "timestamp": "2026-06-21T14:07:53",
        "water_level": 0.06,
        "nearest_tide_timestamp": "2026-06-21T14:10:00",
        "tide_correction": 1.3920000000000001,
        "dataset": "training",
        "utm_epsg": 32632,
        "utm_easting": 446826.04098270397,
        "utm_northing": 4890053.498861334
      }
    },
    {
      "type": "Feature",
      "geometry": {
        "type": "Point",
        "coordinates": [
          446942.512787624,
          4890085.881523298
        ]
      },
      "properties": {
        "longtitude": 8.336413333333333,
        "depth": 2.727,
        "temperature": 0.0,
        "time": 1782050508000,
        "timestamp": "2026-06-21T14:01:48",
        "water_level": 0.06,
        "nearest_tide_timestamp": "2026-06-21T14:00:00",
        "tide_correction": 2.787,
        "dataset": "training",
        "utm_epsg": 32632,
        "utm_easting": 446942.512787624,
        "utm_northing": 4890085.881523298
      }
    },
    {
      "type": "Feature",
      "geometry": {
        "type": "Point",
        "coordinates": [
          446891.65025341127,
          4890025.56926721
        ]
      },
      "properties": {
        "longtitude": 8.335783333333334,
        "depth": 3.767,
        "temperature": 0.0,
        "time": 1782050304000,
        "timestamp": "2026-06-21T13:58:24",
        "water_level": 0.062436073059360726,
        "nearest_tide_timestamp": "2026-06-21T14:00:00",
        "tide_correction": 3.8294360730593606,
        "dataset": "training",
        "utm_epsg": 32632,
        "utm_easting": 446891.65025341127,
        "utm_northing": 4890025.56926721
      }
    },
    {
      "type": "Feature",
      "geometry": {
        "type": "Point",
        "coordinates": [
          446939.6519028016,
          4890061.652487035
        ]
      },
      "properties": {
        "longtitude": 8.33638,
        "depth": 3.268,
        "temperature": 0.0,
        "time": 1782050395000,
        "timestamp": "2026-06-21T13:59:55",
        "water_level": 0.06015068493150685,
        "nearest_tide_timestamp": "2026-06-21T14:00:00",
        "tide_correction": 3.3281506849315066,
        "dataset": "training",
        "utm_epsg": 32632,
        "utm_easting": 446939.6519028016,
        "utm_northing": 4890061.652487035
      }
    },
    {
      "type": "Feature",
      "geometry": {
        "type": "Point",
        "coordinates": [
          446826.30001803755,
          4890052.571112797
        ]
      },
      "properties": {
        "longtitude": 8.334963333333333,
        "depth": 1.301,
        "temperature": 0.0,
        "time": 1782050867000,
        "timestamp": "2026-06-21T14:07:47",
        "water_level": 0.06,
        "nearest_tide_timestamp": "2026-06-21T14:10:00",
        "tide_correction": 1.361,
        "dataset": "training",
        "utm_epsg": 32632,
        "utm_easting": 446826.30001803755,
        "utm_northing": 4890052.571112797
      }
    },
    {
      "type": "Feature",
      "geometry": {
        "type": "Point",
        "coordinates": [
          446948.3762083069,
          4890085.8342123935
        ]
      },
      "properties": {
        "longtitude": 8.336486666666667,
        "depth": 3.039,
        "temperature": 0.0,
        "time": 1782050498000,
        "timestamp": "2026-06-21T14:01:38",
        "water_level": 0.06,
        "nearest_tide_timestamp": "2026-06-21T14:00:00",
        "tide_correction": 3.099,
        "dataset": "training",
        "utm_epsg": 32632,
        "utm_easting": 446948.3762083069,
        "utm_northing": 4890085.8342123935
      }
    },
    {
      "type": "Feature",
      "geometry": {
        "type": "Point",
        "coordinates": [
          446824.50326043786,
          4890044.6250209315
        ]
      },
      "properties": {
        "longtitude": 8.334941666666667,
        "depth": 1.311,
        "temperature": 0.0,
        "time": 1782050167000,
        "timestamp": "2026-06-21T13:56:07",
        "water_level": 0.06587671232876711,
        "nearest_tide_timestamp": "2026-06-21T14:00:00",
        "tide_correction": 1.376876712328767,
        "dataset": "training",
        "utm_epsg": 32632,
        "utm_easting": 446824.50326043786,
        "utm_northing": 4890044.6250209315
      }
    },
    {
      "type": "Feature",
      "geometry": {
        "type": "Point",
        "coordinates": [
          446922.4491367631,
          4890076.786917227
        ]
      },
      "properties": {
        "longtitude": 8.336163333333333,
        "depth": 1.988,
        "temperature": 0.0,
        "time": 1782050547000,
        "timestamp": "2026-06-21T14:02:27",
        "water_level": 0.06,
        "nearest_tide_timestamp": "2026-06-21T14:00:00",
        "tide_correction": 2.048,
        "dataset": "training",
        "utm_epsg": 32632,
        "utm_easting": 446922.4491367631,
        "utm_northing": 4890076.786917227
      }
    },
    {
      "type": "Feature",
      "geometry": {
        "type": "Point",
        "coordinates": [
          446946.5094051672,
          4890069.187511619
        ]
      },
      "properties": {
        "longtitude": 8.336465,
        "depth": 3.278,
        "temperature": 0.0,
        "time": 1782050409000,
        "timestamp": "2026-06-21T14:00:09",
        "water_level": 0.06,
        "nearest_tide_timestamp": "2026-06-21T14:00:00",
        "tide_correction": 3.338,
        "dataset": "training",
        "utm_epsg": 32632,
        "utm_easting": 446946.5094051672,
        "utm_northing": 4890069.187511619
      }
    },
    {
      "type": "Feature",
      "geometry": {
        "type": "Point",
        "coordinates": [
          446832.48096468794,
          4890025.862304257
        ]
      },
      "properties": {
        "longtitude": 8.335043333333335,
        "depth": 3.289,
        "temperature": 0.0,
        "time": 1782050201000,
        "timestamp": "2026-06-21T13:56:41",
        "water_level": 0.06502283105022831,
        "nearest_tide_timestamp": "2026-06-21T14:00:00",
        "tide_correction": 3.3540228310502282,
        "dataset": "training",
        "utm_epsg": 32632,
        "utm_easting": 446832.48096468794,
        "utm_northing": 4890025.862304257
      }
    },
    {
      "type": "Feature",
      "geometry": {
        "type": "Point",
        "coordinates": [
          446821.4846828523,
          4890050.388486469
        ]
      },
      "properties": {
        "longtitude": 8.334903333333333,
        "depth": 0.531,
        "temperature": 0.0,
        "time": 1782050040000,
        "timestamp": "2026-06-21T13:54:00",
        "water_level": 0.06863926940639269,
        "nearest_tide_timestamp": "2026-06-21T13:50:00",
        "tide_correction": 0.5996392694063927,
        "dataset": "training",
        "utm_epsg": 32632,
        "utm_easting": 446821.4846828523,
        "utm_northing": 4890050.388486469
      }
    },
    {
      "type": "Feature",
      "geometry": {
        "type": "Point",
        "coordinates": [
          446960.12246226816,
          4890088.146148748
        ]
      },
      "properties": {
        "longtitude": 8.336633333333333,
        "depth": 3.237,
        "temperature": 0.0,
        "time": 1782050478000,
        "timestamp": "2026-06-21T14:01:18",
        "water_level": 0.06,
        "nearest_tide_timestamp": "2026-06-21T14:00:00",
        "tide_correction": 3.297,
        "dataset": "training",
        "utm_epsg": 32632,
        "utm_easting": 446960.12246226816,
        "utm_northing": 4890088.146148748
      }
    },
    {
      "type": "Feature",
      "geometry": {
        "type": "Point",
        "coordinates": [
          446835.20301001135,
          4890049.351898923
        ]
      },
      "properties": {
        "longtitude": 8.335075,
        "depth": 1.623,
        "temperature": 0.0,
        "time": 1782050764000,
        "timestamp": "2026-06-21T14:06:04",
        "water_level": 0.06,
        "nearest_tide_timestamp": "2026-06-21T14:10:00",
        "tide_correction": 1.683,
        "dataset": "training",
        "utm_epsg": 32632,
        "utm_easting": 446835.20301001135,
        "utm_northing": 4890049.351898923
      }
    },
    {
      "type": "Feature",
      "geometry": {
        "type": "Point",
        "coordinates": [
          446926.3330943933,
          4890079.1622651545
        ]
      },
      "properties": {
        "longtitude": 8.336211666666665,
        "depth": 2.185,
        "temperature": 0.0,
        "time": 1782050539000,
        "timestamp": "2026-06-21T14:02:19",
        "water_level": 0.06,
        "nearest_tide_timestamp": "2026-06-21T14:00:00",
        "tide_correction": 2.245,
        "dataset": "training",
        "utm_epsg": 32632,
        "utm_easting": 446926.3330943933,
        "utm_northing": 4890079.1622651545
      }
    },
    {
      "type": "Feature",
      "geometry": {
        "type": "Point",
        "coordinates": [
          446833.0648575467,
          4890048.62866431
        ]
      },
      "properties": {
        "longtitude": 8.335048333333333,
        "depth": 1.384,
        "temperature": 0.0,
        "time": 1782050737000,
        "timestamp": "2026-06-21T14:05:37",
        "water_level": 0.06,
        "nearest_tide_timestamp": "2026-06-21T14:10:00",
        "tide_correction": 1.444,
        "dataset": "training",
        "utm_epsg": 32632,
        "utm_easting": 446833.0648575467,
        "utm_northing": 4890048.62866431
      }
    },
    {
      "type": "Feature",
      "geometry": {
        "type": "Point",
        "coordinates": [
          446856.22083672014,
          4890028.077089537
        ]
      },
      "properties": {
        "longtitude": 8.33534,
        "depth": 3.413,
        "temperature": 0.0,
        "time": 1782050248000,
        "timestamp": "2026-06-21T13:57:28",
        "water_level": 0.06384246575342466,
        "nearest_tide_timestamp": "2026-06-21T14:00:00",
        "tide_correction": 3.4768424657534243,
        "dataset": "training",
        "utm_epsg": 32632,
        "utm_easting": 446856.22083672014,
        "utm_northing": 4890028.077089537
      }
    },
    {
      "type": "Feature",
      "geometry": {
        "type": "Point",
        "coordinates": [
          446824.8236757328,
          4890051.287136682
        ]
      },
      "properties": {
        "longtitude": 8.334945000000001,
        "depth": 0.801,
        "temperature": 0.0,
        "time": 1782050148000,
        "timestamp": "2026-06-21T13:55:48",
        "water_level": 0.0663538812785388,
        "nearest_tide_timestamp": "2026-06-21T14:00:00",
        "tide_correction": 0.8673538812785389,
        "dataset": "training",
        "utm_epsg": 32632,
        "utm_easting": 446824.8236757328,
        "utm_northing": 4890051.287136682
      }
    },
    {
      "type": "Feature",
      "geometry": {
        "type": "Point",
        "coordinates": [
          446837.99099985266,
          4890048.03344203
        ]
      },
      "properties": {
        "longtitude": 8.335109999999998,
        "depth": 1.748,
        "temperature": 0.0,
        "time": 1782050705000,
        "timestamp": "2026-06-21T14:05:05",
        "water_level": 0.06,
        "nearest_tide_timestamp": "2026-06-21T14:10:00",
        "tide_correction": 1.808,
        "dataset": "training",
        "utm_epsg": 32632,
        "utm_easting": 446837.99099985266,
        "utm_northing": 4890048.03344203
      }
    },
    {
      "type": "Feature",
      "geometry": {
        "type": "Point",
        "coordinates": [
          446940.86468754447,
          4890063.308876701
        ]
      },
      "properties": {
        "longtitude": 8.336395000000001,
        "depth": 3.205,
        "temperature": 0.0,
        "time": 1782050398000,
        "timestamp": "2026-06-21T13:59:58",
        "water_level": 0.060075342465753426,
        "nearest_tide_timestamp": "2026-06-21T14:00:00",
        "tide_correction": 3.2650753424657535,
        "dataset": "training",
        "utm_epsg": 32632,
        "utm_easting": 446940.86468754447,
        "utm_northing": 4890063.308876701
      }
    },
    {
      "type": "Feature",
      "geometry": {
        "type": "Point",
        "coordinates": [
          446835.7375480527,
          4890049.532707685
        ]
      },
      "properties": {
        "longtitude": 8.335081666666667,
        "depth": 1.582,
        "temperature": 0.0,
        "time": 1782050768000,
        "timestamp": "2026-06-21T14:06:08",
        "water_level": 0.06,
        "nearest_tide_timestamp": "2026-06-21T14:10:00",
        "tide_correction": 1.6420000000000001,
        "dataset": "training",
        "utm_epsg": 32632,
        "utm_easting": 446835.7375480527,
        "utm_northing": 4890049.532707685
      }
    },
    {
      "type": "Feature",
      "geometry": {
        "type": "Point",
        "coordinates": [
          446823.9058247104,
          4890053.145866986
        ]
      },
      "properties": {
        "longtitude": 8.334933333333334,
        "depth": 0.156,
        "temperature": 0.0,
        "time": 1782050116000,
        "timestamp": "2026-06-21T13:55:16",
        "water_level": 0.0671324200913242,
        "nearest_tide_timestamp": "2026-06-21T14:00:00",
        "tide_correction": 0.2231324200913242,
        "dataset": "training",
        "utm_epsg": 32632,
        "utm_easting": 446823.9058247104,
        "utm_northing": 4890053.145866986
      }
    },
    {
      "type": "Feature",
      "geometry": {
        "type": "Point",
        "coordinates": [
          446823.35930973396,
          4890051.484110037
        ]
      },
      "properties": {
        "longtitude": 8.334926666666666,
        "depth": 0.926,
        "temperature": 0.0,
        "time": 1782050022000,
        "timestamp": "2026-06-21T13:53:42",
        "water_level": 0.06909132420091324,
        "nearest_tide_timestamp": "2026-06-21T13:50:00",
        "tide_correction": 0.9950913242009133,
        "dataset": "training",
        "utm_epsg": 32632,
        "utm_easting": 446823.35930973396,
        "utm_northing": 4890051.484110037
      }
    },
    {
      "type": "Feature",
      "geometry": {
        "type": "Point",
        "coordinates": [
          446948.39446054277,
          4890071.579001173
        ]
      },
      "properties": {
        "longtitude": 8.336488333333334,
        "depth": 3.174,
        "temperature": 0.0,
        "time": 1782050414000,
        "timestamp": "2026-06-21T14:00:14",
        "water_level": 0.06,
        "nearest_tide_timestamp": "2026-06-21T14:00:00",
        "tide_correction": 3.234,
        "dataset": "training",
        "utm_epsg": 32632,
        "utm_easting": 446948.39446054277,
        "utm_northing": 4890071.579001173
      }
    },
    {
      "type": "Feature",
      "geometry": {
        "type": "Point",
        "coordinates": [
          446873.8814079112,
          4890053.112154668
        ]
      },
      "properties": {
        "longtitude": 8.335558333333333,
        "depth": 2.144,
        "temperature": 0.0,
        "time": 1782050639000,
        "timestamp": "2026-06-21T14:03:59",
        "water_level": 0.06,
        "nearest_tide_timestamp": "2026-06-21T14:00:00",
        "tide_correction": 2.204,
        "dataset": "training",
        "utm_epsg": 32632,
        "utm_easting": 446873.8814079112,
        "utm_northing": 4890053.112154668
      }
    },
    {
      "type": "Feature",
      "geometry": {
        "type": "Point",
        "coordinates": [
          446831.3549264653,
          4890051.419451928
        ]
      },
      "properties": {
        "longtitude": 8.335026666666666,
        "depth": 0.968,
        "temperature": 0.0,
        "time": 1782050840000,
        "timestamp": "2026-06-21T14:07:20",
        "water_level": 0.06,
        "nearest_tide_timestamp": "2026-06-21T14:10:00",
        "tide_correction": 1.028,
        "dataset": "training",
        "utm_epsg": 32632,
        "utm_easting": 446831.3549264653,
        "utm_northing": 4890051.419451928
      }
    },
    {
      "type": "Feature",
      "geometry": {
        "type": "Point",
        "coordinates": [
          446851.40399778925,
          4890025.709322678
        ]
      },
      "properties": {
        "longtitude": 8.335280000000001,
        "depth": 3.205,
        "temperature": 0.0,
        "time": 1782050241000,
        "timestamp": "2026-06-21T13:57:21",
        "water_level": 0.06401826484018265,
        "nearest_tide_timestamp": "2026-06-21T14:00:00",
        "tide_correction": 3.2690182648401827,
        "dataset": "training",
        "utm_epsg": 32632,
        "utm_easting": 446851.40399778925,
        "utm_northing": 4890025.709322678
      }
    },
    {
      "type": "Feature",
      "geometry": {
        "type": "Point",
        "coordinates": [
          446823.22455234104,
          4890051.300069114
        ]
      },
      "properties": {
        "longtitude": 8.334925,
        "depth": 0.989,
        "temperature": 0.0,
        "time": 1782050015000,
        "timestamp": "2026-06-21T13:53:35",
        "water_level": 0.06926712328767123,
        "nearest_tide_timestamp": "2026-06-21T13:50:00",
        "tide_correction": 1.0582671232876713,
        "dataset": "training",
        "utm_epsg": 32632,
        "utm_easting": 446823.22455234104,
        "utm_northing": 4890051.300069114
      }
    },
    {
      "type": "Feature",
      "geometry": {
        "type": "Point",
        "coordinates": [
          446946.9121721443,
          4890069.554523256
        ]
      },
      "properties": {
        "longtitude": 8.33647,
        "depth": 3.08,
        "temperature": 0.0,
        "time": 1782050410000,
        "timestamp": "2026-06-21T14:00:10",
        "water_level": 0.06,
        "nearest_tide_timestamp": "2026-06-21T14:00:00",
        "tide_correction": 3.14,
        "dataset": "training",
        "utm_epsg": 32632,
        "utm_easting": 446946.9121721443,
        "utm_northing": 4890069.554523256
      }
    },
    {
      "type": "Feature",
      "geometry": {
        "type": "Point",
        "coordinates": [
          446923.9209711664,
          4890077.515559154
        ]
      },
      "properties": {
        "longtitude": 8.336181666666667,
        "depth": 2.061,
        "temperature": 0.0,
        "time": 1782050544000,
        "timestamp": "2026-06-21T14:02:24",
        "water_level": 0.06,
        "nearest_tide_timestamp": "2026-06-21T14:00:00",
        "tide_correction": 2.121,
        "dataset": "training",
        "utm_epsg": 32632,
        "utm_easting": 446923.9209711664,
        "utm_northing": 4890077.515559154
      }
    },
    {
      "type": "Feature",
      "geometry": {
        "type": "Point",
        "coordinates": [
          446824.9509477542,
          4890050.545584421
        ]
      },
      "properties": {
        "longtitude": 8.334946666666667,
        "depth": 1.103,
        "temperature": 0.0,
        "time": 1782050152000,
        "timestamp": "2026-06-21T13:55:52",
        "water_level": 0.06625342465753424,
        "nearest_tide_timestamp": "2026-06-21T14:00:00",
        "tide_correction": 1.1692534246575341,
        "dataset": "training",
        "utm_epsg": 32632,
        "utm_easting": 446824.9509477542,
        "utm_northing": 4890050.545584421
      }
    },
    {
      "type": "Feature",
      "geometry": {
        "type": "Point",
        "coordinates": [
          446847.9287422395,
          4890024.441498868
        ]
      },
      "properties": {
        "longtitude": 8.335236666666667,
        "depth": 3.413,
        "temperature": 0.0,
        "time": 1782050235000,
        "timestamp": "2026-06-21T13:57:15",
        "water_level": 0.06416894977168949,
        "nearest_tide_timestamp": "2026-06-21T14:00:00",
        "tide_correction": 3.477168949771689,
        "dataset": "training",
        "utm_epsg": 32632,
        "utm_easting": 446847.9287422395,
        "utm_northing": 4890024.441498868
      }
    },
    {
      "type": "Feature",
      "geometry": {
        "type": "Point",
        "coordinates": [
          446870.27291097876,
          4890051.845395848
        ]
      },
      "properties": {
        "longtitude": 8.335513333333333,
        "depth": 2.466,
        "temperature": 0.0,
        "time": 1782050646000,
        "timestamp": "2026-06-21T14:04:06",
        "water_level": 0.06,
        "nearest_tide_timestamp": "2026-06-21T14:00:00",
        "tide_correction": 2.5260000000000002,
        "dataset": "training",
        "utm_epsg": 32632,
        "utm_easting": 446870.27291097876,
        "utm_northing": 4890051.845395848
      }
    },
    {
      "type": "Feature",
      "geometry": {
        "type": "Point",
        "coordinates": [
          446871.2072285861,
          4890052.022977198
        ]
      },
      "properties": {
        "longtitude": 8.335524999999999,
        "depth": 2.123,
        "temperature": 0.0,
        "time": 1782050644000,
        "timestamp": "2026-06-21T14:04:04",
        "water_level": 0.06,
        "nearest_tide_timestamp": "2026-06-21T14:00:00",
        "tide_correction": 2.1830000000000003,
        "dataset": "training",
        "utm_epsg": 32632,
        "utm_easting": 446871.2072285861,
        "utm_northing": 4890052.022977198
      }
    },
    {
      "type": "Feature",
      "geometry": {
        "type": "Point",
        "coordinates": [
          446832.2189336419,
          4890026.419815224
        ]
      },
      "properties": {
        "longtitude": 8.33504,
        "depth": 3.205,
        "temperature": 0.0,
        "time": 1782050200000,
        "timestamp": "2026-06-21T13:56:40",
        "water_level": 0.06504794520547945,
        "nearest_tide_timestamp": "2026-06-21T14:00:00",
        "tide_correction": 3.2700479452054796,
        "dataset": "training",
        "utm_epsg": 32632,
        "utm_easting": 446832.2189336419,
        "utm_northing": 4890026.419815224
      }
    },
    {
      "type": "Feature",
      "geometry": {
        "type": "Point",
        "coordinates": [
          446821.48767717776,
          4890050.758723754
        ]
      },
      "properties": {
        "longtitude": 8.334903333333333,
        "depth": 0.853,
        "temperature": 0.0,
        "time": 1782050035000,
        "timestamp": "2026-06-21T13:53:55",
        "water_level": 0.06876484018264839,
        "nearest_tide_timestamp": "2026-06-21T13:50:00",
        "tide_correction": 0.9217648401826484,
        "dataset": "training",
        "utm_epsg": 32632,
        "utm_easting": 446821.48767717776,
        "utm_northing": 4890050.758723754
      }
    },
    {
      "type": "Feature",
      "geometry": {
        "type": "Point",
        "coordinates": [
          446834.13094022725,
          4890048.620044245
        ]
      },
      "properties": {
        "longtitude": 8.335061666666666,
        "depth": 1.519,
        "temperature": 0.0,
        "time": 1782050748000,
        "timestamp": "2026-06-21T14:05:48",
        "water_level": 0.06,
        "nearest_tide_timestamp": "2026-06-21T14:10:00",
        "tide_correction": 1.579,
        "dataset": "training",
        "utm_epsg": 32632,
        "utm_easting": 446834.13094022725,
        "utm_northing": 4890048.620044245
      }
    },
    {
      "type": "Feature",
      "geometry": {
        "type": "Point",
        "coordinates": [
          446824.9734037373,
          4890053.322364074
        ]
      },
      "properties": {
        "longtitude": 8.334946666666667,
        "depth": 0.291,
        "temperature": 0.0,
        "time": 1782050073000,
        "timestamp": "2026-06-21T13:54:33",
        "water_level": 0.06803652968036529,
        "nearest_tide_timestamp": "2026-06-21T13:50:00",
        "tide_correction": 0.35903652968036526,
        "dataset": "training",
        "utm_epsg": 32632,
        "utm_easting": 446824.9734037373,
        "utm_northing": 4890053.322364074
      }
    },
    {
      "type": "Feature",
      "geometry": {
        "type": "Point",
        "coordinates": [
          446824.3026112767,
          4890052.772396596
        ]
      },
      "properties": {
        "longtitude": 8.334938333333334,
        "depth": 0.666,
        "temperature": 0.0,
        "time": 1782050088000,
        "timestamp": "2026-06-21T13:54:48",
        "water_level": 0.06783561643835616,
        "nearest_tide_timestamp": "2026-06-21T13:50:00",
        "tide_correction": 0.7338356164383562,
        "dataset": "training",
        "utm_epsg": 32632,
        "utm_easting": 446824.3026112767,
        "utm_northing": 4890052.772396596
      }
    },
    {
      "type": "Feature",
      "geometry": {
        "type": "Point",
        "coordinates": [
          446833.4661353765,
          4890048.810550407
        ]
      },
      "properties": {
        "longtitude": 8.335053333333333,
        "depth": 1.551,
        "temperature": 0.0,
        "time": 1782050719000,
        "timestamp": "2026-06-21T14:05:19",
        "water_level": 0.06,
        "nearest_tide_timestamp": "2026-06-21T14:10:00",
        "tide_correction": 1.611,
        "dataset": "training",
        "utm_epsg": 32632,
        "utm_easting": 446833.4661353765,
        "utm_northing": 4890048.810550407
      }
    },
    {
      "type": "Feature",
      "geometry": {
        "type": "Point",
        "coordinates": [
          446859.8293494157,
          4890029.343840732
        ]
      },
      "properties": {
        "longtitude": 8.335385,
        "depth": 3.299,
        "temperature": 0.0,
        "time": 1782050253000,
        "timestamp": "2026-06-21T13:57:33",
        "water_level": 0.06371689497716895,
        "nearest_tide_timestamp": "2026-06-21T14:00:00",
        "tide_correction": 3.362716894977169,
        "dataset": "training",
        "utm_epsg": 32632,
        "utm_easting": 446859.8293494157,
        "utm_northing": 4890029.343840732
      }
    },
    {
      "type": "Feature",
      "geometry": {
        "type": "Point",
        "coordinates": [
          446832.74299577903,
          4890025.304793301
        ]
      },
      "properties": {
        "longtitude": 8.335046666666667,
        "depth": 3.32,
        "temperature": 0.0,
        "time": 1782050202000,
        "timestamp": "2026-06-21T13:56:42",
        "water_level": 0.06499771689497716,
        "nearest_tide_timestamp": "2026-06-21T14:00:00",
        "tide_correction": 3.384997716894977,
        "dataset": "training",
        "utm_epsg": 32632,
        "utm_easting": 446832.74299577903,
        "utm_northing": 4890025.304793301
      }
    },
    {
      "type": "Feature",
      "geometry": {
        "type": "Point",
        "coordinates": [
          446813.7046744621,
          4890044.156966902
        ]
      },
      "properties": {
        "longtitude": 8.334806666666667,
        "depth": 0.978,
        "temperature": 0.0,
        "time": 1782049944000,
        "timestamp": "2026-06-21T13:52:24",
        "water_level": 0.07097488584474886,
        "nearest_tide_timestamp": "2026-06-21T13:50:00",
        "tide_correction": 1.0489748858447487,
        "dataset": "training",
        "utm_epsg": 32632,
        "utm_easting": 446813.7046744621,
        "utm_northing": 4890044.156966902
      }
    },
    {
      "type": "Feature",
      "geometry": {
        "type": "Point",
        "coordinates": [
          446825.1156463521,
          4890054.431998257
        ]
      },
      "properties": {
        "longtitude": 8.334948333333333,
        "depth": 0.614,
        "temperature": 0.0,
        "time": 1782050880000,
        "timestamp": "2026-06-21T14:08:00",
        "water_level": 0.06,
        "nearest_tide_timestamp": "2026-06-21T14:10:00",
        "tide_correction": 0.6739999999999999,
        "dataset": "training",
        "utm_epsg": 32632,
        "utm_easting": 446825.1156463521,
        "utm_northing": 4890054.431998257
      }
    },
    {
      "type": "Feature",
      "geometry": {
        "type": "Point",
        "coordinates": [
          446832.4180149852,
          4890051.040594296
        ]
      },
      "properties": {
        "longtitude": 8.33504,
        "depth": 1.218,
        "temperature": 0.0,
        "time": 1782050831000,
        "timestamp": "2026-06-21T14:07:11",
        "water_level": 0.06,
        "nearest_tide_timestamp": "2026-06-21T14:10:00",
        "tide_correction": 1.278,
        "dataset": "training",
        "utm_epsg": 32632,
        "utm_easting": 446832.4180149852,
        "utm_northing": 4890051.040594296
      }
    },
    {
      "type": "Feature",
      "geometry": {
        "type": "Point",
        "coordinates": [
          446826.16825481324,
          4890052.757309099
        ]
      },
      "properties": {
        "longtitude": 8.334961666666667,
        "depth": 1.363,
        "temperature": 0.0,
        "time": 1782050863000,
        "timestamp": "2026-06-21T14:07:43",
        "water_level": 0.06,
        "nearest_tide_timestamp": "2026-06-21T14:10:00",
        "tide_correction": 1.423,
        "dataset": "training",
        "utm_epsg": 32632,
        "utm_easting": 446826.16825481324,
        "utm_northing": 4890052.757309099
      }
    },
    {
      "type": "Feature",
      "geometry": {
        "type": "Point",
        "coordinates": [
          446924.3287612975,
          4890045.484655174
        ]
      },
      "properties": {
        "longtitude": 8.336189999999998,
        "depth": 3.372,
        "temperature": 0.0,
        "time": 1782050359000,
        "timestamp": "2026-06-21T13:59:19",
        "water_level": 0.06105479452054794,
        "nearest_tide_timestamp": "2026-06-21T14:00:00",
        "tide_correction": 3.433054794520548,
        "dataset": "training",
        "utm_epsg": 32632,
        "utm_easting": 446924.3287612975,
        "utm_northing": 4890045.484655174
      }
    },
    {
      "type": "Feature",
      "geometry": {
        "type": "Point",
        "coordinates": [
          446940.5138942088,
          4890085.897653211
        ]
      },
      "properties": {
        "longtitude": 8.336388333333334,
        "depth": 2.508,
        "temperature": 0.0,
        "time": 1782050511000,
        "timestamp": "2026-06-21T14:01:51",
        "water_level": 0.06,
        "nearest_tide_timestamp": "2026-06-21T14:00:00",
        "tide_correction": 2.568,
        "dataset": "training",
        "utm_epsg": 32632,
        "utm_easting": 446940.5138942088,
        "utm_northing": 4890085.897653211
      }
    },
    {
      "type": "Feature",
      "geometry": {
        "type": "Point",
        "coordinates": [
          446824.30111419223,
          4890052.587277953
        ]
      },
      "properties": {
        "longtitude": 8.334938333333334,
        "depth": 0.843,
        "temperature": 0.0,
        "time": 1782050089000,
        "timestamp": "2026-06-21T13:54:49",
        "water_level": 0.06781050228310502,
        "nearest_tide_timestamp": "2026-06-21T13:50:00",
        "tide_correction": 0.910810502283105,
        "dataset": "training",
        "utm_epsg": 32632,
        "utm_easting": 446824.30111419223,
        "utm_northing": 4890052.587277953
      }
    },
    {
      "type": "Feature",
      "geometry": {
        "type": "Point",
        "coordinates": [
          446852.0703017711,
          4890025.703936995
        ]
      },
      "properties": {
        "longtitude": 8.335288333333333,
        "depth": 3.289,
        "temperature": 0.0,
        "time": 1782050242000,
        "timestamp": "2026-06-21T13:57:22",
        "water_level": 0.0639931506849315,
        "nearest_tide_timestamp": "2026-06-21T14:00:00",
        "tide_correction": 3.3529931506849318,
        "dataset": "training",
        "utm_epsg": 32632,
        "utm_easting": 446852.0703017711,
        "utm_northing": 4890025.703936995
      }
    },
    {
      "type": "Feature",
      "geometry": {
        "type": "Point",
        "coordinates": [
          446853.72918699344,
          4890049.572393168
        ]
      },
      "properties": {
        "longtitude": 8.335306666666666,
        "depth": 1.977,
        "temperature": 0.0,
        "time": 1782050676000,
        "timestamp": "2026-06-21T14:04:36",
        "water_level": 0.06,
        "nearest_tide_timestamp": "2026-06-21T14:00:00",
        "tide_correction": 2.037,
        "dataset": "training",
        "utm_epsg": 32632,
        "utm_easting": 446853.72918699344,
        "utm_northing": 4890049.572393168
      }
    },
    {
      "type": "Feature",
      "geometry": {
        "type": "Point",
        "coordinates": [
          446825.10666397854,
          4890053.321286392
        ]
      },
      "properties": {
        "longtitude": 8.334948333333333,
        "depth": 0.177,
        "temperature": 0.0,
        "time": 1782050072000,
        "timestamp": "2026-06-21T13:54:32",
        "water_level": 0.06806164383561643,
        "nearest_tide_timestamp": "2026-06-21T13:50:00",
        "tide_correction": 0.2450616438356164,
        "dataset": "training",
        "utm_epsg": 32632,
        "utm_easting": 446825.10666397854,
        "utm_northing": 4890053.321286392
      }
    },
    {
      "type": "Feature",
      "geometry": {
        "type": "Point",
        "coordinates": [
          446956.4467998048,
          4890078.549003548
        ]
      },
      "properties": {
        "longtitude": 8.336588333333333,
        "depth": 3.185,
        "temperature": 0.0,
        "time": 1782050437000,
        "timestamp": "2026-06-21T14:00:37",
        "water_level": 0.06,
        "nearest_tide_timestamp": "2026-06-21T14:00:00",
        "tide_correction": 3.245,
        "dataset": "training",
        "utm_epsg": 32632,
        "utm_easting": 446956.4467998048,
        "utm_northing": 4890078.549003548
      }
    },
    {
      "type": "Feature",
      "geometry": {
        "type": "Point",
        "coordinates": [
          446830.9207541951,
          4890030.688319325
        ]
      },
      "properties": {
        "longtitude": 8.335023333333334,
        "depth": 3.028,
        "temperature": 0.0,
        "time": 1782050192000,
        "timestamp": "2026-06-21T13:56:32",
        "water_level": 0.06524885844748858,
        "nearest_tide_timestamp": "2026-06-21T14:00:00",
        "tide_correction": 3.0932488584474886,
        "dataset": "training",
        "utm_epsg": 32632,
        "utm_easting": 446830.9207541951,
        "utm_northing": 4890030.688319325
      }
    },
    {
      "type": "Feature",
      "geometry": {
        "type": "Point",
        "coordinates": [
          446888.98168212967,
          4890058.173827685
        ]
      },
      "properties": {
        "longtitude": 8.335746666666667,
        "depth": 2.435,
        "temperature": 0.0,
        "time": 1782050614000,
        "timestamp": "2026-06-21T14:03:34",
        "water_level": 0.06,
        "nearest_tide_timestamp": "2026-06-21T14:00:00",
        "tide_correction": 2.495,
        "dataset": "training",
        "utm_epsg": 32632,
        "utm_easting": 446888.98168212967,
        "utm_northing": 4890058.173827685
      }
    },
    {
      "type": "Feature",
      "geometry": {
        "type": "Point",
        "coordinates": [
          446834.66996873135,
          4890049.356208847
        ]
      },
      "properties": {
        "longtitude": 8.335068333333334,
        "depth": 1.613,
        "temperature": 0.0,
        "time": 1782050761000,
        "timestamp": "2026-06-21T14:06:01",
        "water_level": 0.06,
        "nearest_tide_timestamp": "2026-06-21T14:10:00",
        "tide_correction": 1.673,
        "dataset": "training",
        "utm_epsg": 32632,
        "utm_easting": 446834.66996873135,
        "utm_northing": 4890049.356208847
      }
    },
    {
      "type": "Feature",
      "geometry": {
        "type": "Point",
        "coordinates": [
          446822.83375424624,
          4890052.41401414
        ]
      },
      "properties": {
        "longtitude": 8.33492,
        "depth": 1.02,
        "temperature": 0.0,
        "time": 1782050004000,
        "timestamp": "2026-06-21T13:53:24",
        "water_level": 0.06954337899543378,
        "nearest_tide_timestamp": "2026-06-21T13:50:00",
        "tide_correction": 1.0895433789954339,
        "dataset": "training",
        "utm_epsg": 32632,
        "utm_easting": 446822.83375424624,
        "utm_northing": 4890052.41401414
      }
    },
    {
      "type": "Feature",
      "geometry": {
        "type": "Point",
        "coordinates": [
          446950.3780888225,
          4890086.188322175
        ]
      },
      "properties": {
        "longtitude": 8.336511666666667,
        "depth": 2.935,
        "temperature": 0.0,
        "time": 1782050495000,
        "timestamp": "2026-06-21T14:01:35",
        "water_level": 0.06,
        "nearest_tide_timestamp": "2026-06-21T14:00:00",
        "tide_correction": 2.995,
        "dataset": "training",
        "utm_epsg": 32632,
        "utm_easting": 446950.3780888225,
        "utm_northing": 4890086.188322175
      }
    },
    {
      "type": "Feature",
      "geometry": {
        "type": "Point",
        "coordinates": [
          446849.5308648338,
          4890024.798809771
        ]
      },
      "properties": {
        "longtitude": 8.335256666666668,
        "depth": 3.434,
        "temperature": 0.0,
        "time": 1782050238000,
        "timestamp": "2026-06-21T13:57:18",
        "water_level": 0.06409360730593607,
        "nearest_tide_timestamp": "2026-06-21T14:00:00",
        "tide_correction": 3.498093607305936,
        "dataset": "training",
        "utm_epsg": 32632,
        "utm_easting": 446849.5308648338,
        "utm_northing": 4890024.798809771
      }
    },
    {
      "type": "Feature",
      "geometry": {
        "type": "Point",
        "coordinates": [
          446877.1801637144,
          4890032.535992507
        ]
      },
      "properties": {
        "longtitude": 8.335601666666667,
        "depth": 3.164,
        "temperature": 0.0,
        "time": 1782050282000,
        "timestamp": "2026-06-21T13:58:02",
        "water_level": 0.06298858447488584,
        "nearest_tide_timestamp": "2026-06-21T14:00:00",
        "tide_correction": 3.226988584474886,
        "dataset": "training",
        "utm_epsg": 32632,
        "utm_easting": 446877.1801637144,
        "utm_northing": 4890032.535992507
      }
    },
    {
      "type": "Feature",
      "geometry": {
        "type": "Point",
        "coordinates": [
          446903.02033702965,
          4890063.799499903
        ]
      },
      "properties": {
        "longtitude": 8.335921666666668,
        "depth": 2.227,
        "temperature": 0.0,
        "time": 1782050586000,
        "timestamp": "2026-06-21T14:03:06",
        "water_level": 0.06,
        "nearest_tide_timestamp": "2026-06-21T14:00:00",
        "tide_correction": 2.287,
        "dataset": "training",
        "utm_epsg": 32632,
        "utm_easting": 446903.02033702965,
        "utm_northing": 4890063.799499903
      }
    },
    {
      "type": "Feature",
      "geometry": {
        "type": "Point",
        "coordinates": [
          446823.64229842706,
          4890053.518259691
        ]
      },
      "properties": {
        "longtitude": 8.334930000000002,
        "depth": 0.833,
        "temperature": 0.0,
        "time": 1782050107000,
        "timestamp": "2026-06-21T13:55:07",
        "water_level": 0.06735844748858447,
        "nearest_tide_timestamp": "2026-06-21T14:00:00",
        "tide_correction": 0.9003584474885844,
        "dataset": "training",
        "utm_epsg": 32632,
        "utm_easting": 446823.64229842706,
        "utm_northing": 4890053.518259691
      }
    },
    {
      "type": "Feature",
      "geometry": {
        "type": "Point",
        "coordinates": [
          446887.1115543272,
          4890057.633541439
        ]
      },
      "properties": {
        "longtitude": 8.335723333333334,
        "depth": 2.362,
        "temperature": 0.0,
        "time": 1782050617000,
        "timestamp": "2026-06-21T14:03:37",
        "water_level": 0.06,
        "nearest_tide_timestamp": "2026-06-21T14:00:00",
        "tide_correction": 2.422,
        "dataset": "training",
        "utm_epsg": 32632,
        "utm_easting": 446887.1115543272,
        "utm_northing": 4890057.633541439
      }
    },
    {
      "type": "Feature",
      "geometry": {
        "type": "Point",
        "coordinates": [
          446833.4616449027,
          4890048.2551944805
        ]
      },
      "properties": {
        "longtitude": 8.335053333333333,
        "depth": 1.592,
        "temperature": 0.0,
        "time": 1782050723000,
        "timestamp": "2026-06-21T14:05:23",
        "water_level": 0.06,
        "nearest_tide_timestamp": "2026-06-21T14:10:00",
        "tide_correction": 1.6520000000000001,
        "dataset": "training",
        "utm_epsg": 32632,
        "utm_easting": 446833.4616449027,
        "utm_northing": 4890048.2551944805
      }
    },
    {
      "type": "Feature",
      "geometry": {
        "type": "Point",
        "coordinates": [
          446835.4725241887,
          4890049.719981261
        ]
      },
      "properties": {
        "longtitude": 8.335078333333334,
        "depth": 1.665,
        "temperature": 0.0,
        "time": 1782050805000,
        "timestamp": "2026-06-21T14:06:45",
        "water_level": 0.06,
        "nearest_tide_timestamp": "2026-06-21T14:10:00",
        "tide_correction": 1.725,
        "dataset": "training",
        "utm_epsg": 32632,
        "utm_easting": 446835.4725241887,
        "utm_northing": 4890049.719981261
      }
    },
    {
      "type": "Feature",
      "geometry": {
        "type": "Point",
        "coordinates": [
          446826.3015150658,
          4890052.756231441
        ]
      },
      "properties": {
        "longtitude": 8.334963333333333,
        "depth": 1.27,
        "temperature": 0.0,
        "time": 1782050869000,
        "timestamp": "2026-06-21T14:07:49",
        "water_level": 0.06,
        "nearest_tide_timestamp": "2026-06-21T14:10:00",
        "tide_correction": 1.33,
        "dataset": "training",
        "utm_epsg": 32632,
        "utm_easting": 446826.3015150658,
        "utm_northing": 4890052.756231441
      }
    },
    {
      "type": "Feature",
      "geometry": {
        "type": "Point",
        "coordinates": [
          446910.6315769988,
          4890032.636082722
        ]
      },
      "properties": {
        "longtitude": 8.33602,
        "depth": 3.736,
        "temperature": 0.0,
        "time": 1782050333000,
        "timestamp": "2026-06-21T13:58:53",
        "water_level": 0.06170776255707762,
        "nearest_tide_timestamp": "2026-06-21T14:00:00",
        "tide_correction": 3.797707762557078,
        "dataset": "training",
        "utm_epsg": 32632,
        "utm_easting": 446910.6315769988,
        "utm_northing": 4890032.636082722
      }
    },
    {
      "type": "Feature",
      "geometry": {
        "type": "Point",
        "coordinates": [
          446846.05560842965,
          4890023.530986946
        ]
      },
      "properties": {
        "longtitude": 8.335213333333334,
        "depth": 3.413,
        "temperature": 0.0,
        "time": 1782050232000,
        "timestamp": "2026-06-21T13:57:12",
        "water_level": 0.06424429223744292,
        "nearest_tide_timestamp": "2026-06-21T14:00:00",
        "tide_correction": 3.477244292237443,
        "dataset": "training",
        "utm_epsg": 32632,
        "utm_easting": 446846.05560842965,
        "utm_northing": 4890023.530986946
      }
    },
    {
      "type": "Feature",
      "geometry": {
        "type": "Point",
        "coordinates": [
          446823.10776035814,
          4890053.337451912
        ]
      },
      "properties": {
        "longtitude": 8.334923333333334,
        "depth": 1.134,
        "temperature": 0.0,
        "time": 1782049993000,
        "timestamp": "2026-06-21T13:53:13",
        "water_level": 0.06981963470319634,
        "nearest_tide_timestamp": "2026-06-21T13:50:00",
        "tide_correction": 1.2038196347031962,
        "dataset": "training",
        "utm_epsg": 32632,
        "utm_easting": 446823.10776035814,
        "utm_northing": 4890053.337451912
      }
    },
    {
      "type": "Feature",
      "geometry": {
        "type": "Point",
        "coordinates": [
          446897.6589491158,
          4890027.001784285
        ]
      },
      "properties": {
        "longtitude": 8.335858333333334,
        "depth": 3.653,
        "temperature": 0.0,
        "time": 1782050313000,
        "timestamp": "2026-06-21T13:58:33",
        "water_level": 0.06221004566210045,
        "nearest_tide_timestamp": "2026-06-21T14:00:00",
        "tide_correction": 3.7152100456621007,
        "dataset": "training",
        "utm_epsg": 32632,
        "utm_easting": 446897.6589491158,
        "utm_northing": 4890027.001784285
      }
    },
    {
      "type": "Feature",
      "geometry": {
        "type": "Point",
        "coordinates": [
          446824.79223729105,
          4890047.39964518
        ]
      },
      "properties": {
        "longtitude": 8.334945000000001,
        "depth": 0.937,
        "temperature": 0.0,
        "time": 1782050159000,
        "timestamp": "2026-06-21T13:55:59",
        "water_level": 0.06607762557077625,
        "nearest_tide_timestamp": "2026-06-21T14:00:00",
        "tide_correction": 1.0030776255707763,
        "dataset": "training",
        "utm_epsg": 32632,
        "utm_easting": 446824.79223729105,
        "utm_northing": 4890047.39964518
      }
    },
    {
      "type": "Feature",
      "geometry": {
        "type": "Point",
        "coordinates": [
          446824.197795709,
          4890056.290728538
        ]
      },
      "properties": {
        "longtitude": 8.334936666666666,
        "depth": 0.354,
        "temperature": 0.0,
        "time": 1782050889000,
        "timestamp": "2026-06-21T14:08:09",
        "water_level": 0.06,
        "nearest_tide_timestamp": "2026-06-21T14:10:00",
        "tide_correction": 0.414,
        "dataset": "training",
        "utm_epsg": 32632,
        "utm_easting": 446824.197795709,
        "utm_northing": 4890056.290728538
      }
    },
    {
      "type": "Feature",
      "geometry": {
        "type": "Point",
        "coordinates": [
          446832.927106693,
          4890048.074385903
        ]
      },
      "properties": {
        "longtitude": 8.335046666666667,
        "depth": 1.384,
        "temperature": 0.0,
        "time": 1782050734000,
        "timestamp": "2026-06-21T14:05:34",
        "water_level": 0.06,
        "nearest_tide_timestamp": "2026-06-21T14:10:00",
        "tide_correction": 1.444,
        "dataset": "training",
        "utm_epsg": 32632,
        "utm_easting": 446832.927106693,
        "utm_northing": 4890048.074385903
      }
    },
    {
      "type": "Feature",
      "geometry": {
        "type": "Point",
        "coordinates": [
          446872.27630213066,
          4890052.3846006
        ]
      },
      "properties": {
        "longtitude": 8.335538333333334,
        "depth": 2.362,
        "temperature": 0.0,
        "time": 1782050642000,
        "timestamp": "2026-06-21T14:04:02",
        "water_level": 0.06,
        "nearest_tide_timestamp": "2026-06-21T14:00:00",
        "tide_correction": 2.422,
        "dataset": "training",
        "utm_epsg": 32632,
        "utm_easting": 446872.27630213066,
        "utm_northing": 4890052.3846006
      }
    },
    {
      "type": "Feature",
      "geometry": {
        "type": "Point",
        "coordinates": [
          446842.8393896571,
          4890021.335418136
        ]
      },
      "properties": {
        "longtitude": 8.335173333333334,
        "depth": 3.788,
        "temperature": 0.0,
        "time": 1782050227000,
        "timestamp": "2026-06-21T13:57:07",
        "water_level": 0.06436986301369862,
        "nearest_tide_timestamp": "2026-06-21T14:00:00",
        "tide_correction": 3.852369863013698,
        "dataset": "training",
        "utm_epsg": 32632,
        "utm_easting": 446842.8393896571,
        "utm_northing": 4890021.335418136
      }
    },
    {
      "type": "Feature",
      "geometry": {
        "type": "Point",
        "coordinates": [
          446945.4343638877,
          4890068.085401611
        ]
      },
      "properties": {
        "longtitude": 8.336451666666667,
        "depth": 3.185,
        "temperature": 0.0,
        "time": 1782050407000,
        "timestamp": "2026-06-21T14:00:07",
        "water_level": 0.06,
        "nearest_tide_timestamp": "2026-06-21T14:00:00",
        "tide_correction": 3.245,
        "dataset": "training",
        "utm_epsg": 32632,
        "utm_easting": 446945.4343638877,
        "utm_northing": 4890068.085401611
      }
    },
    {
      "type": "Feature",
      "geometry": {
        "type": "Point",
        "coordinates": [
          446894.9993194301,
          4890060.717054021
        ]
      },
      "properties": {
        "longtitude": 8.335821666666668,
        "depth": 1.977,
        "temperature": 0.0,
        "time": 1782050602000,
        "timestamp": "2026-06-21T14:03:22",
        "water_level": 0.06,
        "nearest_tide_timestamp": "2026-06-21T14:00:00",
        "tide_correction": 2.037,
        "dataset": "training",
        "utm_epsg": 32632,
        "utm_easting": 446894.9993194301,
        "utm_northing": 4890060.717054021
      }
    },
    {
      "type": "Feature",
      "geometry": {
        "type": "Point",
        "coordinates": [
          446869.3282558078,
          4890033.895348372
        ]
      },
      "properties": {
        "longtitude": 8.335503333333332,
        "depth": 3.049,
        "temperature": 0.0,
        "time": 1782050268000,
        "timestamp": "2026-06-21T13:57:48",
        "water_level": 0.06334018264840183,
        "nearest_tide_timestamp": "2026-06-21T14:00:00",
        "tide_correction": 3.112340182648402,
        "dataset": "training",
        "utm_epsg": 32632,
        "utm_easting": 446869.3282558078,
        "utm_northing": 4890033.895348372
      }
    },
    {
      "type": "Feature",
      "geometry": {
        "type": "Point",
        "coordinates": [
          446892.05302611674,
          4890025.936275508
        ]
      },
      "properties": {
        "longtitude": 8.335788333333333,
        "depth": 3.642,
        "temperature": 0.0,
        "time": 1782050305000,
        "timestamp": "2026-06-21T13:58:25",
        "water_level": 0.06241095890410959,
        "nearest_tide_timestamp": "2026-06-21T14:00:00",
        "tide_correction": 3.7044109589041097,
        "dataset": "training",
        "utm_epsg": 32632,
        "utm_easting": 446892.05302611674,
        "utm_northing": 4890025.936275508
      }
    },
    {
      "type": "Feature",
      "geometry": {
        "type": "Point",
        "coordinates": [
          446825.2354330449,
          4890052.764852781
        ]
      },
      "properties": {
        "longtitude": 8.33495,
        "depth": 0.801,
        "temperature": 0.0,
        "time": 1782050857000,
        "timestamp": "2026-06-21T14:07:37",
        "water_level": 0.06,
        "nearest_tide_timestamp": "2026-06-21T14:10:00",
        "tide_correction": 0.861,
        "dataset": "training",
        "utm_epsg": 32632,
        "utm_easting": 446825.2354330449,
        "utm_northing": 4890052.764852781
      }
    },
    {
      "type": "Feature",
      "geometry": {
        "type": "Point",
        "coordinates": [
          446823.64080132364,
          4890053.3331410475
        ]
      },
      "properties": {
        "longtitude": 8.334930000000002,
        "depth": 0.239,
        "temperature": 0.0,
        "time": 1782050112000,
        "timestamp": "2026-06-21T13:55:12",
        "water_level": 0.06723287671232876,
        "nearest_tide_timestamp": "2026-06-21T14:00:00",
        "tide_correction": 0.30623287671232874,
        "dataset": "training",
        "utm_epsg": 32632,
        "utm_easting": 446823.64080132364,
        "utm_northing": 4890053.3331410475
      }
    },
    {
      "type": "Feature",
      "geometry": {
        "type": "Point",
        "coordinates": [
          446824.56913178193,
          4890052.770241207
        ]
      },
      "properties": {
        "longtitude": 8.334941666666667,
        "depth": 0.604,
        "temperature": 0.0,
        "time": 1782050087000,
        "timestamp": "2026-06-21T13:54:47",
        "water_level": 0.0678607305936073,
        "nearest_tide_timestamp": "2026-06-21T13:50:00",
        "tide_correction": 0.6718607305936073,
        "dataset": "training",
        "utm_epsg": 32632,
        "utm_easting": 446824.56913178193,
        "utm_northing": 4890052.770241207
      }
    },
    {
      "type": "Feature",
      "geometry": {
        "type": "Point",
        "coordinates": [
          446833.4661353765,
          4890048.810550407
        ]
      },
      "properties": {
        "longtitude": 8.335053333333333,
        "depth": 1.478,
        "temperature": 0.0,
        "time": 1782050741000,
        "timestamp": "2026-06-21T14:05:41",
        "water_level": 0.06,
        "nearest_tide_timestamp": "2026-06-21T14:10:00",
        "tide_correction": 1.538,
        "dataset": "training",
        "utm_epsg": 32632,
        "utm_easting": 446833.4661353765,
        "utm_northing": 4890048.810550407
      }
    },
    {
      "type": "Feature",
      "geometry": {
        "type": "Point",
        "coordinates": [
          446822.700493986,
          4890052.4150918685
        ]
      },
      "properties": {
        "longtitude": 8.334918333333333,
        "depth": 1.197,
        "temperature": 0.0,
        "time": 1782049997000,
        "timestamp": "2026-06-21T13:53:17",
        "water_level": 0.06971917808219177,
        "nearest_tide_timestamp": "2026-06-21T13:50:00",
        "tide_correction": 1.2667191780821918,
        "dataset": "training",
        "utm_epsg": 32632,
        "utm_easting": 446822.700493986,
        "utm_northing": 4890052.4150918685
      }
    },
    {
      "type": "Feature",
      "geometry": {
        "type": "Point",
        "coordinates": [
          446900.8631870757,
          4890027.7164306585
        ]
      },
      "properties": {
        "longtitude": 8.335898333333335,
        "depth": 3.934,
        "temperature": 0.0,
        "time": 1782050317000,
        "timestamp": "2026-06-21T13:58:37",
        "water_level": 0.06210958904109588,
        "nearest_tide_timestamp": "2026-06-21T14:00:00",
        "tide_correction": 3.996109589041096,
        "dataset": "training",
        "utm_epsg": 32632,
        "utm_easting": 446900.8631870757,
        "utm_northing": 4890027.7164306585
      }
    },
    {
      "type": "Feature",
      "geometry": {
        "type": "Point",
        "coordinates": [
          446835.34225742106,
          4890050.091296021
        ]
      },
      "properties": {
        "longtitude": 8.335076666666668,
        "depth": 1.561,
        "temperature": 0.0,
        "time": 1782050819000,
        "timestamp": "2026-06-21T14:06:59",
        "water_level": 0.06,
        "nearest_tide_timestamp": "2026-06-21T14:10:00",
        "tide_correction": 1.621,
        "dataset": "training",
        "utm_epsg": 32632,
        "utm_easting": 446835.34225742106,
        "utm_northing": 4890050.091296021
      }
    },
    {
      "type": "Feature",
      "geometry": {
        "type": "Point",
        "coordinates": [
          446823.7725644653,
          4890053.146944692
        ]
      },
      "properties": {
        "longtitude": 8.334931666666668,
        "depth": 0.687,
        "temperature": 0.0,
        "time": 1782050105000,
        "timestamp": "2026-06-21T13:55:05",
        "water_level": 0.06740867579908676,
        "nearest_tide_timestamp": "2026-06-21T14:00:00",
        "tide_correction": 0.7544086757990868,
        "dataset": "training",
        "utm_epsg": 32632,
        "utm_easting": 446823.7725644653,
        "utm_northing": 4890053.146944692
      }
    },
    {
      "type": "Feature",
      "geometry": {
        "type": "Point",
        "coordinates": [
          446955.1067356635,
          4890077.634160672
        ]
      },
      "properties": {
        "longtitude": 8.336571666666666,
        "depth": 3.216,
        "temperature": 0.0,
        "time": 1782050434000,
        "timestamp": "2026-06-21T14:00:34",
        "water_level": 0.06,
        "nearest_tide_timestamp": "2026-06-21T14:00:00",
        "tide_correction": 3.2760000000000002,
        "dataset": "training",
        "utm_epsg": 32632,
        "utm_easting": 446955.1067356635,
        "utm_northing": 4890077.634160672
      }
    },
    {
      "type": "Feature",
      "geometry": {
        "type": "Point",
        "coordinates": [
          446926.6136124276,
          4890047.872911525
        ]
      },
      "properties": {
        "longtitude": 8.336218333333333,
        "depth": 3.611,
        "temperature": 0.0,
        "time": 1782050363000,
        "timestamp": "2026-06-21T13:59:23",
        "water_level": 0.060954337899543375,
        "nearest_tide_timestamp": "2026-06-21T14:00:00",
        "tide_correction": 3.6719543378995434,
        "dataset": "training",
        "utm_epsg": 32632,
        "utm_easting": 446926.6136124276,
        "utm_northing": 4890047.872911525
      }
    },
    {
      "type": "Feature",
      "geometry": {
        "type": "Point",
        "coordinates": [
          446924.9915318218,
          4890078.062309729
        ]
      },
      "properties": {
        "longtitude": 8.336195,
        "depth": 2.154,
        "temperature": 0.0,
        "time": 1782050542000,
        "timestamp": "2026-06-21T14:02:22",
        "water_level": 0.06,
        "nearest_tide_timestamp": "2026-06-21T14:00:00",
        "tide_correction": 2.214,
        "dataset": "training",
        "utm_epsg": 32632,
        "utm_easting": 446924.9915318218,
        "utm_northing": 4890078.062309729
      }
    },
    {
      "type": "Feature",
      "geometry": {
        "type": "Point",
        "coordinates": [
          446878.3735273861,
          4890031.785828467
        ]
      },
      "properties": {
        "longtitude": 8.335616666666665,
        "depth": 3.32,
        "temperature": 0.0,
        "time": 1782050284000,
        "timestamp": "2026-06-21T13:58:04",
        "water_level": 0.06293835616438356,
        "nearest_tide_timestamp": "2026-06-21T14:00:00",
        "tide_correction": 3.3829383561643835,
        "dataset": "training",
        "utm_epsg": 32632,
        "utm_easting": 446878.3735273861,
        "utm_northing": 4890031.785828467
      }
    },
    {
      "type": "Feature",
      "geometry": {
        "type": "Point",
        "coordinates": [
          446822.32167317986,
          4890055.009986089
        ]
      },
      "properties": {
        "longtitude": 8.334913333333333,
        "depth": 0.708,
        "temperature": 0.0,
        "time": 1782049966000,
        "timestamp": "2026-06-21T13:52:46",
        "water_level": 0.07049771689497716,
        "nearest_tide_timestamp": "2026-06-21T13:50:00",
        "tide_correction": 0.7784977168949772,
        "dataset": "training",
        "utm_epsg": 32632,
        "utm_easting": 446822.32167317986,
        "utm_northing": 4890055.009986089
      }
    },
    {
      "type": "Feature",
      "geometry": {
        "type": "Point",
        "coordinates": [
          446836.12535500457,
          4890048.04852616
        ]
      },
      "properties": {
        "longtitude": 8.335086666666665,
        "depth": 1.467,
        "temperature": 0.0,
        "time": 1782050710000,
        "timestamp": "2026-06-21T14:05:10",
        "water_level": 0.06,
        "nearest_tide_timestamp": "2026-06-21T14:10:00",
        "tide_correction": 1.5270000000000001,
        "dataset": "training",
        "utm_epsg": 32632,
        "utm_easting": 446836.12535500457,
        "utm_northing": 4890048.04852616
      }
    },
    {
      "type": "Feature",
      "geometry": {
        "type": "Point",
        "coordinates": [
          446835.6072812661,
          4890049.904022436
        ]
      },
      "properties": {
        "longtitude": 8.33508,
        "depth": 1.696,
        "temperature": 0.0,
        "time": 1782050799000,
        "timestamp": "2026-06-21T14:06:39",
        "water_level": 0.06,
        "nearest_tide_timestamp": "2026-06-21T14:10:00",
        "tide_correction": 1.756,
        "dataset": "training",
        "utm_epsg": 32632,
        "utm_easting": 446835.6072812661,
        "utm_northing": 4890049.904022436
      }
    },
    {
      "type": "Feature",
      "geometry": {
        "type": "Point",
        "coordinates": [
          446836.52513604355,
          4890048.045293802
        ]
      },
      "properties": {
        "longtitude": 8.335091666666667,
        "depth": 1.415,
        "temperature": 0.0,
        "time": 1782050709000,
        "timestamp": "2026-06-21T14:05:09",
        "water_level": 0.06,
        "nearest_tide_timestamp": "2026-06-21T14:10:00",
        "tide_correction": 1.475,
        "dataset": "training",
        "utm_epsg": 32632,
        "utm_easting": 446836.52513604355,
        "utm_northing": 4890048.045293802
      }
    },
    {
      "type": "Feature",
      "geometry": {
        "type": "Point",
        "coordinates": [
          446930.63831606536,
          4890051.172779603
        ]
      },
      "properties": {
        "longtitude": 8.336268333333333,
        "depth": 3.361,
        "temperature": 0.0,
        "time": 1782050371000,
        "timestamp": "2026-06-21T13:59:31",
        "water_level": 0.06075342465753424,
        "nearest_tide_timestamp": "2026-06-21T14:00:00",
        "tide_correction": 3.4217534246575343,
        "dataset": "training",
        "utm_epsg": 32632,
        "utm_easting": 446930.63831606536,
        "utm_northing": 4890051.172779603
      }
    },
    {
      "type": "Feature",
      "geometry": {
        "type": "Point",
        "coordinates": [
          446946.6438340145,
          4890085.848190071
        ]
      },
      "properties": {
        "longtitude": 8.336465,
        "depth": 2.862,
        "temperature": 0.0,
        "time": 1782050501000,
        "timestamp": "2026-06-21T14:01:41",
        "water_level": 0.06,
        "nearest_tide_timestamp": "2026-06-21T14:00:00",
        "tide_correction": 2.922,
        "dataset": "training",
        "utm_epsg": 32632,
        "utm_easting": 446946.6438340145,
        "utm_northing": 4890085.848190071
      }
    },
    {
      "type": "Feature",
      "geometry": {
        "type": "Point",
        "coordinates": [
          446840.3881894561,
          4890047.828930285
        ]
      },
      "properties": {
        "longtitude": 8.335139999999999,
        "depth": 1.29,
        "temperature": 0.0,
        "time": 1782050701000,
        "timestamp": "2026-06-21T14:05:01",
        "water_level": 0.06,
        "nearest_tide_timestamp": "2026-06-21T14:10:00",
        "tide_correction": 1.35,
        "dataset": "training",
        "utm_epsg": 32632,
        "utm_easting": 446840.3881894561,
        "utm_northing": 4890047.828930285
      }
    },
    {
      "type": "Feature",
      "geometry": {
        "type": "Point",
        "coordinates": [
          446822.71247102297,
          4890053.896041021
        ]
      },
      "properties": {
        "longtitude": 8.334918333333333,
        "depth": 1.218,
        "temperature": 0.0,
        "time": 1782049985000,
        "timestamp": "2026-06-21T13:53:05",
        "water_level": 0.07002054794520547,
        "nearest_tide_timestamp": "2026-06-21T13:50:00",
        "tide_correction": 1.2880205479452054,
        "dataset": "training",
        "utm_epsg": 32632,
        "utm_easting": 446822.71247102297,
        "utm_northing": 4890053.896041021
      }
    },
    {
      "type": "Feature",
      "geometry": {
        "type": "Point",
        "coordinates": [
          446823.8908537542,
          4890051.294680553
        ]
      },
      "properties": {
        "longtitude": 8.334933333333334,
        "depth": 0.791,
        "temperature": 0.0,
        "time": 1782050139000,
        "timestamp": "2026-06-21T13:55:39",
        "water_level": 0.06657990867579908,
        "nearest_tide_timestamp": "2026-06-21T14:00:00",
        "tide_correction": 0.8575799086757991,
        "dataset": "training",
        "utm_epsg": 32632,
        "utm_easting": 446823.8908537542,
        "utm_northing": 4890051.294680553
      }
    },
    {
      "type": "Feature",
      "geometry": {
        "type": "Point",
        "coordinates": [
          446834.0591390996,
          4890023.257713231
        ]
      },
      "properties": {
        "longtitude": 8.335063333333332,
        "depth": 2.924,
        "temperature": 0.0,
        "time": 1782050209000,
        "timestamp": "2026-06-21T13:56:49",
        "water_level": 0.06482191780821918,
        "nearest_tide_timestamp": "2026-06-21T14:00:00",
        "tide_correction": 2.988821917808219,
        "dataset": "training",
        "utm_epsg": 32632,
        "utm_easting": 446834.0591390996,
        "utm_northing": 4890023.257713231
      }
    },
    {
      "type": "Feature",
      "geometry": {
        "type": "Point",
        "coordinates": [
          446833.59340842476,
          4890048.068998328
        ]
      },
      "properties": {
        "longtitude": 8.335055,
        "depth": 1.53,
        "temperature": 0.0,
        "time": 1782050729000,
        "timestamp": "2026-06-21T14:05:29",
        "water_level": 0.06,
        "nearest_tide_timestamp": "2026-06-21T14:10:00",
        "tide_correction": 1.59,
        "dataset": "training",
        "utm_epsg": 32632,
        "utm_easting": 446833.59340842476,
        "utm_northing": 4890048.068998328
      }
    },
    {
      "type": "Feature",
      "geometry": {
        "type": "Point",
        "coordinates": [
          446904.36489587376,
          4890065.26968817
        ]
      },
      "properties": {
        "longtitude": 8.335938333333333,
        "depth": 1.998,
        "temperature": 0.0,
        "time": 1782050582000,
        "timestamp": "2026-06-21T14:03:02",
        "water_level": 0.06,
        "nearest_tide_timestamp": "2026-06-21T14:00:00",
        "tide_correction": 2.058,
        "dataset": "training",
        "utm_epsg": 32632,
        "utm_easting": 446904.36489587376,
        "utm_northing": 4890065.26968817
      }
    },
    {
      "type": "Feature",
      "geometry": {
        "type": "Point",
        "coordinates": [
          446863.8704344544,
          4890051.156609128
        ]
      },
      "properties": {
        "longtitude": 8.335433333333333,
        "depth": 2.175,
        "temperature": 0.0,
        "time": 1782050658000,
        "timestamp": "2026-06-21T14:04:18",
        "water_level": 0.06,
        "nearest_tide_timestamp": "2026-06-21T14:00:00",
        "tide_correction": 2.235,
        "dataset": "training",
        "utm_epsg": 32632,
        "utm_easting": 446863.8704344544,
        "utm_northing": 4890051.156609128
      }
    },
    {
      "type": "Feature",
      "geometry": {
        "type": "Point",
        "coordinates": [
          446834.26569736435,
          4890048.804085391
        ]
      },
      "properties": {
        "longtitude": 8.335063333333332,
        "depth": 1.561,
        "temperature": 0.0,
        "time": 1782050756000,
        "timestamp": "2026-06-21T14:05:56",
        "water_level": 0.06,
        "nearest_tide_timestamp": "2026-06-21T14:10:00",
        "tide_correction": 1.621,
        "dataset": "training",
        "utm_epsg": 32632,
        "utm_easting": 446834.26569736435,
        "utm_northing": 4890048.804085391
      }
    },
    {
      "type": "Feature",
      "geometry": {
        "type": "Point",
        "coordinates": [
          446823.90732180624,
          4890053.330985631
        ]
      },
      "properties": {
        "longtitude": 8.334933333333334,
        "depth": 0.156,
        "temperature": 0.0,
        "time": 1782050118000,
        "timestamp": "2026-06-21T13:55:18",
        "water_level": 0.06710730593607306,
        "nearest_tide_timestamp": "2026-06-21T14:00:00",
        "tide_correction": 0.22310730593607306,
        "dataset": "training",
        "utm_epsg": 32632,
        "utm_easting": 446823.90732180624,
        "utm_northing": 4890053.330985631
      }
    },
    {
      "type": "Feature",
      "geometry": {
        "type": "Point",
        "coordinates": [
          446858.3589931381,
          4890028.800331689
        ]
      },
      "properties": {
        "longtitude": 8.335366666666665,
        "depth": 3.486,
        "temperature": 0.0,
        "time": 1782050251000,
        "timestamp": "2026-06-21T13:57:31",
        "water_level": 0.06376712328767123,
        "nearest_tide_timestamp": "2026-06-21T14:00:00",
        "tide_correction": 3.5497671232876713,
        "dataset": "training",
        "utm_epsg": 32632,
        "utm_easting": 446858.3589931381,
        "utm_northing": 4890028.800331689
      }
    },
    {
      "type": "Feature",
      "geometry": {
        "type": "Point",
        "coordinates": [
          446835.6072812661,
          4890049.904022436
        ]
      },
      "properties": {
        "longtitude": 8.33508,
        "depth": 1.613,
        "temperature": 0.0,
        "time": 1782050814000,
        "timestamp": "2026-06-21T14:06:54",
        "water_level": 0.06,
        "nearest_tide_timestamp": "2026-06-21T14:10:00",
        "tide_correction": 1.673,
        "dataset": "training",
        "utm_epsg": 32632,
        "utm_easting": 446835.6072812661,
        "utm_northing": 4890049.904022436
      }
    },
    {
      "type": "Feature",
      "geometry": {
        "type": "Point",
        "coordinates": [
          446822.326164604,
          4890055.565342022
        ]
      },
      "properties": {
        "longtitude": 8.334913333333333,
        "depth": 0.749,
        "temperature": 0.0,
        "time": 1782049964000,
        "timestamp": "2026-06-21T13:52:44",
        "water_level": 0.07054794520547944,
        "nearest_tide_timestamp": "2026-06-21T13:50:00",
        "tide_correction": 0.8195479452054795,
        "dataset": "training",
        "utm_epsg": 32632,
        "utm_easting": 446822.326164604,
        "utm_northing": 4890055.565342022
      }
    },
    {
      "type": "Feature",
      "geometry": {
        "type": "Point",
        "coordinates": [
          446824.1678539358,
          4890052.58835565
        ]
      },
      "properties": {
        "longtitude": 8.334936666666666,
        "depth": 0.957,
        "temperature": 0.0,
        "time": 1782050090000,
        "timestamp": "2026-06-21T13:54:50",
        "water_level": 0.06778538812785388,
        "nearest_tide_timestamp": "2026-06-21T13:50:00",
        "tide_correction": 1.024785388127854,
        "dataset": "training",
        "utm_epsg": 32632,
        "utm_easting": 446824.1678539358,
        "utm_northing": 4890052.58835565
      }
    },
    {
      "type": "Feature",
      "geometry": {
        "type": "Point",
        "coordinates": [
          446879.566891329,
          4890031.035664649
        ]
      },
      "properties": {
        "longtitude": 8.335631666666666,
        "depth": 3.309,
        "temperature": 0.0,
        "time": 1782050286000,
        "timestamp": "2026-06-21T13:58:06",
        "water_level": 0.06288812785388127,
        "nearest_tide_timestamp": "2026-06-21T14:00:00",
        "tide_correction": 3.3718881278538815,
        "dataset": "training",
        "utm_epsg": 32632,
        "utm_easting": 446879.566891329,
        "utm_northing": 4890031.035664649
      }
    },
    {
      "type": "Feature",
      "geometry": {
        "type": "Point",
        "coordinates": [
          446837.2379423055,
          4890020.825311893
        ]
      },
      "properties": {
        "longtitude": 8.335103333333333,
        "depth": 3.601,
        "temperature": 0.0,
        "time": 1782050219000,
        "timestamp": "2026-06-21T13:56:59",
        "water_level": 0.06457077625570776,
        "nearest_tide_timestamp": "2026-06-21T14:00:00",
        "tide_correction": 3.665570776255708,
        "dataset": "training",
        "utm_epsg": 32632,
        "utm_easting": 446837.2379423055,
        "utm_northing": 4890020.825311893
      }
    },
    {
      "type": "Feature",
      "geometry": {
        "type": "Point",
        "coordinates": [
          446856.26262911124,
          4890049.737047394
        ]
      },
      "properties": {
        "longtitude": 8.335338333333334,
        "depth": 2.133,
        "temperature": 0.0,
        "time": 1782050671000,
        "timestamp": "2026-06-21T14:04:31",
        "water_level": 0.06,
        "nearest_tide_timestamp": "2026-06-21T14:00:00",
        "tide_correction": 2.193,
        "dataset": "training",
        "utm_epsg": 32632,
        "utm_easting": 446856.26262911124,
        "utm_northing": 4890049.737047394
      }
    },
    {
      "type": "Feature",
      "geometry": {
        "type": "Point",
        "coordinates": [
          446825.3612080256,
          4890051.838181887
        ]
      },
      "properties": {
        "longtitude": 8.334951666666665,
        "depth": 0.926,
        "temperature": 0.0,
        "time": 1782050855000,
        "timestamp": "2026-06-21T14:07:35",
        "water_level": 0.06,
        "nearest_tide_timestamp": "2026-06-21T14:10:00",
        "tide_correction": 0.986,
        "dataset": "training",
        "utm_epsg": 32632,
        "utm_easting": 446825.3612080256,
        "utm_northing": 4890051.838181887
      }
    },
    {
      "type": "Feature",
      "geometry": {
        "type": "Point",
        "coordinates": [
          446825.2159712917,
          4890050.358310416
        ]
      },
      "properties": {
        "longtitude": 8.33495,
        "depth": 0.916,
        "temperature": 0.0,
        "time": 1782050154000,
        "timestamp": "2026-06-21T13:55:54",
        "water_level": 0.06620319634703196,
        "nearest_tide_timestamp": "2026-06-21T14:00:00",
        "tide_correction": 0.982203196347032,
        "dataset": "training",
        "utm_epsg": 32632,
        "utm_easting": 446825.2159712917,
        "utm_northing": 4890050.358310416
      }
    },
    {
      "type": "Feature",
      "geometry": {
        "type": "Point",
        "coordinates": [
          446824.7083803278,
          4890053.509638092
        ]
      },
      "properties": {
        "longtitude": 8.334943333333333,
        "depth": 0.333,
        "temperature": 0.0,
        "time": 1782050071000,
        "timestamp": "2026-06-21T13:54:31",
        "water_level": 0.06808675799086758,
        "nearest_tide_timestamp": "2026-06-21T13:50:00",
        "tide_correction": 0.40108675799086757,
        "dataset": "training",
        "utm_epsg": 32632,
        "utm_easting": 446824.7083803278,
        "utm_northing": 4890053.509638092
      }
    },
    {
      "type": "Feature",
      "geometry": {
        "type": "Point",
        "coordinates": [
          446929.15097199165,
          4890081.546219893
        ]
      },
      "properties": {
        "longtitude": 8.336246666666666,
        "depth": 2.238,
        "temperature": 0.0,
        "time": 1782050533000,
        "timestamp": "2026-06-21T14:02:13",
        "water_level": 0.06,
        "nearest_tide_timestamp": "2026-06-21T14:00:00",
        "tide_correction": 2.298,
        "dataset": "training",
        "utm_epsg": 32632,
        "utm_easting": 446929.15097199165,
        "utm_northing": 4890081.546219893
      }
    },
    {
      "type": "Feature",
      "geometry": {
        "type": "Point",
        "coordinates": [
          446824.5511668612,
          4890050.548817485
        ]
      },
      "properties": {
        "longtitude": 8.334941666666667,
        "depth": 1.041,
        "temperature": 0.0,
        "time": 1782050144000,
        "timestamp": "2026-06-21T13:55:44",
        "water_level": 0.06645433789954337,
        "nearest_tide_timestamp": "2026-06-21T14:00:00",
        "tide_correction": 1.1074543378995434,
        "dataset": "training",
        "utm_epsg": 32632,
        "utm_easting": 446824.5511668612,
        "utm_northing": 4890050.548817485
      }
    },
    {
      "type": "Feature",
      "geometry": {
        "type": "Point",
        "coordinates": [
          446867.32037121244,
          4890032.800788571
        ]
      },
      "properties": {
        "longtitude": 8.335478333333333,
        "depth": 3.361,
        "temperature": 0.0,
        "time": 1782050265000,
        "timestamp": "2026-06-21T13:57:45",
        "water_level": 0.06341552511415524,
        "nearest_tide_timestamp": "2026-06-21T14:00:00",
        "tide_correction": 3.4244155251141555,
        "dataset": "training",
        "utm_epsg": 32632,
        "utm_easting": 446867.32037121244,
        "utm_northing": 4890032.800788571
      }
    },
    {
      "type": "Feature",
      "geometry": {
        "type": "Point",
        "coordinates": [
          446829.61954897246,
          4890051.063223075
        ]
      },
      "properties": {
        "longtitude": 8.335004999999999,
        "depth": 1.363,
        "temperature": 0.0,
        "time": 1782050846000,
        "timestamp": "2026-06-21T14:07:26",
        "water_level": 0.06,
        "nearest_tide_timestamp": "2026-06-21T14:10:00",
        "tide_correction": 1.423,
        "dataset": "training",
        "utm_epsg": 32632,
        "utm_easting": 446829.61954897246,
        "utm_northing": 4890051.063223075
      }
    },
    {
      "type": "Feature",
      "geometry": {
        "type": "Point",
        "coordinates": [
          446884.7053948202,
          4890056.727324309
        ]
      },
      "properties": {
        "longtitude": 8.335693333333333,
        "depth": 2.238,
        "temperature": 0.0,
        "time": 1782050621000,
        "timestamp": "2026-06-21T14:03:41",
        "water_level": 0.06,
        "nearest_tide_timestamp": "2026-06-21T14:00:00",
        "tide_correction": 2.298,
        "dataset": "training",
        "utm_epsg": 32632,
        "utm_easting": 446884.7053948202,
        "utm_northing": 4890056.727324309
      }
    },
    {
      "type": "Feature",
      "geometry": {
        "type": "Point",
        "coordinates": [
          446878.0289265618,
          4890055.115083576
        ]
      },
      "properties": {
        "longtitude": 8.33561,
        "depth": 2.425,
        "temperature": 0.0,
        "time": 1782050632000,
        "timestamp": "2026-06-21T14:03:52",
        "water_level": 0.06,
        "nearest_tide_timestamp": "2026-06-21T14:00:00",
        "tide_correction": 2.485,
        "dataset": "training",
        "utm_epsg": 32632,
        "utm_easting": 446878.0289265618,
        "utm_northing": 4890055.115083576
      }
    },
    {
      "type": "Feature",
      "geometry": {
        "type": "Point",
        "coordinates": [
          446849.19235084474,
          4890048.868541572
        ]
      },
      "properties": {
        "longtitude": 8.33525,
        "depth": 1.832,
        "temperature": 0.0,
        "time": 1782050684000,
        "timestamp": "2026-06-21T14:04:44",
        "water_level": 0.06,
        "nearest_tide_timestamp": "2026-06-21T14:00:00",
        "tide_correction": 1.8920000000000001,
        "dataset": "training",
        "utm_epsg": 32632,
        "utm_easting": 446849.19235084474,
        "utm_northing": 4890048.868541572
      }
    },
    {
      "type": "Feature",
      "geometry": {
        "type": "Point",
        "coordinates": [
          446836.26609908004,
          4890048.973041917
        ]
      },
      "properties": {
        "longtitude": 8.335088333333335,
        "depth": 1.488,
        "temperature": 0.0,
        "time": 1782050788000,
        "timestamp": "2026-06-21T14:06:28",
        "water_level": 0.06,
        "nearest_tide_timestamp": "2026-06-21T14:10:00",
        "tide_correction": 1.548,
        "dataset": "training",
        "utm_epsg": 32632,
        "utm_easting": 446836.26609908004,
        "utm_northing": 4890048.973041917
      }
    },
    {
      "type": "Feature",
      "geometry": {
        "type": "Point",
        "coordinates": [
          446959.586437635,
          4890087.780211267
        ]
      },
      "properties": {
        "longtitude": 8.336626666666666,
        "depth": 3.164,
        "temperature": 0.0,
        "time": 1782050481000,
        "timestamp": "2026-06-21T14:01:21",
        "water_level": 0.06,
        "nearest_tide_timestamp": "2026-06-21T14:00:00",
        "tide_correction": 3.224,
        "dataset": "training",
        "utm_epsg": 32632,
        "utm_easting": 446959.586437635,
        "utm_northing": 4890087.780211267
      }
    },
    {
      "type": "Feature",
      "geometry": {
        "type": "Point",
        "coordinates": [
          446826.04098270397,
          4890053.498861334
        ]
      },
      "properties": {
        "longtitude": 8.33496,
        "depth": 1.218,
        "temperature": 0.0,
        "time": 1782050874000,
        "timestamp": "2026-06-21T14:07:54",
        "water_level": 0.06,
        "nearest_tide_timestamp": "2026-06-21T14:10:00",
        "tide_correction": 1.278,
        "dataset": "training",
        "utm_epsg": 32632,
        "utm_easting": 446826.04098270397,
        "utm_northing": 4890053.498861334
      }
    },
    {
      "type": "Feature",
      "geometry": {
        "type": "Point",
        "coordinates": [
          446823.10776035814,
          4890053.337451912
        ]
      },
      "properties": {
        "longtitude": 8.334923333333334,
        "depth": 1.124,
        "temperature": 0.0,
        "time": 1782049992000,
        "timestamp": "2026-06-21T13:53:12",
        "water_level": 0.06984474885844748,
        "nearest_tide_timestamp": "2026-06-21T13:50:00",
        "tide_correction": 1.1938447488584476,
        "dataset": "training",
        "utm_epsg": 32632,
        "utm_easting": 446823.10776035814,
        "utm_northing": 4890053.337451912
      }
    },
    {
      "type": "Feature",
      "geometry": {
        "type": "Point",
        "coordinates": [
          446835.6057845012,
          4890049.718903792
        ]
      },
      "properties": {
        "longtitude": 8.33508,
        "depth": 1.603,
        "temperature": 0.0,
        "time": 1782050802000,
        "timestamp": "2026-06-21T14:06:42",
        "water_level": 0.06,
        "nearest_tide_timestamp": "2026-06-21T14:10:00",
        "tide_correction": 1.663,
        "dataset": "training",
        "utm_epsg": 32632,
        "utm_easting": 446835.6057845012,
        "utm_northing": 4890049.718903792
      }
    },
    {
      "type": "Feature",
      "geometry": {
        "type": "Point",
        "coordinates": [
          446823.6348129104,
          4890052.592666472
        ]
      },
      "properties": {
        "longtitude": 8.334930000000002,
        "depth": 0.614,
        "temperature": 0.0,
        "time": 1782050121000,
        "timestamp": "2026-06-21T13:55:21",
        "water_level": 0.06703196347031963,
        "nearest_tide_timestamp": "2026-06-21T14:00:00",
        "tide_correction": 0.6810319634703196,
        "dataset": "training",
        "utm_epsg": 32632,
        "utm_easting": 446823.6348129104,
        "utm_northing": 4890052.592666472
      }
    },
    {
      "type": "Feature",
      "geometry": {
        "type": "Point",
        "coordinates": [
          446868.8055522501,
          4890051.67212179
        ]
      },
      "properties": {
        "longtitude": 8.335495,
        "depth": 2.685,
        "temperature": 0.0,
        "time": 1782050649000,
        "timestamp": "2026-06-21T14:04:09",
        "water_level": 0.06,
        "nearest_tide_timestamp": "2026-06-21T14:00:00",
        "tide_correction": 2.745,
        "dataset": "training",
        "utm_epsg": 32632,
        "utm_easting": 446868.8055522501,
        "utm_northing": 4890051.67212179
      }
    },
    {
      "type": "Feature",
      "geometry": {
        "type": "Point",
        "coordinates": [
          446823.8968421361,
          4890052.035155126
        ]
      },
      "properties": {
        "longtitude": 8.334933333333334,
        "depth": 0.874,
        "temperature": 0.0,
        "time": 1782050135000,
        "timestamp": "2026-06-21T13:55:35",
        "water_level": 0.06668036529680364,
        "nearest_tide_timestamp": "2026-06-21T14:00:00",
        "tide_correction": 0.9406803652968037,
        "dataset": "training",
        "utm_epsg": 32632,
        "utm_easting": 446823.8968421361,
        "utm_northing": 4890052.035155126
      }
    },
    {
      "type": "Feature",
      "geometry": {
        "type": "Point",
        "coordinates": [
          446822.05664991343,
          4890055.197260214
        ]
      },
      "properties": {
        "longtitude": 8.33491,
        "depth": 0.822,
        "temperature": 0.0,
        "time": 1782049963000,
        "timestamp": "2026-06-21T13:52:43",
        "water_level": 0.07057305936073059,
        "nearest_tide_timestamp": "2026-06-21T13:50:00",
        "tide_correction": 0.8925730593607305,
        "dataset": "training",
        "utm_epsg": 32632,
        "utm_easting": 446822.05664991343,
        "utm_northing": 4890055.197260214
      }
    },
    {
      "type": "Feature",
      "geometry": {
        "type": "Point",
        "coordinates": [
          446961.5868236643,
          4890087.949205801
        ]
      },
      "properties": {
        "longtitude": 8.336651666666667,
        "depth": 3.122,
        "temperature": 0.0,
        "time": 1782050475000,
        "timestamp": "2026-06-21T14:01:15",
        "water_level": 0.06,
        "nearest_tide_timestamp": "2026-06-21T14:00:00",
        "tide_correction": 3.182,
        "dataset": "training",
        "utm_epsg": 32632,
        "utm_easting": 446961.5868236643,
        "utm_northing": 4890087.949205801
      }
    },
    {
      "type": "Feature",
      "geometry": {
        "type": "Point",
        "coordinates": [
          446823.1032690031,
          4890052.782095982
        ]
      },
      "properties": {
        "longtitude": 8.334923333333334,
        "depth": 1.166,
        "temperature": 0.0,
        "time": 1782049995000,
        "timestamp": "2026-06-21T13:53:15",
        "water_level": 0.06976940639269406,
        "nearest_tide_timestamp": "2026-06-21T13:50:00",
        "tide_correction": 1.235769406392694,
        "dataset": "training",
        "utm_epsg": 32632,
        "utm_easting": 446823.1032690031,
        "utm_northing": 4890052.782095982
      }
    },
    {
      "type": "Feature",
      "geometry": {
        "type": "Point",
        "coordinates": [
          446825.90323134756,
          4890052.944583068
        ]
      },
      "properties": {
        "longtitude": 8.334958333333333,
        "depth": 1.176,
        "temperature": 0.0,
        "time": 1782050861000,
        "timestamp": "2026-06-21T14:07:41",
        "water_level": 0.06,
        "nearest_tide_timestamp": "2026-06-21T14:10:00",
        "tide_correction": 1.236,
        "dataset": "training",
        "utm_epsg": 32632,
        "utm_easting": 446825.90323134756,
        "utm_northing": 4890052.944583068
      }
    },
    {
      "type": "Feature",
      "geometry": {
        "type": "Point",
        "coordinates": [
          446834.27916858543,
          4890050.470153175
        ]
      },
      "properties": {
        "longtitude": 8.335063333333332,
        "depth": 0.978,
        "temperature": 0.0,
        "time": 1782050823000,
        "timestamp": "2026-06-21T14:07:03",
        "water_level": 0.06,
        "nearest_tide_timestamp": "2026-06-21T14:10:00",
        "tide_correction": 1.038,
        "dataset": "training",
        "utm_epsg": 32632,
        "utm_easting": 446834.27916858543,
        "utm_northing": 4890050.470153175
      }
    },
    {
      "type": "Feature",
      "geometry": {
        "type": "Point",
        "coordinates": [
          446959.9892027562,
          4890088.1472237
        ]
      },
      "properties": {
        "longtitude": 8.336631666666667,
        "depth": 3.226,
        "temperature": 0.0,
        "time": 1782050479000,
        "timestamp": "2026-06-21T14:01:19",
        "water_level": 0.06,
        "nearest_tide_timestamp": "2026-06-21T14:00:00",
        "tide_correction": 3.286,
        "dataset": "training",
        "utm_epsg": 32632,
        "utm_easting": 446959.9892027562,
        "utm_northing": 4890088.1472237
      }
    },
    {
      "type": "Feature",
      "geometry": {
        "type": "Point",
        "coordinates": [
          446898.3368014286,
          4890061.430622797
        ]
      },
      "properties": {
        "longtitude": 8.335863333333332,
        "depth": 2.539,
        "temperature": 0.0,
        "time": 1782050597000,
        "timestamp": "2026-06-21T14:03:17",
        "water_level": 0.06,
        "nearest_tide_timestamp": "2026-06-21T14:00:00",
        "tide_correction": 2.599,
        "dataset": "training",
        "utm_epsg": 32632,
        "utm_easting": 446898.3368014286,
        "utm_northing": 4890061.430622797
      }
    },
    {
      "type": "Feature",
      "geometry": {
        "type": "Point",
        "coordinates": [
          446959.41285913496,
          4890082.783082639
        ]
      },
      "properties": {
        "longtitude": 8.336625,
        "depth": 3.309,
        "temperature": 0.0,
        "time": 1782050444000,
        "timestamp": "2026-06-21T14:00:44",
        "water_level": 0.06,
        "nearest_tide_timestamp": "2026-06-21T14:00:00",
        "tide_correction": 3.369,
        "dataset": "training",
        "utm_epsg": 32632,
        "utm_easting": 446959.41285913496,
        "utm_northing": 4890082.783082639
      }
    },
    {
      "type": "Feature",
      "geometry": {
        "type": "Point",
        "coordinates": [
          446855.5515405963,
          4890027.712237528
        ]
      },
      "properties": {
        "longtitude": 8.335331666666667,
        "depth": 3.559,
        "temperature": 0.0,
        "time": 1782050247000,
        "timestamp": "2026-06-21T13:57:27",
        "water_level": 0.0638675799086758,
        "nearest_tide_timestamp": "2026-06-21T14:00:00",
        "tide_correction": 3.622867579908676,
        "dataset": "training",
        "utm_epsg": 32632,
        "utm_easting": 446855.5515405963,
        "utm_northing": 4890027.712237528
      }
    },
    {
      "type": "Feature",
      "geometry": {
        "type": "Point",
        "coordinates": [
          446910.53222181066,
          4890069.848157669
        ]
      },
      "properties": {
        "longtitude": 8.336015,
        "depth": 1.946,
        "temperature": 0.0,
        "time": 1782050569000,
        "timestamp": "2026-06-21T14:02:49",
        "water_level": 0.06,
        "nearest_tide_timestamp": "2026-06-21T14:00:00",
        "tide_correction": 2.006,
        "dataset": "training",
        "utm_epsg": 32632,
        "utm_easting": 446910.53222181066,
        "utm_northing": 4890069.848157669
      }
    },
    {
      "type": "Feature",
      "geometry": {
        "type": "Point",
        "coordinates": [
          446830.1331652844,
          4890032.17573383
        ]
      },
      "properties": {
        "longtitude": 8.335013333333334,
        "depth": 2.997,
        "temperature": 0.0,
        "time": 1782050189000,
        "timestamp": "2026-06-21T13:56:29",
        "water_level": 0.06532420091324201,
        "nearest_tide_timestamp": "2026-06-21T14:00:00",
        "tide_correction": 3.062324200913242,
        "dataset": "training",
        "utm_epsg": 32632,
        "utm_easting": 446830.1331652844,
        "utm_northing": 4890032.17573383
      }
    },
    {
      "type": "Feature",
      "geometry": {
        "type": "Point",
        "coordinates": [
          446823.1122517135,
          4890053.892807844
        ]
      },
      "properties": {
        "longtitude": 8.334923333333334,
        "depth": 0.822,
        "temperature": 0.0,
        "time": 1782049973000,
        "timestamp": "2026-06-21T13:52:53",
        "water_level": 0.07032191780821917,
        "nearest_tide_timestamp": "2026-06-21T13:50:00",
        "tide_correction": 0.8923219178082191,
        "dataset": "training",
        "utm_epsg": 32632,
        "utm_easting": 446823.1122517135,
        "utm_northing": 4890053.892807844
      }
    },
    {
      "type": "Feature",
      "geometry": {
        "type": "Point",
        "coordinates": [
          446848.9243338003,
          4890048.685577318
        ]
      },
      "properties": {
        "longtitude": 8.335246666666666,
        "depth": 1.863,
        "temperature": 0.0,
        "time": 1782050685000,
        "timestamp": "2026-06-21T14:04:45",
        "water_level": 0.06,
        "nearest_tide_timestamp": "2026-06-21T14:00:00",
        "tide_correction": 1.923,
        "dataset": "training",
        "utm_epsg": 32632,
        "utm_easting": 446848.9243338003,
        "utm_northing": 4890048.685577318
      }
    },
    {
      "type": "Feature",
      "geometry": {
        "type": "Point",
        "coordinates": [
          446941.9457054764,
          4890065.151460552
        ]
      },
      "properties": {
        "longtitude": 8.336408333333333,
        "depth": 3.434,
        "temperature": 0.0,
        "time": 1782050401000,
        "timestamp": "2026-06-21T14:00:01",
        "water_level": 0.06,
        "nearest_tide_timestamp": "2026-06-21T14:00:00",
        "tide_correction": 3.494,
        "dataset": "training",
        "utm_epsg": 32632,
        "utm_easting": 446941.9457054764,
        "utm_northing": 4890065.151460552
      }
    },
    {
      "type": "Feature",
      "geometry": {
        "type": "Point",
        "coordinates": [
          446831.22016929754,
          4890051.235410844
        ]
      },
      "properties": {
        "longtitude": 8.335025,
        "depth": 1.114,
        "temperature": 0.0,
        "time": 1782050842000,
        "timestamp": "2026-06-21T14:07:22",
        "water_level": 0.06,
        "nearest_tide_timestamp": "2026-06-21T14:10:00",
        "tide_correction": 1.1740000000000002,
        "dataset": "training",
        "utm_epsg": 32632,
        "utm_easting": 446831.22016929754,
        "utm_northing": 4890051.235410844
      }
    },
    {
      "type": "Feature",
      "geometry": {
        "type": "Point",
        "coordinates": [
          446907.55312957097,
          4890030.99476242
        ]
      },
      "properties": {
        "longtitude": 8.335981666666667,
        "depth": 3.715,
        "temperature": 0.0,
        "time": 1782050328000,
        "timestamp": "2026-06-21T13:58:48",
        "water_level": 0.06183333333333333,
        "nearest_tide_timestamp": "2026-06-21T14:00:00",
        "tide_correction": 3.7768333333333333,
        "dataset": "training",
        "utm_epsg": 32632,
        "utm_easting": 446907.55312957097,
        "utm_northing": 4890030.99476242
      }
    },
    {
      "type": "Feature",
      "geometry": {
        "type": "Point",
        "coordinates": [
          446831.18278495246,
          4890030.1308083
        ]
      },
      "properties": {
        "longtitude": 8.335026666666666,
        "depth": 3.06,
        "temperature": 0.0,
        "time": 1782050193000,
        "timestamp": "2026-06-21T13:56:33",
        "water_level": 0.06522374429223744,
        "nearest_tide_timestamp": "2026-06-21T14:00:00",
        "tide_correction": 3.1252237442922377,
        "dataset": "training",
        "utm_epsg": 32632,
        "utm_easting": 446831.18278495246,
        "utm_northing": 4890030.1308083
      }
    },
    {
      "type": "Feature",
      "geometry": {
        "type": "Point",
        "coordinates": [
          446822.8472283792,
          4890054.080081936
        ]
      },
      "properties": {
        "longtitude": 8.33492,
        "depth": 0.791,
        "temperature": 0.0,
        "time": 1782049984000,
        "timestamp": "2026-06-21T13:53:04",
        "water_level": 0.07004566210045661,
        "nearest_tide_timestamp": "2026-06-21T13:50:00",
        "tide_correction": 0.8610456621004566,
        "dataset": "training",
        "utm_epsg": 32632,
        "utm_easting": 446822.8472283792,
        "utm_northing": 4890054.080081936
      }
    },
    {
      "type": "Feature",
      "geometry": {
        "type": "Point",
        "coordinates": [
          446825.23243892856,
          4890052.394615493
        ]
      },
      "properties": {
        "longtitude": 8.33495,
        "depth": 0.645,
        "temperature": 0.0,
        "time": 1782050856000,
        "timestamp": "2026-06-21T14:07:36",
        "water_level": 0.06,
        "nearest_tide_timestamp": "2026-06-21T14:10:00",
        "tide_correction": 0.7050000000000001,
        "dataset": "training",
        "utm_epsg": 32632,
        "utm_easting": 446825.23243892856,
        "utm_northing": 4890052.394615493
      }
    },
    {
      "type": "Feature",
      "geometry": {
        "type": "Point",
        "coordinates": [
          446913.4420070862,
          4890034.094437587
        ]
      },
      "properties": {
        "longtitude": 8.336055,
        "depth": 3.882,
        "temperature": 0.0,
        "time": 1782050338000,
        "timestamp": "2026-06-21T13:58:58",
        "water_level": 0.061582191780821915,
        "nearest_tide_timestamp": "2026-06-21T14:00:00",
        "tide_correction": 3.943582191780822,
        "dataset": "training",
        "utm_epsg": 32632,
        "utm_easting": 446913.4420070862,
        "utm_northing": 4890034.094437587
      }
    },
    {
      "type": "Feature",
      "geometry": {
        "type": "Point",
        "coordinates": [
          446954.8372293691,
          4890077.266073479
        ]
      },
      "properties": {
        "longtitude": 8.336568333333334,
        "depth": 3.268,
        "temperature": 0.0,
        "time": 1782050433000,
        "timestamp": "2026-06-21T14:00:33",
        "water_level": 0.06,
        "nearest_tide_timestamp": "2026-06-21T14:00:00",
        "tide_correction": 3.328,
        "dataset": "training",
        "utm_epsg": 32632,
        "utm_easting": 446954.8372293691,
        "utm_northing": 4890077.266073479
      }
    },
    {
      "type": "Feature",
      "geometry": {
        "type": "Point",
        "coordinates": [
          446824.97040960565,
          4890052.952126788
        ]
      },
      "properties": {
        "longtitude": 8.334946666666667,
        "depth": 0.801,
        "temperature": 0.0,
        "time": 1782050858000,
        "timestamp": "2026-06-21T14:07:38",
        "water_level": 0.06,
        "nearest_tide_timestamp": "2026-06-21T14:10:00",
        "tide_correction": 0.861,
        "dataset": "training",
        "utm_epsg": 32632,
        "utm_easting": 446824.97040960565,
        "utm_northing": 4890052.952126788
      }
    },
    {
      "type": "Feature",
      "geometry": {
        "type": "Point",
        "coordinates": [
          446833.9976798922,
          4890048.621121744
        ]
      },
      "properties": {
        "longtitude": 8.33506,
        "depth": 1.551,
        "temperature": 0.0,
        "time": 1782050749000,
        "timestamp": "2026-06-21T14:05:49",
        "water_level": 0.06,
        "nearest_tide_timestamp": "2026-06-21T14:10:00",
        "tide_correction": 1.611,
        "dataset": "training",
        "utm_epsg": 32632,
        "utm_easting": 446833.9976798922,
        "utm_northing": 4890048.621121744
      }
    },
    {
      "type": "Feature",
      "geometry": {
        "type": "Point",
        "coordinates": [
          446876.8236023728,
          4890054.384298589
        ]
      },
      "properties": {
        "longtitude": 8.335595000000001,
        "depth": 2.55,
        "temperature": 0.0,
        "time": 1782050634000,
        "timestamp": "2026-06-21T14:03:54",
        "water_level": 0.06,
        "nearest_tide_timestamp": "2026-06-21T14:00:00",
        "tide_correction": 2.61,
        "dataset": "training",
        "utm_epsg": 32632,
        "utm_easting": 446876.8236023728,
        "utm_northing": 4890054.384298589
      }
    },
    {
      "type": "Feature",
      "geometry": {
        "type": "Point",
        "coordinates": [
          446825.0647462568,
          4890048.137964382
        ]
      },
      "properties": {
        "longtitude": 8.334948333333333,
        "depth": 0.614,
        "temperature": 0.0,
        "time": 1782050158000,
        "timestamp": "2026-06-21T13:55:58",
        "water_level": 0.0661027397260274,
        "nearest_tide_timestamp": "2026-06-21T14:00:00",
        "tide_correction": 0.6801027397260274,
        "dataset": "training",
        "utm_epsg": 32632,
        "utm_easting": 446825.0647462568,
        "utm_northing": 4890048.137964382
      }
    },
    {
      "type": "Feature",
      "geometry": {
        "type": "Point",
        "coordinates": [
          446834.13094022725,
          4890048.620044245
        ]
      },
      "properties": {
        "longtitude": 8.335061666666666,
        "depth": 1.488,
        "temperature": 0.0,
        "time": 1782050752000,
        "timestamp": "2026-06-21T14:05:52",
        "water_level": 0.06,
        "nearest_tide_timestamp": "2026-06-21T14:10:00",
        "tide_correction": 1.548,
        "dataset": "training",
        "utm_epsg": 32632,
        "utm_easting": 446834.13094022725,
        "utm_northing": 4890048.620044245
      }
    },
    {
      "type": "Feature",
      "geometry": {
        "type": "Point",
        "coordinates": [
          446834.8032290513,
          4890049.355131363
        ]
      },
      "properties": {
        "longtitude": 8.33507,
        "depth": 1.665,
        "temperature": 0.0,
        "time": 1782050762000,
        "timestamp": "2026-06-21T14:06:02",
        "water_level": 0.06,
        "nearest_tide_timestamp": "2026-06-21T14:10:00",
        "tide_correction": 1.725,
        "dataset": "training",
        "utm_epsg": 32632,
        "utm_easting": 446834.8032290513,
        "utm_northing": 4890049.355131363
      }
    },
    {
      "type": "Feature",
      "geometry": {
        "type": "Point",
        "coordinates": [
          446966.14303005306,
          4890091.059677142
        ]
      },
      "properties": {
        "longtitude": 8.336708333333332,
        "depth": 3.07,
        "temperature": 0.0,
        "time": 1782050467000,
        "timestamp": "2026-06-21T14:01:07",
        "water_level": 0.06,
        "nearest_tide_timestamp": "2026-06-21T14:00:00",
        "tide_correction": 3.13,
        "dataset": "training",
        "utm_epsg": 32632,
        "utm_easting": 446966.14303005306,
        "utm_northing": 4890091.059677142
      }
    },
    {
      "type": "Feature",
      "geometry": {
        "type": "Point",
        "coordinates": [
          446825.37318446115,
          4890053.319131035
        ]
      },
      "properties": {
        "longtitude": 8.334951666666665,
        "depth": 1.186,
        "temperature": 0.0,
        "time": 1782050860000,
        "timestamp": "2026-06-21T14:07:40",
        "water_level": 0.06,
        "nearest_tide_timestamp": "2026-06-21T14:10:00",
        "tide_correction": 1.246,
        "dataset": "training",
        "utm_epsg": 32632,
        "utm_easting": 446825.37318446115,
        "utm_northing": 4890053.319131035
      }
    },
    {
      "type": "Feature",
      "geometry": {
        "type": "Point",
        "coordinates": [
          446833.4601480782,
          4890048.070075838
        ]
      },
      "properties": {
        "longtitude": 8.335053333333333,
        "depth": 1.603,
        "temperature": 0.0,
        "time": 1782050731000,
        "timestamp": "2026-06-21T14:05:31",
        "water_level": 0.06,
        "nearest_tide_timestamp": "2026-06-21T14:10:00",
        "tide_correction": 1.663,
        "dataset": "training",
        "utm_epsg": 32632,
        "utm_easting": 446833.4601480782,
        "utm_northing": 4890048.070075838
      }
    },
    {
      "type": "Feature",
      "geometry": {
        "type": "Point",
        "coordinates": [
          446924.4555043781,
          4890077.696375095
        ]
      },
      "properties": {
        "longtitude": 8.336188333333332,
        "depth": 2.123,
        "temperature": 0.0,
        "time": 1782050543000,
        "timestamp": "2026-06-21T14:02:23",
        "water_level": 0.06,
        "nearest_tide_timestamp": "2026-06-21T14:00:00",
        "tide_correction": 2.1830000000000003,
        "dataset": "training",
        "utm_epsg": 32632,
        "utm_easting": 446924.4555043781,
        "utm_northing": 4890077.696375095
      }
    },
    {
      "type": "Feature",
      "geometry": {
        "type": "Point",
        "coordinates": [
          446825.10516691644,
          4890053.136167747
        ]
      },
      "properties": {
        "longtitude": 8.334948333333333,
        "depth": 1.041,
        "temperature": 0.0,
        "time": 1782050859000,
        "timestamp": "2026-06-21T14:07:39",
        "water_level": 0.06,
        "nearest_tide_timestamp": "2026-06-21T14:10:00",
        "tide_correction": 1.101,
        "dataset": "training",
        "utm_epsg": 32632,
        "utm_easting": 446825.10516691644,
        "utm_northing": 4890053.136167747
      }
    },
    {
      "type": "Feature",
      "geometry": {
        "type": "Point",
        "coordinates": [
          446824.16485975945,
          4890052.218118364
        ]
      },
      "properties": {
        "longtitude": 8.334936666666666,
        "depth": 0.968,
        "temperature": 0.0,
        "time": 1782050126000,
        "timestamp": "2026-06-21T13:55:26",
        "water_level": 0.06690639269406393,
        "nearest_tide_timestamp": "2026-06-21T14:00:00",
        "tide_correction": 1.0349063926940638,
        "dataset": "training",
        "utm_epsg": 32632,
        "utm_easting": 446824.16485975945,
        "utm_northing": 4890052.218118364
      }
    },
    {
      "type": "Feature",
      "geometry": {
        "type": "Point",
        "coordinates": [
          446852.9281288423,
          4890049.393737178
        ]
      },
      "properties": {
        "longtitude": 8.335296666666666,
        "depth": 1.977,
        "temperature": 0.0,
        "time": 1782050677000,
        "timestamp": "2026-06-21T14:04:37",
        "water_level": 0.06,
        "nearest_tide_timestamp": "2026-06-21T14:00:00",
        "tide_correction": 2.037,
        "dataset": "training",
        "utm_epsg": 32632,
        "utm_easting": 446852.9281288423,
        "utm_northing": 4890049.393737178
      }
    },
    {
      "type": "Feature",
      "geometry": {
        "type": "Point",
        "coordinates": [
          446823.90732180624,
          4890053.330985631
        ]
      },
      "properties": {
        "longtitude": 8.334933333333334,
        "depth": 0.187,
        "temperature": 0.0,
        "time": 1782050115000,
        "timestamp": "2026-06-21T13:55:15",
        "water_level": 0.06715753424657533,
        "nearest_tide_timestamp": "2026-06-21T14:00:00",
        "tide_correction": 0.25415753424657533,
        "dataset": "training",
        "utm_epsg": 32632,
        "utm_easting": 446823.90732180624,
        "utm_northing": 4890053.330985631
      }
    },
    {
      "type": "Feature",
      "geometry": {
        "type": "Point",
        "coordinates": [
          446901.1472221835,
          4890062.888972392
        ]
      },
      "properties": {
        "longtitude": 8.335898333333335,
        "depth": 2.248,
        "temperature": 0.0,
        "time": 1782050592000,
        "timestamp": "2026-06-21T14:03:12",
        "water_level": 0.06,
        "nearest_tide_timestamp": "2026-06-21T14:00:00",
        "tide_correction": 2.3080000000000003,
        "dataset": "training",
        "utm_epsg": 32632,
        "utm_easting": 446901.1472221835,
        "utm_northing": 4890062.888972392
      }
    },
    {
      "type": "Feature",
      "geometry": {
        "type": "Point",
        "coordinates": [
          446831.8864707104,
          4890051.2300230935
        ]
      },
      "properties": {
        "longtitude": 8.335033333333334,
        "depth": 1.311,
        "temperature": 0.0,
        "time": 1782050833000,
        "timestamp": "2026-06-21T14:07:13",
        "water_level": 0.06,
        "nearest_tide_timestamp": "2026-06-21T14:10:00",
        "tide_correction": 1.371,
        "dataset": "training",
        "utm_epsg": 32632,
        "utm_easting": 446831.8864707104,
        "utm_northing": 4890051.2300230935
      }
    },
    {
      "type": "Feature",
      "geometry": {
        "type": "Point",
        "coordinates": [
          446863.469157638,
          4890050.974721185
        ]
      },
      "properties": {
        "longtitude": 8.335428333333335,
        "depth": 2.175,
        "temperature": 0.0,
        "time": 1782050659000,
        "timestamp": "2026-06-21T14:04:19",
        "water_level": 0.06,
        "nearest_tide_timestamp": "2026-06-21T14:00:00",
        "tide_correction": 2.235,
        "dataset": "training",
        "utm_epsg": 32632,
        "utm_easting": 446863.469157638,
        "utm_northing": 4890050.974721185
      }
    },
    {
      "type": "Feature",
      "geometry": {
        "type": "Point",
        "coordinates": [
          446824.44335693354,
          4890053.69691212
        ]
      },
      "properties": {
        "longtitude": 8.33494,
        "depth": 0.26,
        "temperature": 0.0,
        "time": 1782050066000,
        "timestamp": "2026-06-21T13:54:26",
        "water_level": 0.06818721461187215,
        "nearest_tide_timestamp": "2026-06-21T13:50:00",
        "tide_correction": 0.32818721461187217,
        "dataset": "training",
        "utm_epsg": 32632,
        "utm_easting": 446824.44335693354,
        "utm_northing": 4890053.69691212
      }
    },
    {
      "type": "Feature",
      "geometry": {
        "type": "Point",
        "coordinates": [
          446830.5269596941,
          4890031.432026565
        ]
      },
      "properties": {
        "longtitude": 8.335018333333332,
        "depth": 3.039,
        "temperature": 0.0,
        "time": 1782050190000,
        "timestamp": "2026-06-21T13:56:30",
        "water_level": 0.06529908675799087,
        "nearest_tide_timestamp": "2026-06-21T14:00:00",
        "tide_correction": 3.104299086757991,
        "dataset": "training",
        "utm_epsg": 32632,
        "utm_easting": 446830.5269596941,
        "utm_northing": 4890031.432026565
      }
    },
    {
      "type": "Feature",
      "geometry": {
        "type": "Point",
        "coordinates": [
          446897.6690060845,
          4890061.250885178
        ]
      },
      "properties": {
        "longtitude": 8.335855,
        "depth": 2.466,
        "temperature": 0.0,
        "time": 1782050598000,
        "timestamp": "2026-06-21T14:03:18",
        "water_level": 0.06,
        "nearest_tide_timestamp": "2026-06-21T14:00:00",
        "tide_correction": 2.5260000000000002,
        "dataset": "training",
        "utm_epsg": 32632,
        "utm_easting": 446897.6690060845,
        "utm_northing": 4890061.250885178
      }
    },
    {
      "type": "Feature",
      "geometry": {
        "type": "Point",
        "coordinates": [
          446824.572125936,
          4890053.140478494
        ]
      },
      "properties": {
        "longtitude": 8.334941666666667,
        "depth": 0.604,
        "temperature": 0.0,
        "time": 1782050058000,
        "timestamp": "2026-06-21T13:54:18",
        "water_level": 0.06838812785388128,
        "nearest_tide_timestamp": "2026-06-21T13:50:00",
        "tide_correction": 0.6723881278538812,
        "dataset": "training",
        "utm_epsg": 32632,
        "utm_easting": 446824.572125936,
        "utm_northing": 4890053.140478494
      }
    },
    {
      "type": "Feature",
      "geometry": {
        "type": "Point",
        "coordinates": [
          446936.6708821817,
          4890055.567230374
        ]
      },
      "properties": {
        "longtitude": 8.336343333333334,
        "depth": 3.559,
        "temperature": 0.0,
        "time": 1782050385000,
        "timestamp": "2026-06-21T13:59:45",
        "water_level": 0.06040182648401826,
        "nearest_tide_timestamp": "2026-06-21T14:00:00",
        "tide_correction": 3.6194018264840184,
        "dataset": "training",
        "utm_epsg": 32632,
        "utm_easting": 446936.6708821817,
        "utm_northing": 4890055.567230374
      }
    },
    {
      "type": "Feature",
      "geometry": {
        "type": "Point",
        "coordinates": [
          446936.260644118,
          4890054.274626147
        ]
      },
      "properties": {
        "longtitude": 8.336338333333334,
        "depth": 3.466,
        "temperature": 0.0,
        "time": 1782050383000,
        "timestamp": "2026-06-21T13:59:43",
        "water_level": 0.060452054794520545,
        "nearest_tide_timestamp": "2026-06-21T14:00:00",
        "tide_correction": 3.526452054794521,
        "dataset": "training",
        "utm_epsg": 32632,
        "utm_easting": 446936.260644118,
        "utm_northing": 4890054.274626147
      }
    },
    {
      "type": "Feature",
      "geometry": {
        "type": "Point",
        "coordinates": [
          446920.8440422663,
          4890076.059351372
        ]
      },
      "properties": {
        "longtitude": 8.336143333333332,
        "depth": 2.123,
        "temperature": 0.0,
        "time": 1782050550000,
        "timestamp": "2026-06-21T14:02:30",
        "water_level": 0.06,
        "nearest_tide_timestamp": "2026-06-21T14:00:00",
        "tide_correction": 2.1830000000000003,
        "dataset": "training",
        "utm_epsg": 32632,
        "utm_easting": 446920.8440422663,
        "utm_northing": 4890076.059351372
      }
    },
    {
      "type": "Feature",
      "geometry": {
        "type": "Point",
        "coordinates": [
          446825.2474095123,
          4890054.245801931
        ]
      },
      "properties": {
        "longtitude": 8.33495,
        "depth": 0.343,
        "temperature": 0.0,
        "time": 1782050075000,
        "timestamp": "2026-06-21T13:54:35",
        "water_level": 0.06798630136986301,
        "nearest_tide_timestamp": "2026-06-21T13:50:00",
        "tide_correction": 0.410986301369863,
        "dataset": "training",
        "utm_epsg": 32632,
        "utm_easting": 446825.2474095123,
        "utm_northing": 4890054.245801931
      }
    },
    {
      "type": "Feature",
      "geometry": {
        "type": "Point",
        "coordinates": [
          446822.700493986,
          4890052.4150918685
        ]
      },
      "properties": {
        "longtitude": 8.334918333333333,
        "depth": 1.228,
        "temperature": 0.0,
        "time": 1782050000000,
        "timestamp": "2026-06-21T13:53:20",
        "water_level": 0.06964383561643835,
        "nearest_tide_timestamp": "2026-06-21T13:50:00",
        "tide_correction": 1.2976438356164384,
        "dataset": "training",
        "utm_epsg": 32632,
        "utm_easting": 446822.700493986,
        "utm_northing": 4890052.4150918685
      }
    },
    {
      "type": "Feature",
      "geometry": {
        "type": "Point",
        "coordinates": [
          446823.64080132364,
          4890053.3331410475
        ]
      },
      "properties": {
        "longtitude": 8.334930000000002,
        "depth": 0.198,
        "temperature": 0.0,
        "time": 1782050114000,
        "timestamp": "2026-06-21T13:55:14",
        "water_level": 0.06718264840182647,
        "nearest_tide_timestamp": "2026-06-21T14:00:00",
        "tide_correction": 0.2651826484018265,
        "dataset": "training",
        "utm_epsg": 32632,
        "utm_easting": 446823.64080132364,
        "utm_northing": 4890053.3331410475
      }
    },
    {
      "type": "Feature",
      "geometry": {
        "type": "Point",
        "coordinates": [
          446928.6274588974,
          4890049.707963898
        ]
      },
      "properties": {
        "longtitude": 8.336243333333334,
        "depth": 3.57,
        "temperature": 0.0,
        "time": 1782050367000,
        "timestamp": "2026-06-21T13:59:27",
        "water_level": 0.06085388127853881,
        "nearest_tide_timestamp": "2026-06-21T14:00:00",
        "tide_correction": 3.6308538812785387,
        "dataset": "training",
        "utm_epsg": 32632,
        "utm_easting": 446928.6274588974,
        "utm_northing": 4890049.707963898
      }
    },
    {
      "type": "Feature",
      "geometry": {
        "type": "Point",
        "coordinates": [
          446831.7532104279,
          4890051.231100638
        ]
      },
      "properties": {
        "longtitude": 8.335031666666668,
        "depth": 1.29,
        "temperature": 0.0,
        "time": 1782050836000,
        "timestamp": "2026-06-21T14:07:16",
        "water_level": 0.06,
        "nearest_tide_timestamp": "2026-06-21T14:10:00",
        "tide_correction": 1.35,
        "dataset": "training",
        "utm_epsg": 32632,
        "utm_easting": 446831.7532104279,
        "utm_northing": 4890051.231100638
      }
    },
    {
      "type": "Feature",
      "geometry": {
        "type": "Point",
        "coordinates": [
          446825.42111287673,
          4890042.766290745
        ]
      },
      "properties": {
        "longtitude": 8.334953333333335,
        "depth": 1.696,
        "temperature": 0.0,
        "time": 1782050171000,
        "timestamp": "2026-06-21T13:56:11",
        "water_level": 0.06577625570776255,
        "nearest_tide_timestamp": "2026-06-21T14:00:00",
        "tide_correction": 1.7617762557077625,
        "dataset": "training",
        "utm_epsg": 32632,
        "utm_easting": 446825.42111287673,
        "utm_northing": 4890042.766290745
      }
    },
    {
      "type": "Feature",
      "geometry": {
        "type": "Point",
        "coordinates": [
          446834.13094022725,
          4890048.620044245
        ]
      },
      "properties": {
        "longtitude": 8.335061666666666,
        "depth": 1.53,
        "temperature": 0.0,
        "time": 1782050750000,
        "timestamp": "2026-06-21T14:05:50",
        "water_level": 0.06,
        "nearest_tide_timestamp": "2026-06-21T14:10:00",
        "tide_correction": 1.59,
        "dataset": "training",
        "utm_epsg": 32632,
        "utm_easting": 446834.13094022725,
        "utm_northing": 4890048.620044245
      }
    },
    {
      "type": "Feature",
      "geometry": {
        "type": "Point",
        "coordinates": [
          446835.6057845012,
          4890049.718903792
        ]
      },
      "properties": {
        "longtitude": 8.33508,
        "depth": 1.748,
        "temperature": 0.0,
        "time": 1782050801000,
        "timestamp": "2026-06-21T14:06:41",
        "water_level": 0.06,
        "nearest_tide_timestamp": "2026-06-21T14:10:00",
        "tide_correction": 1.808,
        "dataset": "training",
        "utm_epsg": 32632,
        "utm_easting": 446835.6057845012,
        "utm_northing": 4890049.718903792
      }
    },
    {
      "type": "Feature",
      "geometry": {
        "type": "Point",
        "coordinates": [
          446823.110754595,
          4890053.707689201
        ]
      },
      "properties": {
        "longtitude": 8.334923333333334,
        "depth": 0.999,
        "temperature": 0.0,
        "time": 1782049955000,
        "timestamp": "2026-06-21T13:52:35",
        "water_level": 0.07077397260273972,
        "nearest_tide_timestamp": "2026-06-21T13:50:00",
        "tide_correction": 1.0697739726027398,
        "dataset": "training",
        "utm_epsg": 32632,
        "utm_easting": 446823.110754595,
        "utm_northing": 4890053.707689201
      }
    },
    {
      "type": "Feature",
      "geometry": {
        "type": "Point",
        "coordinates": [
          446836.5266327817,
          4890048.230412444
        ]
      },
      "properties": {
        "longtitude": 8.335091666666667,
        "depth": 1.447,
        "temperature": 0.0,
        "time": 1782050708000,
        "timestamp": "2026-06-21T14:05:08",
        "water_level": 0.06,
        "nearest_tide_timestamp": "2026-06-21T14:10:00",
        "tide_correction": 1.5070000000000001,
        "dataset": "training",
        "utm_epsg": 32632,
        "utm_easting": 446836.5266327817,
        "utm_northing": 4890048.230412444
      }
    },
    {
      "type": "Feature",
      "geometry": {
        "type": "Point",
        "coordinates": [
          446823.5180208332,
          4890054.630049269
        ]
      },
      "properties": {
        "longtitude": 8.334928333333332,
        "depth": 0.864,
        "temperature": 0.0,
        "time": 1782049983000,
        "timestamp": "2026-06-21T13:53:03",
        "water_level": 0.07007077625570776,
        "nearest_tide_timestamp": "2026-06-21T13:50:00",
        "tide_correction": 0.9340707762557078,
        "dataset": "training",
        "utm_epsg": 32632,
        "utm_easting": 446823.5180208332,
        "utm_northing": 4890054.630049269
      }
    },
    {
      "type": "Feature",
      "geometry": {
        "type": "Point",
        "coordinates": [
          446949.06524053565,
          4890072.1289812215
        ]
      },
      "properties": {
        "longtitude": 8.336496666666667,
        "depth": 3.237,
        "temperature": 0.0,
        "time": 1782050416000,
        "timestamp": "2026-06-21T14:00:16",
        "water_level": 0.06,
        "nearest_tide_timestamp": "2026-06-21T14:00:00",
        "tide_correction": 3.297,
        "dataset": "training",
        "utm_epsg": 32632,
        "utm_easting": 446949.06524053565,
        "utm_northing": 4890072.1289812215
      }
    },
    {
      "type": "Feature",
      "geometry": {
        "type": "Point",
        "coordinates": [
          446836.3066127522,
          4890021.0179726
        ]
      },
      "properties": {
        "longtitude": 8.335091666666667,
        "depth": 3.486,
        "temperature": 0.0,
        "time": 1782050217000,
        "timestamp": "2026-06-21T13:56:57",
        "water_level": 0.06462100456621005,
        "nearest_tide_timestamp": "2026-06-21T14:00:00",
        "tide_correction": 3.55062100456621,
        "dataset": "training",
        "utm_epsg": 32632,
        "utm_easting": 446836.3066127522,
        "utm_northing": 4890021.0179726
      }
    },
    {
      "type": "Feature",
      "geometry": {
        "type": "Point",
        "coordinates": [
          446868.6604568443,
          4890033.715613675
        ]
      },
      "properties": {
        "longtitude": 8.335495,
        "depth": 3.247,
        "temperature": 0.0,
        "time": 1782050267000,
        "timestamp": "2026-06-21T13:57:47",
        "water_level": 0.06336529680365297,
        "nearest_tide_timestamp": "2026-06-21T14:00:00",
        "tide_correction": 3.3103652968036528,
        "dataset": "training",
        "utm_epsg": 32632,
        "utm_easting": 446868.6604568443,
        "utm_northing": 4890033.715613675
      }
    },
    {
      "type": "Feature",
      "geometry": {
        "type": "Point",
        "coordinates": [
          446867.6047139807,
          4890051.496694413
        ]
      },
      "properties": {
        "longtitude": 8.335479999999999,
        "depth": 2.664,
        "temperature": 0.0,
        "time": 1782050651000,
        "timestamp": "2026-06-21T14:04:11",
        "water_level": 0.06,
        "nearest_tide_timestamp": "2026-06-21T14:00:00",
        "tide_correction": 2.724,
        "dataset": "training",
        "utm_epsg": 32632,
        "utm_easting": 446867.6047139807,
        "utm_northing": 4890051.496694413
      }
    },
    {
      "type": "Feature",
      "geometry": {
        "type": "Point",
        "coordinates": [
          446928.08041225316,
          4890080.999468645
        ]
      },
      "properties": {
        "longtitude": 8.336233333333332,
        "depth": 2.217,
        "temperature": 0.0,
        "time": 1782050535000,
        "timestamp": "2026-06-21T14:02:15",
        "water_level": 0.06,
        "nearest_tide_timestamp": "2026-06-21T14:00:00",
        "tide_correction": 2.277,
        "dataset": "training",
        "utm_epsg": 32632,
        "utm_easting": 446928.08041225316,
        "utm_northing": 4890080.999468645
      }
    },
    {
      "type": "Feature",
      "geometry": {
        "type": "Point",
        "coordinates": [
          446903.01884215605,
          4890063.6143812565
        ]
      },
      "properties": {
        "longtitude": 8.335921666666668,
        "depth": 2.217,
        "temperature": 0.0,
        "time": 1782050587000,
        "timestamp": "2026-06-21T14:03:07",
        "water_level": 0.06,
        "nearest_tide_timestamp": "2026-06-21T14:00:00",
        "tide_correction": 2.277,
        "dataset": "training",
        "utm_epsg": 32632,
        "utm_easting": 446903.01884215605,
        "utm_northing": 4890063.6143812565
      }
    },
    {
      "type": "Feature",
      "geometry": {
        "type": "Point",
        "coordinates": [
          446885.90772698197,
          4890057.087873441
        ]
      },
      "properties": {
        "longtitude": 8.335708333333335,
        "depth": 2.352,
        "temperature": 0.0,
        "time": 1782050619000,
        "timestamp": "2026-06-21T14:03:39",
        "water_level": 0.06,
        "nearest_tide_timestamp": "2026-06-21T14:00:00",
        "tide_correction": 2.412,
        "dataset": "training",
        "utm_epsg": 32632,
        "utm_easting": 446885.90772698197,
        "utm_northing": 4890057.087873441
      }
    },
    {
      "type": "Feature",
      "geometry": {
        "type": "Point",
        "coordinates": [
          446880.3003319272,
          4890055.837256195
        ]
      },
      "properties": {
        "longtitude": 8.335638333333332,
        "depth": 2.009,
        "temperature": 0.0,
        "time": 1782050628000,
        "timestamp": "2026-06-21T14:03:48",
        "water_level": 0.06,
        "nearest_tide_timestamp": "2026-06-21T14:00:00",
        "tide_correction": 2.069,
        "dataset": "training",
        "utm_epsg": 32632,
        "utm_easting": 446880.3003319272,
        "utm_northing": 4890055.837256195
      }
    },
    {
      "type": "Feature",
      "geometry": {
        "type": "Point",
        "coordinates": [
          446842.3033529855,
          4890020.969490155
        ]
      },
      "properties": {
        "longtitude": 8.335166666666668,
        "depth": 3.674,
        "temperature": 0.0,
        "time": 1782050226000,
        "timestamp": "2026-06-21T13:57:06",
        "water_level": 0.06439497716894976,
        "nearest_tide_timestamp": "2026-06-21T14:00:00",
        "tide_correction": 3.7383949771689498,
        "dataset": "training",
        "utm_epsg": 32632,
        "utm_easting": 446842.3033529855,
        "utm_northing": 4890020.969490155
      }
    },
    {
      "type": "Feature",
      "geometry": {
        "type": "Point",
        "coordinates": [
          446908.1200911721,
          4890068.201457426
        ]
      },
      "properties": {
        "longtitude": 8.335984999999999,
        "depth": 2.477,
        "temperature": 0.0,
        "time": 1782050574000,
        "timestamp": "2026-06-21T14:02:54",
        "water_level": 0.06,
        "nearest_tide_timestamp": "2026-06-21T14:00:00",
        "tide_correction": 2.537,
        "dataset": "training",
        "utm_epsg": 32632,
        "utm_easting": 446908.1200911721,
        "utm_northing": 4890068.201457426
      }
    },
    {
      "type": "Feature",
      "geometry": {
        "type": "Point",
        "coordinates": [
          446865.04596459796,
          4890031.708383112
        ]
      },
      "properties": {
        "longtitude": 8.33545,
        "depth": 3.174,
        "temperature": 0.0,
        "time": 1782050261000,
        "timestamp": "2026-06-21T13:57:41",
        "water_level": 0.06351598173515982,
        "nearest_tide_timestamp": "2026-06-21T14:00:00",
        "tide_correction": 3.23751598173516,
        "dataset": "training",
        "utm_epsg": 32632,
        "utm_easting": 446865.04596459796,
        "utm_northing": 4890031.708383112
      }
    },
    {
      "type": "Feature",
      "geometry": {
        "type": "Point",
        "coordinates": [
          446933.5804999828,
          4890052.444948829
        ]
      },
      "properties": {
        "longtitude": 8.336305000000001,
        "depth": 3.59,
        "temperature": 0.0,
        "time": 1782050378000,
        "timestamp": "2026-06-21T13:59:38",
        "water_level": 0.060577625570776256,
        "nearest_tide_timestamp": "2026-06-21T14:00:00",
        "tide_correction": 3.6505776255707763,
        "dataset": "training",
        "utm_epsg": 32632,
        "utm_easting": 446933.5804999828,
        "utm_northing": 4890052.444948829
      }
    },
    {
      "type": "Feature",
      "geometry": {
        "type": "Point",
        "coordinates": [
          446823.63930422027,
          4890053.148022402
        ]
      },
      "properties": {
        "longtitude": 8.334930000000002,
        "depth": 0.229,
        "temperature": 0.0,
        "time": 1782050113000,
        "timestamp": "2026-06-21T13:55:13",
        "water_level": 0.06720776255707762,
        "nearest_tide_timestamp": "2026-06-21T14:00:00",
        "tide_correction": 0.29620776255707765,
        "dataset": "training",
        "utm_epsg": 32632,
        "utm_easting": 446823.63930422027,
        "utm_northing": 4890053.148022402
      }
    },
    {
      "type": "Feature",
      "geometry": {
        "type": "Point",
        "coordinates": [
          446833.46314172726,
          4890048.440313122
        ]
      },
      "properties": {
        "longtitude": 8.335053333333333,
        "depth": 1.499,
        "temperature": 0.0,
        "time": 1782050744000,
        "timestamp": "2026-06-21T14:05:44",
        "water_level": 0.06,
        "nearest_tide_timestamp": "2026-06-21T14:10:00",
        "tide_correction": 1.5590000000000002,
        "dataset": "training",
        "utm_epsg": 32632,
        "utm_easting": 446833.46314172726,
        "utm_northing": 4890048.440313122
      }
    },
    {
      "type": "Feature",
      "geometry": {
        "type": "Point",
        "coordinates": [
          446893.79549332126,
          4890060.171384583
        ]
      },
      "properties": {
        "longtitude": 8.335806666666667,
        "depth": 2.404,
        "temperature": 0.0,
        "time": 1782050604000,
        "timestamp": "2026-06-21T14:03:24",
        "water_level": 0.06,
        "nearest_tide_timestamp": "2026-06-21T14:00:00",
        "tide_correction": 2.464,
        "dataset": "training",
        "utm_epsg": 32632,
        "utm_easting": 446893.79549332126,
        "utm_northing": 4890060.171384583
      }
    }
  ]
}